lang,date,n_dreams,sentiment_mean,p_positive_mean,p_negative_mean
all,2023-01-20,1.0,,,
all,2023-04-15,1.0,,,
all,2023-05-08,1.0,,,
all,2023-05-09,1.0,,,
all,2023-06-26,1.0,,,
all,2023-07-12,1.0,,,
all,2023-07-22,1.0,,,
all,2023-08-01,1.0,,,
all,2023-08-14,1.0,,,
all,2023-09-14,1.0,,,
all,2023-09-23,1.0,,,
all,2023-09-25,2.0,,,
all,2023-09-28,2.0,,,
all,2023-10-02,1.0,,,
all,2023-10-03,1.0,,,
all,2023-10-05,5.0,,,
all,2023-10-06,1.0,,,
all,2023-10-07,1.0,,,
all,2023-10-08,1.0,,,
all,2023-10-09,1.0,,,
all,2023-10-10,2.0,,,
all,2023-10-11,6.0,,,
all,2023-10-13,7.0,,,
all,2023-10-14,2.0,,,
all,2023-10-15,1.0,,,
all,2023-10-16,4.0,,,
all,2023-10-17,1.0,,,
all,2023-10-18,3.0,,,
all,2023-10-19,1.0,,,
all,2023-10-20,1.0,,,
all,2023-10-21,4.0,,,
all,2023-10-22,2.0,,,
all,2023-10-23,1.0,,,
all,2023-10-24,2.0,,,
all,2023-10-25,2.0,,,
all,2023-10-26,3.0,,,
all,2023-10-27,1.0,,,
all,2023-10-28,2.0,,,
all,2023-10-29,3.0,,,
all,2023-10-30,2.0,,,
all,2023-10-31,1.0,,,
all,2023-11-01,2.0,,,
all,2023-11-02,3.0,,,
all,2023-11-03,2.0,,,
all,2023-11-04,1.0,,,
all,2023-11-05,1.0,,,
all,2023-11-06,1.0,,,
all,2023-11-07,2.0,,,
all,2023-11-08,5.0,,,
all,2023-11-09,3.0,,,
all,2023-11-10,3.0,,,
all,2023-11-11,4.0,,,
all,2023-11-12,6.0,,,
all,2023-11-13,4.0,,,
all,2023-11-14,2.0,,,
all,2023-11-15,2.0,,,
all,2023-11-16,4.0,,,
all,2023-11-17,4.0,,,
all,2023-11-18,2.0,,,
all,2023-11-19,1.0,,,
all,2023-11-20,5.0,,,
all,2023-11-21,4.0,,,
all,2023-11-22,3.0,,,
all,2023-11-23,4.0,,,
all,2023-11-24,3.0,,,
all,2023-11-25,3.0,,,
all,2023-11-26,4.0,,,
all,2023-11-27,3.0,,,
all,2023-11-28,2.0,,,
all,2023-11-29,3.0,,,
all,2023-11-30,4.0,,,
all,2023-12-01,8.0,,,
all,2023-12-02,4.0,,,
all,2023-12-03,6.0,,,
all,2023-12-04,3.0,,,
all,2023-12-05,7.0,,,
all,2023-12-06,7.0,,,
all,2023-12-07,5.0,,,
all,2023-12-08,3.0,,,
all,2023-12-09,3.0,,,
all,2023-12-10,4.0,,,
all,2023-12-11,5.0,,,
all,2023-12-12,4.0,,,
all,2023-12-13,4.0,,,
all,2023-12-14,2.0,,,
all,2023-12-15,2.0,,,
all,2023-12-16,2.0,,,
all,2023-12-17,1.0,,,
all,2023-12-18,1.0,,,
all,2023-12-19,2.0,,,
all,2023-12-20,5.0,,,
all,2023-12-21,1.0,,,
all,2023-12-22,1.0,,,
all,2023-12-23,2.0,,,
all,2023-12-24,1.0,,,
all,2023-12-25,2.0,,,
all,2023-12-26,5.0,,,
all,2023-12-27,4.0,,,
all,2023-12-28,3.0,,,
all,2023-12-29,3.0,,,
all,2023-12-30,1.0,,,
all,2023-12-31,1.0,,,
all,2024-01-01,2.0,,,
all,2024-01-02,2.0,,,
all,2024-01-03,2.0,,,
all,2024-01-04,5.0,,,
all,2024-01-05,1.0,,,
all,2024-01-07,2.0,,,
all,2024-01-08,5.0,,,
all,2024-01-09,2.0,,,
all,2024-01-10,4.0,,,
all,2024-01-11,3.0,,,
all,2024-01-12,1.0,,,
all,2024-01-13,4.0,,,
all,2024-01-14,3.0,,,
all,2024-01-15,3.0,,,
all,2024-01-16,3.0,,,
all,2024-01-17,5.0,,,
all,2024-01-19,5.0,,,
all,2024-01-20,3.0,,,
all,2024-01-21,4.0,,,
all,2024-01-22,5.0,,,
all,2024-01-23,6.0,,,
all,2024-01-24,6.0,,,
all,2024-01-25,2.0,,,
all,2024-01-26,2.0,,,
all,2024-01-27,6.0,,,
all,2024-01-28,3.0,,,
all,2024-01-29,4.0,,,
all,2024-01-30,3.0,,,
all,2024-01-31,2.0,,,
all,2024-02-01,5.0,,,
all,2024-02-02,6.0,,,
all,2024-02-03,5.0,,,
all,2024-02-04,5.0,,,
all,2024-02-05,5.0,,,
all,2024-02-06,3.0,,,
all,2024-02-07,6.0,,,
all,2024-02-08,4.0,,,
all,2024-02-09,4.0,,,
all,2024-02-10,7.0,,,
all,2024-02-11,4.0,,,
all,2024-02-12,2.0,,,
all,2024-02-13,2.0,,,
all,2024-02-14,5.0,,,
all,2024-02-15,5.0,,,
all,2024-02-16,5.0,,,
all,2024-02-17,3.0,,,
all,2024-02-18,6.0,,,
all,2024-02-19,4.0,,,
all,2024-02-20,5.0,,,
all,2024-02-21,2.0,,,
all,2024-02-22,5.0,,,
all,2024-02-23,2.0,,,
all,2024-02-24,3.0,,,
all,2024-02-25,3.0,,,
all,2024-02-26,4.0,,,
all,2024-02-27,4.0,,,
all,2024-02-28,5.0,,,
all,2024-02-29,1.0,,,
all,2024-03-01,4.0,,,
all,2024-03-02,8.0,,,
all,2024-03-03,3.0,,,
all,2024-03-04,5.0,,,
all,2024-03-05,4.0,,,
all,2024-03-06,3.0,,,
all,2024-03-07,2.0,,,
all,2024-03-08,3.0,,,
all,2024-03-09,1.0,,,
all,2024-03-10,1.0,,,
all,2024-03-11,3.0,,,
all,2024-03-12,4.0,,,
all,2024-03-14,3.0,,,
all,2024-03-15,2.0,,,
all,2024-03-16,2.0,,,
all,2024-03-17,3.0,,,
all,2024-03-18,1.0,,,
all,2024-03-19,4.0,,,
all,2024-03-20,2.0,,,
all,2024-03-21,14.0,,,
all,2024-03-22,5.0,,,
all,2024-03-23,2.0,,,
all,2024-03-24,4.0,,,
all,2024-03-25,70.0,-0.1911648765472429,0.1956988557907087,0.3868637323379517
all,2024-03-26,36.0,-0.310759260940055,0.1712791207763883,0.4820383817164434
all,2024-03-27,23.0,-0.0852349170119218,0.2206563661684808,0.3058912831804026
all,2024-03-28,9.0,,,
all,2024-03-29,17.0,,,
all,2024-03-30,21.0,-0.2236667706941565,0.189502124408526,0.4131688951026825
all,2024-03-31,21.0,-0.3586227742156812,0.1536098185571885,0.5122325927728698
all,2024-04-01,14.0,,,
all,2024-04-02,11.0,,,
all,2024-04-03,10.0,,,
all,2024-04-04,11.0,,,
all,2024-04-05,8.0,,,
all,2024-04-06,12.0,,,
all,2024-04-07,8.0,,,
all,2024-04-08,13.0,,,
all,2024-04-09,17.0,,,
all,2024-04-10,11.0,,,
all,2024-04-11,16.0,,,
all,2024-04-12,5.0,,,
all,2024-04-13,12.0,,,
all,2024-04-14,6.0,,,
all,2024-04-15,8.0,,,
all,2024-04-16,13.0,,,
all,2024-04-17,9.0,,,
all,2024-04-18,9.0,,,
all,2024-04-19,16.0,,,
all,2024-04-20,15.0,,,
all,2024-04-21,11.0,,,
all,2024-04-22,15.0,,,
all,2024-04-23,16.0,,,
all,2024-04-24,34.0,-0.297866376609925,0.1631640689447521,0.4610304455546772
all,2024-04-25,12.0,,,
all,2024-04-26,28.0,-0.2275640578009188,0.1936782404913433,0.4212422982922622
all,2024-04-27,22.0,-0.1666535096751018,0.1932226509194482,0.35987616059455
all,2024-04-28,16.0,,,
all,2024-04-29,19.0,,,
all,2024-04-30,12.0,,,
all,2024-05-01,13.0,,,
all,2024-05-02,13.0,,,
all,2024-05-03,14.0,,,
all,2024-05-04,15.0,,,
all,2024-05-05,19.0,,,
all,2024-05-06,5.0,,,
all,2024-05-07,16.0,,,
all,2024-05-08,11.0,,,
all,2024-05-09,20.0,-0.3150758719537407,0.1794940441381186,0.4945699160918593
all,2024-05-10,14.0,,,
all,2024-05-11,8.0,,,
all,2024-05-12,12.0,,,
all,2024-05-13,13.0,,,
all,2024-05-14,14.0,,,
all,2024-05-15,15.0,,,
all,2024-05-16,25.0,-0.2604783909767866,0.1949601711332798,0.4554385621100664
all,2024-05-17,27.0,-0.3145695013787459,0.1720003579846686,0.4865698593634146
all,2024-05-18,17.0,,,
all,2024-05-19,32.0,-0.3291552425944246,0.1671632180805317,0.4963184606749564
all,2024-05-20,21.0,-0.2603168763841192,0.1624915052116626,0.4228083815957819
all,2024-05-21,15.0,,,
all,2024-05-22,16.0,,,
all,2024-05-23,20.0,-0.2167027062736451,0.1754538952372967,0.392156601510942
all,2024-05-24,27.0,-0.2982630195717017,0.1483383064192754,0.4466013259909771
all,2024-05-25,16.0,,,
all,2024-05-26,20.0,-0.2237224966287612,0.178034227527678,0.4017567241564393
all,2024-05-27,14.0,,,
all,2024-05-28,23.0,-0.3236789290347825,0.1477468641393858,0.4714257931741683
all,2024-05-29,20.0,-0.1855516066774725,0.1826628467068076,0.3682144533842802
all,2024-05-30,9.0,,,
all,2024-05-31,12.0,,,
all,2024-06-01,23.0,-0.1372852076816818,0.2454855817815531,0.382770789463235
all,2024-06-02,16.0,,,
all,2024-06-03,19.0,,,
all,2024-06-04,17.0,,,
all,2024-06-05,17.0,,,
all,2024-06-06,21.0,-0.2579678412349451,0.1635336324217773,0.4215014736567224
all,2024-06-07,9.0,,,
all,2024-06-08,31.0,-0.2160587318602108,0.1846392720096534,0.4006980038698642
all,2024-06-09,15.0,,,
all,2024-06-10,32.0,-0.2515495574916713,0.1555969501496292,0.4071465076413005
all,2024-06-11,25.0,-0.2020333461463451,0.1917483185231685,0.3937816646695137
all,2024-06-12,25.0,-0.2425920888036489,0.2062537915259599,0.4488458803296089
all,2024-06-13,22.0,-0.2452672308480197,0.1712472433732314,0.4165144742212512
all,2024-06-14,27.0,-0.3010146831058793,0.1503222779957232,0.4513369611016026
all,2024-06-15,37.0,-0.20224059420965,0.2013870523235685,0.4036276465332186
all,2024-06-16,26.0,-0.3841783728880378,0.1283200302232916,0.5124984031113294
all,2024-06-17,18.0,,,
all,2024-06-18,10.0,,,
all,2024-06-19,17.0,,,
all,2024-06-20,22.0,-0.13062237795781,0.2311178120699795,0.3617401900277896
all,2024-06-21,20.0,-0.2397751809563487,0.1817171609494834,0.4214923419058323
all,2024-06-22,11.0,,,
all,2024-06-23,22.0,-0.2893040503629229,0.1777214467186819,0.4670254970816048
all,2024-06-24,19.0,,,
all,2024-06-25,28.0,-0.227581403617348,0.1759330265756164,0.4035144301929644
all,2024-06-26,22.0,-0.1514689138328487,0.2227399500764228,0.3742088639092716
all,2024-06-27,17.0,,,
all,2024-06-28,22.0,-0.4094984522936019,0.1240964496338909,0.5335949019274928
all,2024-06-29,10.0,,,
all,2024-06-30,25.0,-0.1775776629522442,0.1994855053350329,0.3770631682872772
all,2024-07-01,10.0,,,
all,2024-07-02,17.0,,,
all,2024-07-03,14.0,,,
all,2024-07-04,18.0,,,
all,2024-07-05,13.0,,,
all,2024-07-06,21.0,-0.3327859510623273,0.1537436420718828,0.4865295931342102
all,2024-07-07,13.0,,,
all,2024-07-08,8.0,,,
all,2024-07-09,21.0,-0.3309476417711093,0.1428083760131682,0.4737560177842776
all,2024-07-10,13.0,,,
all,2024-07-11,8.0,,,
all,2024-07-12,11.0,,,
all,2024-07-13,20.0,-0.0857280897907912,0.2404115178622305,0.3261396076530218
all,2024-07-14,14.0,,,
all,2024-07-15,14.0,,,
all,2024-07-16,11.0,,,
all,2024-07-17,14.0,,,
all,2024-07-18,15.0,,,
all,2024-07-19,23.0,-0.2608221981512463,0.1541524061366267,0.4149746042878731
all,2024-07-20,21.0,-0.3821384804766802,0.1359674207688796,0.51810590124556
all,2024-07-21,22.0,-0.2387598813088103,0.1903326635841619,0.4290925448929721
all,2024-07-22,14.0,,,
all,2024-07-23,20.0,-0.3313857624307275,0.1350007927045226,0.46638655513525
all,2024-07-24,16.0,,,
all,2024-07-25,15.0,,,
all,2024-07-26,17.0,,,
all,2024-07-27,15.0,,,
all,2024-07-28,10.0,,,
all,2024-07-29,20.0,-0.0717649006284773,0.2582048934884369,0.3299697941169143
all,2024-07-30,14.0,,,
all,2024-07-31,23.0,-0.3482442707147287,0.1305370688762353,0.4787813395909641
all,2024-08-01,13.0,,,
all,2024-08-02,17.0,,,
all,2024-08-03,10.0,,,
all,2024-08-04,14.0,,,
all,2024-08-05,12.0,,,
all,2024-08-06,21.0,-0.2320107264621626,0.1856638594486173,0.4176745859107801
all,2024-08-07,19.0,,,
all,2024-08-08,25.0,-0.2119052718952298,0.1919053454324603,0.4038106173276901
all,2024-08-09,21.0,-0.2946305463888815,0.1804183289586078,0.4750488753474894
all,2024-08-10,43.0,-0.3651404759391796,0.1194956036674421,0.4846360796066217
all,2024-08-11,26.0,-0.354103436299528,0.169506764361778,0.5236102006613061
all,2024-08-12,34.0,-0.3866150648442699,0.1262601077392258,0.5128751725834959
all,2024-08-13,36.0,-0.2442861549142334,0.1772008771076798,0.4214870320219133
all,2024-08-14,46.0,-0.2486388035847441,0.2006338309172703,0.4492726345020144
all,2024-08-15,30.0,-0.3039291826697687,0.1734356099118788,0.4773647925816476
all,2024-08-16,20.0,-0.2711810294538736,0.1699714750051498,0.4411525044590235
all,2024-08-17,35.0,-0.2584154785477689,0.2211887589788862,0.4796042375266552
all,2024-08-18,23.0,-0.2927883886934622,0.1406759667493726,0.4334643554428349
all,2024-08-19,16.0,,,
all,2024-08-20,17.0,,,
all,2024-08-21,27.0,-0.2422560563793888,0.1861138633555836,0.4283699197349725
all,2024-08-22,23.0,-0.1581071367406326,0.2536839069393666,0.4117910436799992
all,2024-08-23,10.0,,,
all,2024-08-24,29.0,-0.2625440572356355,0.1564287324917727,0.4189727897274083
all,2024-08-25,17.0,,,
all,2024-08-26,17.0,,,
all,2024-08-27,19.0,,,
all,2024-08-28,25.0,-0.3405676903948187,0.1505030712857842,0.491070761680603
all,2024-08-29,22.0,-0.2288231778551231,0.2200890942053361,0.4489122720604593
all,2024-08-30,15.0,,,
all,2024-08-31,17.0,,,
all,2024-09-01,25.0,-0.2973908154666423,0.164493244215846,0.4618840596824884
all,2024-09-02,15.0,,,
all,2024-09-03,21.0,-0.1012425644411927,0.2219224006292365,0.3231649650704293
all,2024-09-04,18.0,,,
all,2024-09-05,31.0,-0.3360599303738244,0.161898601289478,0.4979585316633024
all,2024-09-06,26.0,-0.2623334077831644,0.1889157518028066,0.4512491595859711
all,2024-09-07,27.0,-0.1296538604354417,0.2400383122817233,0.3696921727171651
all,2024-09-08,19.0,,,
all,2024-09-09,20.0,-0.2423746463377028,0.2239064644556492,0.4662811107933521
all,2024-09-10,16.0,,,
all,2024-09-11,22.0,-0.2844093378040601,0.1863271248188208,0.4707364626228809
all,2024-09-12,16.0,,,
all,2024-09-13,20.0,-0.2105910287238657,0.1808166157454252,0.391407644469291
all,2024-09-14,23.0,-0.224823750231577,0.1931607250286185,0.4179844752601955
all,2024-09-15,18.0,,,
all,2024-09-16,19.0,,,
all,2024-09-17,11.0,,,
all,2024-09-18,25.0,-0.1605815618112683,0.2325313507393002,0.3931129125505685
all,2024-09-19,19.0,,,
all,2024-09-20,19.0,,,
all,2024-09-21,28.0,-0.2507221102714538,0.1644228614334549,0.4151449717049087
all,2024-09-22,16.0,,,
all,2024-09-23,13.0,,,
all,2024-09-24,16.0,,,
all,2024-09-25,24.0,-0.3476315238513052,0.1547744610967735,0.5024059849480788
all,2024-09-26,18.0,,,
all,2024-09-27,18.0,,,
all,2024-09-28,10.0,,,
all,2024-09-29,20.0,-0.4084258058108389,0.1235688644461333,0.5319946702569723
all,2024-09-30,18.0,,,
all,2024-10-01,29.0,-0.1128961659710982,0.2217425459931636,0.3346387119642619
all,2024-10-02,18.0,,,
all,2024-10-03,13.0,,,
all,2024-10-04,14.0,,,
all,2024-10-05,14.0,,,
all,2024-10-06,21.0,-0.2994071959650942,0.1565100233558387,0.455917219320933
all,2024-10-07,24.0,-0.140170842098693,0.205037947744131,0.3452087898428241
all,2024-10-08,23.0,-0.174878710799891,0.2437734694584556,0.4186521802583466
all,2024-10-09,21.0,-0.3370213948545001,0.1540834197685831,0.4911048146230833
all,2024-10-10,18.0,,,
all,2024-10-11,18.0,,,
all,2024-10-12,22.0,-0.2778931747359985,0.20550119406967,0.4833943688056685
all,2024-10-13,27.0,-0.3243282194490786,0.1215127615465058,0.4458409809955844
all,2024-10-14,25.0,-0.5169412348419428,0.0891499146074056,0.6060911494493485
all,2024-10-15,23.0,-0.209257282073731,0.2025158456324234,0.4117731277061545
all,2024-10-16,41.0,-0.2618618494172285,0.1904854996856756,0.4523473491029041
all,2024-10-17,20.0,-0.2025477189570665,0.2008105065673589,0.4033582255244255
all,2024-10-18,15.0,,,
all,2024-10-19,19.0,,,
all,2024-10-20,29.0,-0.2782295131734733,0.1689562739740157,0.4471857871474891
all,2024-10-21,20.0,-0.2229125721380114,0.1850267751142382,0.4079393472522497
all,2024-10-22,13.0,,,
all,2024-10-23,22.0,-0.2778708070347255,0.1689530808309262,0.4468238878656517
all,2024-10-24,17.0,,,
all,2024-10-25,16.0,,,
all,2024-10-26,28.0,-0.4211267013036247,0.1324132914056202,0.553539992709245
all,2024-10-27,13.0,,,
all,2024-10-28,21.0,-0.3873433686260666,0.1304661197853939,0.5178094884114606
all,2024-10-29,15.0,,,
all,2024-10-30,11.0,,,
all,2024-10-31,10.0,,,
all,2024-11-01,26.0,-0.2440071322310429,0.1941947891161991,0.4382019213472421
all,2024-11-02,15.0,,,
all,2024-11-03,14.0,,,
all,2024-11-04,18.0,,,
all,2024-11-05,11.0,,,
all,2024-11-06,25.0,-0.277766666226089,0.1671678044274449,0.4449344706535339
all,2024-11-07,14.0,,,
all,2024-11-08,15.0,,,
all,2024-11-09,13.0,,,
all,2024-11-10,17.0,,,
all,2024-11-11,14.0,,,
all,2024-11-12,13.0,,,
all,2024-11-13,22.0,-0.3752717587419532,0.1168243680149316,0.4920961267568848
all,2024-11-14,27.0,-0.1424958931489123,0.230784675175393,0.3732805683243054
all,2024-11-15,17.0,,,
all,2024-11-16,19.0,,,
all,2024-11-17,23.0,-0.2764194615023291,0.1714044066712907,0.4478238681736199
all,2024-11-18,19.0,,,
all,2024-11-19,19.0,,,
all,2024-11-20,21.0,-0.2181269710972195,0.1828067639753932,0.4009337350726127
all,2024-11-21,20.0,-0.2457817483693361,0.1576287552714347,0.4034105036407709
all,2024-11-22,15.0,,,
all,2024-11-23,21.0,-0.3624286457364048,0.1350914597333896,0.4975201054697945
all,2024-11-24,24.0,-0.1698376115721961,0.2057110209328433,0.3755486325050394
all,2024-11-25,15.0,,,
all,2024-11-26,15.0,,,
all,2024-11-27,18.0,,,
all,2024-11-28,25.0,-0.4042525774985552,0.12350952796638,0.5277621054649353
all,2024-11-29,24.0,-0.2296195704645166,0.1993547026844074,0.4289742731489241
all,2024-11-30,21.0,-0.2299480471937429,0.1932446367683865,0.4231926839621294
all,2024-12-01,15.0,,,
all,2024-12-02,13.0,,,
all,2024-12-03,17.0,,,
all,2024-12-04,10.0,,,
all,2024-12-05,23.0,-0.2735808154811029,0.1720257589350575,0.4456065744161606
all,2024-12-06,18.0,,,
all,2024-12-07,12.0,,,
all,2024-12-08,17.0,,,
all,2024-12-09,12.0,,,
all,2024-12-10,22.0,-0.261810058558529,0.1867212251844731,0.4485312837430022
all,2024-12-11,22.0,-0.275583183477548,0.1734353277662938,0.4490185112438418
all,2024-12-12,15.0,,,
all,2024-12-13,20.0,-0.1613788384012878,0.2111021620221436,0.3724810004234314
all,2024-12-14,22.0,-0.2045092700387943,0.1906042855063622,0.3951135555451566
all,2024-12-15,17.0,,,
all,2024-12-16,19.0,,,
all,2024-12-17,20.0,-0.1758868437260389,0.1812139671295881,0.357100810855627
all,2024-12-18,21.0,-0.2128726925168718,0.1684008297466096,0.3812735222634815
all,2024-12-19,19.0,,,
all,2024-12-20,12.0,,,
all,2024-12-21,10.0,,,
all,2024-12-22,17.0,,,
all,2024-12-23,17.0,,,
all,2024-12-24,13.0,,,
all,2024-12-25,20.0,-0.1518275754526257,0.2065102170221507,0.3583377924747765
all,2024-12-26,16.0,,,
all,2024-12-27,16.0,,,
all,2024-12-28,13.0,,,
all,2024-12-29,16.0,,,
all,2024-12-30,25.0,-0.3202137581259012,0.181056992933154,0.5012707510590553
all,2024-12-31,17.0,,,
all,2025-01-01,11.0,,,
all,2025-01-02,36.0,-0.3224972340588768,0.1378403884462183,0.4603376225050952
all,2025-01-03,17.0,,,
all,2025-01-04,16.0,,,
all,2025-01-05,19.0,,,
all,2025-01-06,31.0,-0.1409097974819521,0.2211693119137517,0.362079109395704
all,2025-01-07,13.0,,,
all,2025-01-08,19.0,,,
all,2025-01-09,16.0,,,
all,2025-01-10,21.0,-0.2040886910898345,0.1781096965784117,0.3821983876682463
all,2025-01-11,24.0,-0.2004521341683963,0.1820535437824824,0.3825056779508789
all,2025-01-12,16.0,,,
all,2025-01-13,18.0,,,
all,2025-01-14,24.0,-0.0593937458470463,0.2199140546532968,0.2793078005003432
all,2025-01-15,27.0,-0.1271999820514961,0.2363182656742908,0.363518247725787
all,2025-01-16,13.0,,,
all,2025-01-17,17.0,,,
all,2025-01-18,15.0,,,
all,2025-01-19,12.0,,,
all,2025-01-20,15.0,,,
all,2025-01-21,19.0,,,
all,2025-01-22,23.0,-0.2046517828560393,0.1983638075382812,0.4030155903943207
all,2025-01-23,24.0,-0.2998301829987516,0.1602832744053254,0.460113457404077
all,2025-01-24,24.0,-0.1368957403271148,0.2181736188164601,0.355069359143575
all,2025-01-25,20.0,-0.3089208886958658,0.1654950282536446,0.4744159169495106
all,2025-01-26,41.0,-0.3647307747656979,0.1391189545847293,0.5038497293504273
all,2025-01-27,20.0,-0.1352226862683892,0.2280355600640177,0.363258246332407
all,2025-01-28,17.0,,,
all,2025-01-29,21.0,-0.3639234629947515,0.1442321341129995,0.508155597107751
all,2025-01-30,23.0,-0.3041423457148282,0.1634705584982167,0.4676129042130449
all,2025-01-31,19.0,,,
all,2025-02-01,25.0,-0.1052126978337764,0.2158443297445774,0.3210570275783538
all,2025-02-02,20.0,-0.3446786613203585,0.1663306941278279,0.5110093554481864
all,2025-02-03,7.0,,,
all,2025-02-04,20.0,-0.2963330306112766,0.1513263914734124,0.4476594220846891
all,2025-02-05,19.0,,,
all,2025-02-06,15.0,,,
all,2025-02-07,15.0,,,
all,2025-02-08,23.0,-0.1935404397385275,0.1940285627446744,0.3875690024832021
all,2025-02-09,14.0,,,
all,2025-02-10,20.0,-0.2648985381703824,0.1751546375919133,0.4400531757622957
all,2025-02-11,17.0,,,
all,2025-02-12,9.0,,,
all,2025-02-13,19.0,,,
all,2025-02-14,15.0,,,
all,2025-02-15,20.0,-0.2210485622286796,0.1958680123090743,0.416916574537754
all,2025-02-16,28.0,-0.2395269261407,0.1856456304501209,0.425172556590821
all,2025-02-17,16.0,,,
all,2025-02-18,25.0,-0.1644353428483009,0.206684043854475,0.3711193867027759
all,2025-02-19,30.0,-0.2327711698599159,0.1832566192063192,0.4160277890662352
all,2025-02-20,18.0,,,
all,2025-02-21,13.0,,,
all,2025-02-22,18.0,,,
all,2025-02-23,18.0,,,
all,2025-02-24,27.0,-0.3116699560648865,0.1453688653806845,0.457038821445571
all,2025-02-25,24.0,-0.2413298805865148,0.1865534048217037,0.4278832854082187
all,2025-02-26,20.0,-0.1598481226712465,0.1921298794448375,0.3519780021160841
all,2025-02-27,16.0,,,
all,2025-02-28,28.0,-0.2456039246504328,0.203942991626848,0.4495469162772809
all,2025-03-01,15.0,,,
all,2025-03-02,27.0,-0.2180059016854674,0.173311694352715,0.3913175960381825
all,2025-03-03,17.0,,,
all,2025-03-04,19.0,,,
all,2025-03-05,26.0,-0.2904998531135229,0.1858929336930696,0.4763927868065926
all,2025-03-06,17.0,,,
all,2025-03-07,26.0,-0.1818952528186715,0.2284180571396763,0.4103133099583479
all,2025-03-08,23.0,-0.2862997054243865,0.1879657386275737,0.4742654440519602
all,2025-03-09,17.0,,,
all,2025-03-10,29.0,-0.2656902008015534,0.1659520294131903,0.4316422302147438
all,2025-03-11,24.0,-0.0790678576255838,0.2562234041591485,0.3352912617847323
all,2025-03-12,24.0,-0.3271157412479321,0.1693265279754995,0.4964422692234317
all,2025-03-13,28.0,-0.2826754494703242,0.1432389809883066,0.4259144304586308
all,2025-03-14,22.0,-0.1622409917498853,0.2255186554975807,0.3877596472474662
all,2025-03-15,21.0,-0.2540266037519489,0.1830851209482976,0.4371117247002465
all,2025-03-16,28.0,-0.1457720912460769,0.2336915396153926,0.3794636308614696
all,2025-03-17,27.0,-0.2839672604092845,0.175911639575605,0.4598788999848895
all,2025-03-18,27.0,-0.2186174244033517,0.1855750064262085,0.4041924308295603
all,2025-03-19,13.0,,,
all,2025-03-20,26.0,-0.2401780725743335,0.1881548916706098,0.4283329642449434
all,2025-03-21,30.0,-0.167644785096248,0.2336648046970367,0.4013095897932847
all,2025-03-22,24.0,-0.2539021382108331,0.1698674485087394,0.4237695867195725
all,2025-03-23,22.0,-0.4052844238044186,0.1158726160329851,0.5211570398374037
all,2025-03-24,25.0,-0.2116568917781114,0.2095555856078862,0.4212124773859977
all,2025-03-25,19.0,,,
all,2025-03-26,26.0,-0.2423926073198135,0.1979288438764902,0.4403214511963037
all,2025-03-27,32.0,-0.31048628341523,0.1365950049075763,0.4470812883228063
all,2025-03-28,23.0,-0.1665416248952565,0.2215042144222103,0.3880458393174669
all,2025-03-29,27.0,-0.1439106714808278,0.2178721511391577,0.3617828226199857
all,2025-03-30,22.0,-0.120261493646963,0.2449582296169617,0.3652197232639247
all,2025-03-31,25.0,-0.2929249638691544,0.1683984058722853,0.4613233697414398
all,2025-04-01,22.0,-0.360075906173072,0.1132798290557481,0.4733557352288203
all,2025-04-02,16.0,,,
all,2025-04-03,29.0,-0.2684805810708424,0.1733426342493501,0.4418232153201925
all,2025-04-04,23.0,-0.2573428344710365,0.1628816481274755,0.4202244825985121
all,2025-04-05,19.0,,,
all,2025-04-06,28.0,-0.276829857246152,0.1469668076772774,0.4237966649234295
all,2025-04-07,27.0,-0.3506536587589868,0.1259174673576597,0.4765711261166466
all,2025-04-08,30.0,-0.3342593237136801,0.1345806389426191,0.4688399626562993
all,2025-04-09,26.0,-0.1585350798872801,0.2025710215362218,0.3611061014235019
all,2025-04-10,31.0,-0.218146653064797,0.204186932814698,0.422333585879495
all,2025-04-11,19.0,,,
all,2025-04-12,32.0,-0.1896252743317745,0.1920041186385787,0.3816293929703533
all,2025-04-13,26.0,-0.3042218247428536,0.1453028942386691,0.4495247189815228
all,2025-04-14,31.0,-0.4201301716027721,0.1183814488111003,0.5385116204138725
all,2025-04-15,34.0,-0.2622606507502496,0.1694449441617025,0.4317055949119522
all,2025-04-16,24.0,-0.2770253807927171,0.1621849940468867,0.4392103748396039
all,2025-04-17,22.0,-0.324303681708195,0.169861338185993,0.4941650198941881
all,2025-04-18,43.0,-0.2301370114261327,0.195514002425033,0.4256510138511657
all,2025-04-19,29.0,-0.2639787105907654,0.1528266664465953,0.4168053770373607
all,2025-04-20,22.0,-0.2433659725568511,0.1793117401274767,0.4226777126843279
all,2025-04-21,26.0,-0.2012457700016406,0.2000645813173972,0.401310351319038
all,2025-04-22,18.0,,,
all,2025-04-23,32.0,-0.1980997031496372,0.2047015135467517,0.402801216696389
all,2025-04-24,28.0,-0.2337696884226586,0.1731045294686087,0.4068742178912674
all,2025-04-25,42.0,-0.1809374142792962,0.2056456495608602,0.3865830638401565
all,2025-04-26,25.0,-0.3011898355931043,0.1459353200346231,0.4471251556277275
all,2025-04-27,24.0,-0.2399822265530626,0.1655116307859619,0.4054938573390245
all,2025-04-28,38.0,-0.2655934488989021,0.1687507041680969,0.434344153066999
all,2025-04-29,44.0,-0.1826024164276367,0.1967202605764297,0.3793226770040663
all,2025-04-30,78.0,-0.2269960700128323,0.179573102424351,0.4065691724371834
all,2025-05-01,75.0,-0.2197950612008571,0.1889141183098156,0.4087091795106728
all,2025-05-02,41.0,-0.0817074790233519,0.2458378111989033,0.3275452902222552
all,2025-05-03,63.0,-0.2298554079311471,0.1777390191804558,0.407594427111603
all,2025-05-04,60.0,-0.2843162337318062,0.1676298588514327,0.4519460925832391
all,2025-05-05,53.0,-0.1776996332238305,0.2148987092780617,0.3925983425018922
all,2025-05-06,45.0,-0.2555397821383344,0.1685564705481131,0.4240962526864476
all,2025-05-07,57.0,-0.3709138743742777,0.1362533995947032,0.507167273968981
all,2025-05-08,32.0,-0.266413124743849,0.1565739270299672,0.4229870517738163
all,2025-05-09,37.0,-0.1976723611556194,0.2003470963320216,0.3980194574876411
all,2025-05-10,32.0,-0.2087782014277763,0.1946730755153111,0.4034512769430876
all,2025-05-11,54.0,-0.1538468554305533,0.2081371816392573,0.3619840370698107
all,2025-05-12,76.0,-0.2659921132175153,0.15876680467964,0.4247589178971554
all,2025-05-13,62.0,-0.1420163151717955,0.2100852766945476,0.3521015918663432
all,2025-05-14,69.0,-0.1462800470923168,0.1975520855166773,0.3438321326089942
all,2025-05-15,65.0,-0.1266238487397249,0.2425891055224033,0.3692129542621282
all,2025-05-16,63.0,-0.2743907427296989,0.1684034313444816,0.4427941740741805
all,2025-05-17,49.0,-0.2814394137536993,0.1590898196612085,0.4405292334149078
all,2025-05-18,66.0,-0.1923350268325796,0.2070267955829022,0.3993618224154819
all,2025-05-19,103.0,-0.2050129456120064,0.1913275543365229,0.3963404999485294
all,2025-05-20,98.0,-0.2508813149618859,0.1741396499683662,0.4250209649302521
all,2025-05-21,68.0,-0.1853112860254067,0.1923597500221255,0.3776710360475322
all,2025-05-22,72.0,-0.2877682954874924,0.155198742596743,0.4429670380842354
all,2025-05-23,66.0,-0.2727139981915102,0.1584447630483543,0.4311587612398646
all,2025-05-24,68.0,-0.2080957690418204,0.1959181730087627,0.4040139420505832
all,2025-05-25,59.0,-0.2694261280535641,0.1650257418090004,0.4344518698625645
all,2025-05-26,54.0,-0.150016665648393,0.2135575080842331,0.3635741737326262
all,2025-05-27,63.0,-0.2307595451554608,0.1950938814570979,0.4258534266125588
all,2025-05-28,40.0,-0.2157936911098659,0.209470468852669,0.4252641599625349
all,2025-05-29,50.0,-0.2171487826481461,0.1652666714414953,0.3824154540896415
all,2025-05-30,68.0,-0.2634446302374058,0.1713235770242617,0.4347682072616675
all,2025-05-31,56.0,-0.2242671910207718,0.1822841939449842,0.4065513849657561
all,2025-06-01,69.0,-0.1281842101851235,0.2092950226118167,0.3374792327969402
all,2025-06-02,36.0,-0.2467327546069605,0.1716879946955789,0.4184207493025396
all,2025-06-03,59.0,-0.2413736185279943,0.172755160005921,0.4141287785339153
all,2025-06-04,42.0,-0.1561889564174981,0.2170810916328004,0.3732700480502985
all,2025-06-05,52.0,-0.2529054862948564,0.1671065733982966,0.4200120596931531
all,2025-06-06,41.0,-0.2255414590557537,0.1928938876428618,0.4184353466986156
all,2025-06-07,35.0,-0.1359287955132978,0.2139120251738599,0.3498408206871577
all,2025-06-08,54.0,-0.2094577794929069,0.1833080477081238,0.3927658272010308
all,2025-06-09,38.0,-0.2364229811845641,0.1780520549142047,0.4144750360987688
all,2025-06-10,41.0,-0.2258438730112663,0.1858560377504767,0.411699910761743
all,2025-06-11,54.0,-0.2325360615634256,0.1706388111191766,0.4031748726826023
all,2025-06-12,52.0,-0.1844299823547212,0.1853376089308697,0.3697675912855909
all,2025-06-13,36.0,-0.2077090616803616,0.2070462889193246,0.4147553505996863
all,2025-06-14,37.0,-0.2146971168852335,0.1797057805029121,0.3944028973881457
all,2025-06-15,43.0,-0.184444191800647,0.1966845165764869,0.381128708377134
all,2025-06-16,40.0,-0.174916251655668,0.1947300371713936,0.3696462888270616
all,2025-06-17,62.0,-0.1975835263428668,0.1785444229420635,0.3761279492849304
all,2025-06-18,40.0,-0.2601802922552451,0.1647492174291983,0.4249295096844435
all,2025-06-19,40.0,-0.1652819435112178,0.1960352105554193,0.3613171540666371
all,2025-06-20,41.0,-0.1323934173120594,0.2197033024915471,0.3520967198036066
all,2025-06-21,35.0,-0.2414678056059139,0.1556138228358966,0.3970816284418106
all,2025-06-22,36.0,-0.17553166530302,0.2052659609665473,0.3807976262695673
all,2025-06-23,43.0,-0.1755269149881462,0.1951675495609294,0.3706944645490757
all,2025-06-24,47.0,-0.263726302046091,0.1621323281780202,0.4258586302241112
all,2025-06-25,40.0,-0.1597649465315044,0.1989981864579021,0.3587631329894066
all,2025-06-26,44.0,-0.0562857529995116,0.2489909156310287,0.3052766686305403
all,2025-06-27,48.0,-0.1425204886666809,0.2150959901434058,0.3576164788100868
all,2025-06-28,36.0,-0.246661434829649,0.1600744070795674,0.4067358419092165
all,2025-06-29,45.0,-0.1329690509372287,0.2032826976643668,0.3362517486015955
all,2025-06-30,45.0,-0.108291898212499,0.2232565975437561,0.3315484957562553
all,2025-07-01,50.0,-0.1396405317634344,0.2072310714423656,0.3468716032058
all,2025-07-02,59.0,-0.2359833363443613,0.1674526598051947,0.4034359961495561
all,2025-07-03,46.0,-0.1845310738553171,0.1911495150593312,0.3756805889146483
all,2025-07-04,55.0,-0.2120551521466536,0.1834663223475217,0.3955214744941754
all,2025-07-05,43.0,-0.1928768212538819,0.1723268894088822,0.3652037106627642
all,2025-07-06,40.0,0.0005130902864038,0.2909255116712302,0.2904124213848263
all,2025-07-07,57.0,-0.2444211476270044,0.1537958315263191,0.3982169791533236
all,2025-07-08,41.0,-0.2501145493602607,0.1639606099030593,0.41407515926332
all,2025-07-09,49.0,-0.2222306586193795,0.1853222111810226,0.4075528698004022
all,2025-07-10,34.0,-0.2718842114486238,0.1524325800402199,0.4243167914888438
all,2025-07-11,47.0,-0.2316040426809737,0.1732206430206907,0.4048246857016644
all,2025-07-12,53.0,-0.1873330660164356,0.1768047555859359,0.3641378216023715
all,2025-07-13,46.0,-0.2574477106656717,0.1735472614350526,0.4309949721007243
all,2025-07-14,34.0,-0.1545027905855985,0.1933643796535975,0.3478671702391961
all,2025-07-15,54.0,-0.2177485493874108,0.1850937204780401,0.402842269865451
all,2025-07-16,37.0,-0.1990590094009766,0.2063668171900349,0.4054258265910116
all,2025-07-17,48.0,-0.1840729488370319,0.1757137853031356,0.3597867341401676
all,2025-07-18,48.0,-0.1941849330517774,0.1792403678021703,0.3734253008539478
all,2025-07-19,37.0,-0.2600665968918317,0.1651293852341335,0.4251959821259653
all,2025-07-20,48.0,-0.1731611644305909,0.1924675515620038,0.3656287159925948
all,2025-07-21,49.0,-0.1861237878245966,0.1908089844700025,0.3769327722945992
all,2025-07-22,40.0,-0.0665104063693434,0.2391003694850951,0.3056107758544385
all,2025-07-23,33.0,-0.202382507649335,0.1963656422202334,0.3987481498695684
all,2025-07-24,32.0,-0.311569134471938,0.1452587873209267,0.4568279217928648
all,2025-07-25,39.0,-0.0680014284279866,0.2280134746374991,0.2960149030654858
all,2025-07-26,41.0,-0.1959815356516983,0.194644727130852,0.3906262627825504
all,2025-07-27,69.0,-0.2226127859852884,0.1719465315395938,0.3945593175248823
all,2025-07-28,48.0,-0.2327671699458733,0.185465307557024,0.4182324775028974
all,2025-07-29,40.0,-0.2632191035430878,0.155536299617961,0.4187554031610488
all,2025-07-30,33.0,-0.2785616713491353,0.1467177269585204,0.4252793983076558
all,2025-07-31,40.0,-0.2049383756238967,0.1837867560330777,0.3887251316569745
all,2025-08-01,32.0,-0.1809472716995515,0.1929805928957648,0.3739278645953163
all,2025-08-02,34.0,-0.1919969274826786,0.1851881062611937,0.3771850337438723
all,2025-08-03,50.0,-0.2511629849486053,0.165119986552745,0.4162829715013504
all,2025-08-04,54.0,-0.2164681316525847,0.1814035732575037,0.3978717049100884
all,2025-08-05,43.0,-0.3235459307988369,0.1258344540025952,0.4493803848014321
all,2025-08-06,43.0,-0.2476840240144452,0.169087738231864,0.4167717622463093
all,2025-08-07,45.0,-0.1729085325573881,0.204697823876308,0.3776063564336962
all,2025-08-08,31.0,-0.2008747970384936,0.1668740419610853,0.367748838999579
all,2025-08-09,42.0,-0.2172969714073198,0.1736094470446308,0.3909064184519507
all,2025-08-10,58.0,-0.20979371124172,0.1791625032201408,0.3889562144618609
all,2025-08-11,40.0,-0.1065415665972977,0.2238713049329817,0.3304128715302795
all,2025-08-12,59.0,-0.1351905647917824,0.2050142049852568,0.3402047697770393
all,2025-08-13,53.0,-0.2362177235619077,0.160284012696653,0.3965017362585608
all,2025-08-14,47.0,-0.2465456237897594,0.163322244988794,0.4098678687785534
all,2025-08-15,50.0,-0.1696634085848927,0.1871294243261218,0.3567928329110145
all,2025-08-16,50.0,-0.2067758329212665,0.1783613286167382,0.3851371615380048
all,2025-08-17,45.0,-0.2300724229878849,0.1767910434140099,0.4068634664018949
all,2025-08-18,43.0,-0.2186498364736867,0.1837606509757596,0.4024104874494464
all,2025-08-19,60.0,-0.2287263218934337,0.1755673069506883,0.404293628844122
all,2025-08-20,35.0,-0.2004645516829831,0.1790349944361618,0.379499546119145
all,2025-08-21,41.0,-0.2352869552446574,0.1680861117272842,0.4033730669719417
all,2025-08-22,49.0,-0.151055887854677,0.1998508339367654,0.3509067217914425
all,2025-08-23,46.0,-0.214454220364923,0.1809490670895446,0.3954032874544677
all,2025-08-24,49.0,-0.2154495022924883,0.1625327254094335,0.3779822277019218
all,2025-08-25,71.0,-0.2063663836935876,0.1834773719835449,0.3898437556771325
all,2025-08-26,48.0,-0.1179146113184591,0.2122149399947375,0.3301295513131966
all,2025-08-27,48.0,-0.1590254736753801,0.2010975652374327,0.3601230389128129
all,2025-08-28,40.0,-0.2276656159432604,0.1918733110418543,0.4195389269851148
all,2025-08-29,43.0,-0.2989152708025865,0.1380700844145098,0.4369853552170964
all,2025-08-30,46.0,-0.1706677542027572,0.1956205166795331,0.3662882708822903
all,2025-08-31,40.0,-0.2393747413530945,0.169267289713025,0.4086420310661197
all,2025-09-01,55.0,-0.2719780150800943,0.1715690210800279,0.4435470361601222
all,2025-09-02,38.0,-0.29187520735554,0.1533213867070643,0.4451965940626044
all,2025-09-03,48.0,-0.2319943257801545,0.1763879914651624,0.408382317245317
all,2025-09-04,40.0,-0.218342733127065,0.1841632668627426,0.4025059999898076
all,2025-09-05,47.0,-0.1736330343608526,0.1982352594508135,0.3718682938116662
all,2025-09-06,55.0,-0.2439420600845055,0.1808638516136191,0.4248059116981246
all,2025-09-07,56.0,-0.2456852170705263,0.1762696619345141,0.4219548790050404
all,2025-09-08,47.0,-0.2212910098519097,0.1750792086996296,0.3963702185515393
all,2025-09-09,47.0,-0.1845820622637551,0.1835566314848813,0.3681386937486364
all,2025-09-10,40.0,-0.2208106650970876,0.2002060537226498,0.4210167188197374
all,2025-09-11,53.0,-0.2317889285678009,0.1617856324421909,0.3935745610099918
all,2025-09-12,47.0,-0.2037692845581059,0.1922678338324135,0.3960371183905196
all,2025-09-13,34.0,-0.2228279397548998,0.1841441796654287,0.4069721194203285
all,2025-09-14,43.0,-0.1600537940339986,0.2028751241606335,0.3629289181946322
all,2025-09-15,39.0,-0.3034303879890686,0.1516193299530407,0.4550497179421094
all,2025-09-16,36.0,-0.150211029427333,0.1955137730369137,0.3457248024642467
all,2025-09-17,37.0,-0.1447009315865265,0.2038214977427914,0.348522429329318
all,2025-09-18,46.0,-0.2131643636638055,0.1751673526495047,0.3883317163133103
all,2025-09-19,36.0,-0.2312621780826399,0.1774741928351836,0.4087363709178235
all,2025-09-20,48.0,-0.1956197529410322,0.1809053698088973,0.3765251227499296
all,2025-09-21,39.0,-0.1791106614355857,0.2021282537338825,0.3812389151694683
all,2025-09-22,47.0,-0.2441441095731359,0.1675196273371259,0.411663736910262
all,2025-09-23,47.0,-0.1680234023865233,0.2049255772156918,0.3729489796022151
all,2025-09-24,33.0,-0.265625710458015,0.1707016406298586,0.4363273510878736
all,2025-09-25,38.0,-0.2466958558775092,0.1665287643769069,0.4132246202544162
all,2025-09-26,46.0,-0.1375861502778919,0.1997717131820062,0.3373578634598981
all,2025-09-27,44.0,-0.1089079803363843,0.2182528135282072,0.3271607938645915
all,2025-09-28,36.0,-0.1471449580664436,0.1954588984242743,0.342603856490718
all,2025-09-29,35.0,-0.2244518022185989,0.1808417899534105,0.4052935921720096
all,2025-09-30,44.0,-0.2306125029413537,0.1696809278801083,0.4002934308214621
all,2025-10-01,49.0,-0.1893675818051002,0.181362019015514,0.3707296008206143
all,2025-10-02,41.0,-0.1232070378595736,0.2093414631558627,0.3325485010154363
all,2025-10-03,39.0,-0.208724843385892,0.1852720686449454,0.3939969120308375
all,2025-10-04,51.0,-0.2699160603258539,0.1495799267774119,0.4194959871032658
all,2025-10-05,45.0,-0.2262661981913778,0.1923091741485728,0.4185753723399507
all,2025-10-06,46.0,-0.1905827883469021,0.1980533275510305,0.3886361158979328
all,2025-10-07,44.0,-0.2448618313593959,0.1911222697870636,0.4359841011464596
all,2025-10-08,42.0,-0.2634671791678383,0.1669412371037261,0.4304084162715645
all,2025-10-09,59.0,-0.1608589504987506,0.1932248692896406,0.3540838197883913
all,2025-10-10,62.0,-0.1856456211798133,0.2009070231128604,0.3865526442926738
all,2025-10-11,60.0,-0.2752128081085781,0.1500748282608886,0.4252876363694667
all,2025-10-12,62.0,-0.1732577245922819,0.2028493576292549,0.3761070822215369
all,2025-10-13,52.0,-0.2240373707161499,0.1739705260843038,0.3980078968004538
all,2025-10-14,45.0,-0.2231912447760502,0.1851936344057321,0.4083848791817824
all,2025-10-15,72.0,-0.2508804933685395,0.1710794694825178,0.4219599628510574
all,2025-10-16,56.0,-0.2770594358111599,0.1552562672711376,0.4323157030822975
all,2025-10-17,61.0,-0.2593701890379679,0.1636253309543015,0.4229955199922695
all,2025-10-18,62.0,-0.2349836397916078,0.1747394205040989,0.4097230602957068
all,2025-10-19,56.0,-0.2369798867896731,0.1675853166795734,0.4045652034692466
all,2025-10-20,64.0,-0.1335106550250202,0.2193994576227851,0.3529101126478053
all,2025-10-21,41.0,-0.2017161095878336,0.1898103139885678,0.3915264235764015
all,2025-10-22,50.0,-0.1141716703027486,0.2366669684275984,0.3508386387303471
all,2025-10-23,75.0,-0.2303949257358908,0.1750428673997521,0.405437793135643
all,2025-10-24,56.0,-0.1884646920121408,0.1908925235371238,0.3793572155492646
all,2025-10-25,78.0,-0.131436821574775,0.214997040370527,0.346433861945302
all,2025-10-26,69.0,-0.2122540696915509,0.1857219402664813,0.3979760099580322
all,2025-10-27,47.0,-0.2740407427574726,0.1726424913615622,0.4466832341190348
all,2025-10-28,54.0,-0.0955477135462893,0.2255729923921602,0.3211207059384496
all,2025-10-29,59.0,-0.1619789411266476,0.1890503493595426,0.3510292904861903
all,2025-10-30,48.0,-0.1881446074306344,0.1860145292788123,0.3741591367094467
all,2025-10-31,59.0,-0.1876372844612194,0.1808919171029228,0.3685292015641422
all,2025-11-01,55.0,-0.149400502003052,0.2089306031099774,0.3583311051130294
all,2025-11-02,53.0,-0.2102100246427756,0.1871825754291043,0.39739260007188
all,2025-11-03,61.0,-0.2011003126924643,0.1814241261816904,0.3825244388741547
all,2025-11-04,48.0,-0.1601671888493001,0.2028136805941661,0.3629808694434662
all,2025-11-05,64.0,-0.2352221646724501,0.1713001825701212,0.4065223472425714
all,2025-11-06,35.0,-0.2407657827649797,0.1776615470647811,0.4184273298297609
all,2025-11-07,41.0,-0.1448100744860201,0.22635158869188,0.3711616631779002
all,2025-11-08,42.0,-0.2286020992323756,0.1560090511061605,0.3846111503385362
all,2025-11-09,63.0,-0.2448442891121856,0.1700225970929577,0.4148668862051434
all,2025-11-10,45.0,-0.214306316524744,0.1874184815420044,0.4017247980667485
all,2025-11-11,71.0,-0.1525060062257336,0.210029906107926,0.3625359123336597
all,2025-11-12,51.0,-0.1823078115269834,0.2005645801112348,0.3828723916382182
all,2025-11-13,74.0,-0.2178584588691592,0.1753209034182332,0.3931793622873925
all,2025-11-14,63.0,-0.1748731484607098,0.1913355061459162,0.3662086546066261
all,2025-11-15,53.0,-0.2174706206709709,0.1755561310587064,0.3930267517296773
all,2025-11-16,46.0,-0.1404083933195342,0.2203983711888608,0.3608067645083951
all,2025-11-17,44.0,-0.1732058528472077,0.1978813455524769,0.3710871983996846
all,2025-11-18,45.0,-0.2733260369549194,0.1524707114117012,0.4257967483666208
all,2025-11-19,53.0,-0.2221620949863825,0.1751587848126325,0.3973208797990151
all,2025-11-20,59.0,-0.1667996164474446,0.221879527383184,0.3886791438306287
all,2025-11-21,56.0,-0.2254696587499763,0.1865693693980574,0.4120390281480338
all,2025-11-22,63.0,-0.2022157201454753,0.1664711470227866,0.3686868671682619
all,2025-11-23,69.0,-0.2298975248645613,0.1588055772463912,0.3887031021109525
all,2025-11-24,47.0,-0.3619874022266966,0.1346367536548603,0.496624155881557
all,2025-11-25,54.0,-0.2714100413852268,0.1678544972091913,0.4392645385944181
all,2025-11-26,50.0,-0.2574538918957114,0.1638921438530087,0.4213460357487201
all,2025-11-27,56.0,-0.1725258527523172,0.1976599658041127,0.37018581855643
all,2025-11-28,51.0,-0.1728784788911249,0.1892803796366149,0.3621588585277398
all,2025-11-29,78.0,-0.1880123759739292,0.1876994325803258,0.375711808554255
all,2025-11-30,49.0,-0.145498260703622,0.2142111536647592,0.3597094143683813
all,2025-12-01,47.0,-0.1965078142412165,0.1847607810446556,0.3812685952858722
all,2025-12-02,60.0,-0.2410223837941885,0.1658254298071066,0.4068478136012951
all,2025-12-03,51.0,-0.1927397471724772,0.1921202113815382,0.3848599585540154
all,2025-12-04,57.0,-0.2042602050657335,0.1905474744802504,0.3948076795459839
all,2025-12-05,89.0,-0.2286333101958538,0.1672334200440999,0.3958667302399539
all,2025-12-06,50.0,-0.2143855886347591,0.1677372368983923,0.3821228255331516
all,2025-12-07,61.0,-0.288849926904821,0.1482493668244998,0.4370992937293209
all,2025-12-08,52.0,-0.1407552778255194,0.1999764484174263,0.3407317262429457
all,2025-12-09,63.0,-0.2149154322133177,0.1699263431604892,0.384841775373807
all,2025-12-10,62.0,-0.209485846241155,0.1882887211057447,0.3977745673468997
all,2025-12-11,57.0,-0.1841239897501573,0.1807113047689199,0.3648352945190772
all,2025-12-12,53.0,-0.1917757941937109,0.1925911649991318,0.3843669591928428
all,2025-12-13,68.0,-0.1754971448715557,0.1981457792058149,0.3736429240773706
all,2025-12-14,55.0,-0.1554117900404063,0.1906795149499719,0.3460913049903782
all,2025-12-15,44.0,-0.2604240756058557,0.1612257574346254,0.4216498330404812
all,2025-12-16,40.0,-0.2033606639131903,0.1798057455569505,0.3831664094701409
all,2025-12-17,48.0,-0.2381089143455028,0.1626697222236543,0.4007786365691572
all,2025-12-18,58.0,-0.2295452065701628,0.1922358879819512,0.4217810945521141
all,2025-12-19,54.0,-0.2334013728045479,0.1702210929555197,0.4036224657600676
all,2025-12-20,67.0,-0.2098835201294564,0.1735219104187702,0.3834054305482267
all,2025-12-21,60.0,-0.2365307888326545,0.1684886244746546,0.4050194133073092
all,2025-12-22,50.0,-0.200105652436614,0.2057823581993579,0.405888010635972
all,2025-12-23,53.0,-0.1974910703962141,0.1961630601435899,0.3936541305398041
all,2025-12-24,45.0,-0.2165077380629049,0.1694723323194516,0.3859800703823566
all,2025-12-25,41.0,-0.1233098074430372,0.2018816185797133,0.3251914260227506
all,2025-12-26,41.0,-0.2305737727934994,0.1762294315437718,0.4068032043372712
all,2025-12-27,56.0,-0.2171028234463717,0.1797473533744258,0.3968501768207976
all,2025-12-28,52.0,-0.1345578594706379,0.2111110985995485,0.3456689580701865
all,2025-12-29,45.0,-0.3023881748111711,0.1502632637197772,0.4526514385309484
all,2025-12-30,53.0,-0.1935612334746797,0.1635825044282202,0.3571437379028999
all,2025-12-31,46.0,-0.2599233165383339,0.170685837774173,0.4306091543125069
all,2026-01-01,41.0,-0.2173115920911475,0.1778360502567232,0.3951476423478708
all,2026-01-02,64.0,-0.2492882392543833,0.1602630941488314,0.4095513334032148
all,2026-01-03,66.0,-0.259789639547693,0.1610432400678594,0.4208328796155525
all,2026-01-04,60.0,-0.1448527303524315,0.2181675329183538,0.3630202632707854
all,2026-01-05,52.0,-0.2975730989486552,0.1401674568008344,0.4377405557494897
all,2026-01-06,63.0,-0.2201963091298701,0.1856525468802641,0.4058488560101342
all,2026-01-07,54.0,-0.1351538105971283,0.2139169270241702,0.3490707376212985
all,2026-01-08,73.0,-0.2415435277946191,0.1739824301473898,0.4155259579420089
all,2026-01-09,60.0,-0.2590341012924909,0.1572772701581319,0.4163113714506228
all,2026-01-10,47.0,-0.1337277919767384,0.212641941224958,0.3463697332016965
all,2026-01-11,83.0,-0.2548596635909684,0.1587322762303323,0.4135919398213007
all,2026-01-12,52.0,-0.1401874435205872,0.2143776729846229,0.3545651165052102
all,2026-01-13,49.0,-0.1883161607369476,0.1907496981854949,0.3790658589224426
all,2026-01-14,61.0,-0.2521655299532853,0.1718331328822208,0.4239986628355061
all,2026-01-15,62.0,-0.229450661869299,0.1601480522583569,0.3895987141276559
all,2026-01-16,47.0,-0.1958134373293278,0.2008832532199139,0.3966966905492417
all,2026-01-17,69.0,-0.3190101217748462,0.1434217423092628,0.462431864084109
all,2026-01-18,69.0,-0.1075788600559252,0.2182192239586426,0.3257980840145678
all,2026-01-19,66.0,-0.2669764773101743,0.1654978926067776,0.432474369916952
all,2026-01-20,67.0,-0.1756543591062524,0.1934243548494666,0.369078713955719
all,2026-01-21,74.0,-0.2138419709596279,0.1803482863045221,0.3941902572641501
all,2026-01-22,75.0,-0.2249809798349936,0.1705795266479253,0.395560506482919
all,2026-01-23,72.0,-0.192101251023511,0.1846173538102044,0.3767186048337155
all,2026-01-24,69.0,-0.2702638892105956,0.1522394139319658,0.4225033031425614
all,2026-01-25,59.0,-0.1984279148154339,0.1808760394736872,0.3793039542891211
all,2026-01-26,47.0,-0.1796035749956648,0.1777758188545703,0.3573793938502352
all,2026-01-27,65.0,-0.2970791262789414,0.1507791527475302,0.4478582790264716
all,2026-01-28,64.0,-0.2299576193181565,0.1542013945436337,0.3841590138617903
all,2026-01-29,70.0,-0.2578075630723366,0.1738646092824637,0.4316721723548004
all,2026-01-30,52.0,-0.2560102478780139,0.1536957497815959,0.4097059976596098
all,2026-01-31,61.0,-0.1899484052460213,0.1879099820908464,0.3778583873368678
all,2026-02-01,65.0,-0.2027879883177005,0.1872541308689576,0.3900421191866581
all,2026-02-02,82.0,-0.2293433424130809,0.1570589224603481,0.386402264873429
all,2026-02-03,50.0,-0.1742439296096563,0.1960196270793676,0.370263556689024
all,2026-02-04,44.0,-0.2454527465795928,0.1692677553404461,0.414720501920039
all,2026-02-05,52.0,-0.3606131626472164,0.1437926158273162,0.5044057784745326
all,2026-02-06,52.0,-0.2056161555318305,0.1780283050969815,0.3836444606288121
all,2026-02-07,56.0,-0.1597476007882505,0.2035853671508707,0.3633329679391214
all,2026-02-08,53.0,-0.2530728067570137,0.1638512508416513,0.4169240575986651
all,2026-02-09,57.0,-0.2693758924377331,0.1725157212564035,0.4418916136941366
all,2026-02-10,55.0,-0.1834379757331176,0.2004016773605888,0.3838396530937065
all,2026-02-11,48.0,-0.2695085102459416,0.1546803686069324,0.424188878852874
all,2026-02-12,49.0,-0.2112045036818908,0.168781128959084,0.3799856326409748
all,2026-02-13,56.0,-0.1471227845177054,0.2010548803955316,0.3481776649132371
all,2026-02-14,63.0,-0.1913089267022553,0.1920340054978926,0.383342932200148
all,2026-02-15,51.0,-0.1956601860184295,0.1866178050929424,0.382277991111372
all,2026-02-16,61.0,-0.2606528039685771,0.1702211313102333,0.4308739352788104
all,2026-02-17,63.0,-0.2328343225849999,0.169656373796955,0.4024906963819549
all,2026-02-18,60.0,-0.1714914228146274,0.1878279258186618,0.3593193486332893
all,2026-02-19,60.0,-0.2371444074126581,0.1710887770789365,0.4082331844915946
all,2026-02-20,48.0,-0.2519894373447944,0.1649462514712164,0.4169356888160109
all,2026-02-21,59.0,-0.2365810301438984,0.1924860348483011,0.4290670649921995
all,2026-02-22,65.0,-0.2165931818576959,0.1793431445096547,0.3959363263673507
all,2026-02-23,52.0,-0.2498269427316979,0.1611366180810504,0.4109635608127484
all,2026-02-24,54.0,-0.0868355811539071,0.2348605017350227,0.3216960828889299
all,2026-02-25,61.0,-0.2572625775317677,0.1687753390154389,0.4260379165472066
all,2026-02-26,46.0,-0.2561262733019564,0.1544761427313737,0.4106024160333302
all,2026-02-27,49.0,-0.2220507320776885,0.1574175033566294,0.379468235434318
all,2026-02-28,64.0,-0.2305501145892776,0.1633875525440089,0.3939376671332866
all,2026-03-01,52.0,-0.1958162898126129,0.1758429525921551,0.3716592424047681
all,2026-03-02,76.0,-0.1926186779562972,0.1894900188536236,0.3821086968099208
all,2026-03-03,47.0,-0.1976062317794941,0.2076648453131635,0.4052710770926577
all,2026-03-04,56.0,-0.2315234438117061,0.158336962174092,0.3898604059857981
all,2026-03-05,48.0,-0.2173994020946944,0.1748916222325836,0.3922910243272781
all,2026-03-06,39.0,-0.1979115999375398,0.1805699994453252,0.3784815993828651
all,2026-03-07,53.0,-0.1123962352438917,0.223861767927993,0.3362580031718848
all,2026-03-08,68.0,-0.2506217421032488,0.1670478911906042,0.4176696332938531
all,2026-03-09,57.0,-0.2508768572945866,0.1813490312677203,0.432225888562307
all,2026-03-10,51.0,-0.1061926016620561,0.2189547543724378,0.3251473560344939
all,2026-03-11,51.0,-0.2665631755017766,0.1679368496087251,0.4345000251105018
all,2026-03-12,48.0,-0.3404386236215941,0.1438637575871931,0.4843023812087874
all,2026-03-13,60.0,-0.3290960909177859,0.1359673035020629,0.4650633944198489
all,2026-03-14,39.0,-0.2632257276907181,0.1643062513321637,0.4275319790228819
all,2026-03-15,63.0,-0.2763450677610106,0.151201478516062,0.4275465462770726
all,2026-03-16,55.0,-0.3012483350255273,0.1434892097657376,0.444737544791265
all,2026-03-17,67.0,-0.2405080337827997,0.1659877605374846,0.4064957943202844
all,2026-03-18,55.0,-0.2591645855964585,0.15943790811368,0.4186024937101386
all,2026-03-19,52.0,-0.3095379663416399,0.1575771407224237,0.4671151070640637
all,2026-03-20,46.0,-0.1643749795368184,0.2036923049827632,0.3680672845195817
all,2026-03-21,51.0,-0.1723261489806806,0.2033448327040555,0.3756709816847361
all,2026-03-22,64.0,-0.1830355212732684,0.1742119896516669,0.3572475109249353
all,2026-03-23,56.0,-0.1408414325809904,0.2158934596393789,0.3567348922203694
all,2026-03-24,54.0,-0.1917886556712565,0.1716288296436821,0.3634174853149388
all,2026-03-25,49.0,-0.3007948895802303,0.1484718359246545,0.4492667255048849
all,2026-03-26,45.0,-0.2461467056638664,0.180119769854678,0.4262664755185445
all,2026-03-27,61.0,-0.2352862250914827,0.1648611577502528,0.4001473828417355
all,2026-03-28,46.0,-0.2392079332114561,0.1778708290632652,0.4170787622747214
all,2026-03-29,43.0,-0.1876005729617074,0.1886932871542697,0.3762938601159772
all,2026-03-30,51.0,-0.2325606375713558,0.1804360440183504,0.4129966815897062
all,2026-03-31,49.0,-0.2847815095922168,0.1454248318866806,0.4302063414788976
all,2026-04-01,45.0,-0.1644598381179902,0.2175758608720368,0.3820356989900271
all,2026-04-02,48.0,-0.1486476955857748,0.1993213442231838,0.3479690398089587
all,2026-04-03,47.0,-0.1610765025178168,0.1829262379794678,0.3440027404972847
all,2026-04-04,45.0,-0.1845494656099213,0.1955301616754796,0.380079627285401
all,2026-04-05,35.0,-0.2107278309762477,0.1876085810363292,0.3983364120125771
all,2026-04-06,65.0,-0.2597884293072499,0.1508667215418357,0.4106551508490856
all,2026-04-07,38.0,-0.2749668696993275,0.1590146387584115,0.4339815084577391
all,2026-04-08,46.0,-0.273248556535691,0.1503860913014605,0.4236346478371516
all,2026-04-09,40.0,-0.291995583823882,0.1526553485775366,0.4446509324014187
all,2026-04-10,71.0,-0.1508474206997895,0.2095467576258619,0.3603941783256514
all,2026-04-11,50.0,-0.1544595210067927,0.2105570882745087,0.3650166092813015
all,2026-04-12,58.0,-0.2721950687821312,0.1559772027238946,0.4281722715060259
all,2026-04-13,70.0,-0.2745850995449083,0.1587624369189142,0.4333475364638226
all,2026-04-14,52.0,-0.2229141165645649,0.1658739000200652,0.3887880165846302
all,2026-04-15,50.0,-0.1383922936208546,0.2120766482315957,0.3504689418524503
all,2026-04-16,47.0,-0.2887486307386388,0.1534089375128771,0.442157568251516
all,2026-04-17,60.0,-0.1658228027323881,0.1942614554738005,0.3600842582061886
all,2026-04-18,55.0,-0.2413856565952301,0.1664393303069201,0.4078249869021502
all,2026-04-19,35.0,-0.3203561778047255,0.136079167202115,0.4564353450068406
all,2026-04-20,48.0,-0.2165048360281313,0.1763733314583077,0.3928781674864391
all,2026-04-21,52.0,-0.1915630043770831,0.1895618819488355,0.3811248863259187
all,2026-04-22,51.0,-0.205634737825569,0.1843310895138511,0.3899658273394201
all,2026-04-23,37.0,-0.2379642723480592,0.1649523680979335,0.4029166404459927
all,2026-04-24,37.0,-0.2074067946523428,0.1707124199114135,0.3781192145637563
all,2026-04-25,48.0,-0.2930678581081641,0.1527230147233542,0.4457908728315184
all,2026-04-26,42.0,-0.2460706622472831,0.1741882971532287,0.4202589594005119
all,2026-04-27,39.0,-0.2219640727704152,0.1649506127891631,0.3869146855595784
all,2026-04-28,36.0,-0.2505294187511835,0.1746185520767337,0.4251479708279173
all,2026-04-29,38.0,-0.2435423012479747,0.193405030760914,0.4369473320088888
all,2026-04-30,40.0,-0.2241121382918209,0.1696567465085536,0.3937688848003745
all,2026-05-01,46.0,-0.2108426780399421,0.1765442298239339,0.3873869078638761
all,2026-05-02,51.0,-0.1943598982384976,0.182905232095543,0.3772651303340407
all,2026-05-03,55.0,-0.1772123213688081,0.183792939087884,0.361005260456692
all,2026-05-04,57.0,-0.3333713162298265,0.1189894663464081,0.4523607825762347
all,2026-05-05,54.0,-0.1040324426980482,0.2325715544392113,0.3366039971372596
all,2026-05-06,44.0,-0.2363725355826318,0.1568723447536202,0.3932448803362521
all,2026-05-07,50.0,-0.2908195637911558,0.1485554233938455,0.4393749871850014
all,2026-05-08,40.0,-0.2705074152443558,0.1700891403015702,0.4405965555459261
all,2026-05-09,50.0,-0.2138606150820851,0.1789281256124376,0.3927887406945228
all,2026-05-10,51.0,-0.2558689896455582,0.1696150374105748,0.425484027056133
all,2026-05-11,47.0,-0.1427592506751101,0.2085711147556913,0.3513303654308015
all,2026-05-12,39.0,-0.2709753659482186,0.1484271115981615,0.4194024775463801
all,2026-05-13,39.0,-0.1443070411347808,0.2082897273537057,0.3525967684884866
all,2026-05-14,55.0,-0.1203585860065438,0.2124974340539087,0.3328560200604525
all,2026-05-15,54.0,-0.2439173715085619,0.174348015424416,0.4182653869329779
all,2026-05-16,52.0,-0.1582680529055114,0.2123356701877828,0.3706037230932942
all,2026-05-17,40.0,-0.1315288947895169,0.1935691628605126,0.3250980576500296
all,2026-05-18,43.0,-0.1866136123101378,0.1941435577910999,0.3807571701012378
all,2026-05-19,53.0,-0.1974530627002131,0.1832023872378862,0.3806554499380993
all,2026-05-20,45.0,-0.296028181993299,0.148669183668163,0.4446973656614622
all,2026-05-21,44.0,-0.2898961725771766,0.1378978651482611,0.4277940377254378
all,2026-05-22,48.0,-0.1220560359458128,0.2301281134520346,0.3521841493978475
all,2026-05-23,45.0,-0.1623865659038225,0.2105101308888859,0.3728966967927085
all,2026-05-24,45.0,-0.2717501158722573,0.1656518084514472,0.4374019243237045
all,2026-05-25,50.0,-0.2396716576255858,0.1723047504387795,0.4119764080643653
all,2026-05-26,47.0,-0.1677667931752636,0.2055732833340447,0.3733400765093083
all,2026-05-27,44.0,-0.1900287156670608,0.187773085580292,0.3778018012473529
all,2026-05-28,61.0,-0.2190567911220867,0.1923180203884839,0.4113748115105707
all,2026-05-29,41.0,-0.2879982790796132,0.166682393608115,0.4546806726877282
all,2026-05-30,32.0,-0.240933700784808,0.1625181996787432,0.4034519004635513
all,2026-05-31,37.0,-0.2791610836630335,0.1598211376600571,0.4389822213230906
all,2026-06-01,60.0,-0.2188863636925816,0.1815488457058866,0.4004352093984683
all,2026-06-02,56.0,-0.2120727194872285,0.1753275494889489,0.3874002689761774
all,2026-06-03,56.0,-0.1382452587464026,0.2256391332484781,0.3638843919948807
all,2026-06-04,38.0,-0.2438642913475632,0.1769642048074226,0.4208284961549859
all,2026-06-05,53.0,-0.2333803307967928,0.1943660792103915,0.4277464100071844
all,2026-06-06,38.0,-0.2322582830920031,0.1852905852229971,0.4175488683150002
all,2026-06-07,49.0,-0.2303220915551088,0.1816892929527224,0.4120113845078312
all,2026-06-08,53.0,-0.1868532413511343,0.1715410070950692,0.3583942484462036
all,2026-06-09,39.0,-0.2154119663800184,0.1760976102967292,0.3915095766767477
all,2026-06-10,43.0,-0.2249852302375921,0.1782329240597264,0.4032181542973185
all,2026-06-11,23.0,-0.3277010724110448,0.1194172938070867,0.4471183662181315
all,2026-06-12,26.0,-0.1444751620292663,0.1848372410123164,0.3293124030415828
all,2026-06-13,49.0,-0.2002985792766724,0.1768102021127635,0.3771087813894359
all,2026-06-14,46.0,-0.2470344438865457,0.1810216803873038,0.4280561242738496
all,2026-06-15,21.0,-0.3150049023152816,0.1521202750681411,0.4671251773834228
all,2026-06-16,23.0,-0.2603276812511941,0.1839275917281274,0.4442552729793217
all,2026-06-17,41.0,-0.214306420669323,0.1887880211196294,0.4030944417889525
all,2026-06-18,37.0,-0.2071488360698158,0.1728967253018069,0.3800455613716229
all,2026-06-19,21.0,-0.2632019343298106,0.1685911352258352,0.4317930695556459
all,2026-06-20,25.0,-0.3173967131599784,0.1413285002484917,0.4587252134084701
all,2026-06-21,33.0,-0.2464236829316977,0.1597617693019635,0.4061854522336613
all,2026-06-22,24.0,-0.250321497519811,0.160933094099164,0.411254591618975
all,2026-06-23,26.0,-0.2701020124726571,0.169174599676178,0.4392766121488351
all,2026-06-24,37.0,-0.354908198067868,0.1239146586708925,0.4788228567387607
all,2026-06-25,20.0,-0.3541435445658862,0.1218499955721199,0.4759935401380062
all,2026-06-26,27.0,-0.1965358485640199,0.2167980067293953,0.4133338552934152
all,2026-06-27,18.0,,,
all,2026-06-28,33.0,-0.1921314970787727,0.1933053868512312,0.385436883930004
all,2026-06-29,18.0,,,
all,2026-06-30,26.0,-0.401770656534399,0.135671252492242,0.5374419090266411
all,2026-07-01,24.0,-0.1994325310612718,0.194911802187562,0.3943443332488338
all,2026-07-02,24.0,-0.2859608502282451,0.1626259933691471,0.4485868435973922
all,2026-07-03,20.0,-0.2835928058251739,0.1360674308612942,0.4196602366864681
all,2026-07-04,20.0,-0.181524789519608,0.1916642075404524,0.3731889970600605
all,2026-07-05,29.0,-0.2364381763698725,0.1838140995081128,0.4202522758779854
all,2026-07-06,30.0,-0.1533270914728442,0.1905776765818396,0.343904768054684
all,2026-07-07,35.0,-0.3187309984117746,0.151176419481635,0.4699074178934097
all,2026-07-08,36.0,-0.1850472002083228,0.20718335137806,0.3922305515863829
all,2026-07-09,11.0,,,
en,2023-04-15,1.0,,,
en,2023-05-08,1.0,,,
en,2023-05-09,1.0,,,
en,2023-06-26,1.0,,,
en,2023-07-12,1.0,,,
en,2023-07-22,1.0,,,
en,2023-08-01,1.0,,,
en,2023-08-14,1.0,,,
en,2023-09-14,1.0,,,
en,2023-09-23,1.0,,,
en,2023-09-25,2.0,,,
en,2023-09-28,2.0,,,
en,2023-10-02,1.0,,,
en,2023-10-03,1.0,,,
en,2023-10-05,5.0,,,
en,2023-10-06,1.0,,,
en,2023-10-07,1.0,,,
en,2023-10-08,1.0,,,
en,2023-10-09,1.0,,,
en,2023-10-10,2.0,,,
en,2023-10-11,6.0,,,
en,2023-10-13,7.0,,,
en,2023-10-14,2.0,,,
en,2023-10-15,1.0,,,
en,2023-10-16,4.0,,,
en,2023-10-17,1.0,,,
en,2023-10-18,3.0,,,
en,2023-10-19,1.0,,,
en,2023-10-20,1.0,,,
en,2023-10-21,4.0,,,
en,2023-10-22,2.0,,,
en,2023-10-23,1.0,,,
en,2023-10-24,2.0,,,
en,2023-10-25,2.0,,,
en,2023-10-26,3.0,,,
en,2023-10-27,1.0,,,
en,2023-10-28,2.0,,,
en,2023-10-29,3.0,,,
en,2023-10-30,2.0,,,
en,2023-10-31,1.0,,,
en,2023-11-01,2.0,,,
en,2023-11-02,3.0,,,
en,2023-11-03,2.0,,,
en,2023-11-04,1.0,,,
en,2023-11-05,1.0,,,
en,2023-11-06,1.0,,,
en,2023-11-07,2.0,,,
en,2023-11-08,5.0,,,
en,2023-11-09,3.0,,,
en,2023-11-10,3.0,,,
en,2023-11-11,4.0,,,
en,2023-11-12,6.0,,,
en,2023-11-13,4.0,,,
en,2023-11-14,2.0,,,
en,2023-11-15,2.0,,,
en,2023-11-16,4.0,,,
en,2023-11-17,4.0,,,
en,2023-11-18,2.0,,,
en,2023-11-19,1.0,,,
en,2023-11-20,5.0,,,
en,2023-11-21,4.0,,,
en,2023-11-22,3.0,,,
en,2023-11-23,4.0,,,
en,2023-11-24,3.0,,,
en,2023-11-25,3.0,,,
en,2023-11-26,4.0,,,
en,2023-11-27,3.0,,,
en,2023-11-28,2.0,,,
en,2023-11-29,3.0,,,
en,2023-11-30,4.0,,,
en,2023-12-01,7.0,,,
en,2023-12-02,4.0,,,
en,2023-12-03,5.0,,,
en,2023-12-04,3.0,,,
en,2023-12-05,7.0,,,
en,2023-12-06,7.0,,,
en,2023-12-07,5.0,,,
en,2023-12-08,3.0,,,
en,2023-12-09,3.0,,,
en,2023-12-10,4.0,,,
en,2023-12-11,5.0,,,
en,2023-12-12,4.0,,,
en,2023-12-13,4.0,,,
en,2023-12-14,2.0,,,
en,2023-12-15,2.0,,,
en,2023-12-16,2.0,,,
en,2023-12-17,1.0,,,
en,2023-12-18,1.0,,,
en,2023-12-19,2.0,,,
en,2023-12-20,5.0,,,
en,2023-12-21,1.0,,,
en,2023-12-22,1.0,,,
en,2023-12-23,2.0,,,
en,2023-12-24,1.0,,,
en,2023-12-25,2.0,,,
en,2023-12-26,5.0,,,
en,2023-12-27,4.0,,,
en,2023-12-28,3.0,,,
en,2023-12-29,3.0,,,
en,2023-12-30,1.0,,,
en,2023-12-31,1.0,,,
en,2024-01-01,2.0,,,
en,2024-01-02,2.0,,,
en,2024-01-03,2.0,,,
en,2024-01-04,5.0,,,
en,2024-01-05,1.0,,,
en,2024-01-07,2.0,,,
en,2024-01-08,5.0,,,
en,2024-01-09,2.0,,,
en,2024-01-10,4.0,,,
en,2024-01-11,3.0,,,
en,2024-01-12,1.0,,,
en,2024-01-13,4.0,,,
en,2024-01-14,3.0,,,
en,2024-01-15,3.0,,,
en,2024-01-16,3.0,,,
en,2024-01-17,5.0,,,
en,2024-01-19,5.0,,,
en,2024-01-20,3.0,,,
en,2024-01-21,4.0,,,
en,2024-01-22,5.0,,,
en,2024-01-23,6.0,,,
en,2024-01-24,6.0,,,
en,2024-01-25,2.0,,,
en,2024-01-26,2.0,,,
en,2024-01-27,6.0,,,
en,2024-01-28,3.0,,,
en,2024-01-29,4.0,,,
en,2024-01-30,3.0,,,
en,2024-01-31,2.0,,,
en,2024-02-01,5.0,,,
en,2024-02-02,6.0,,,
en,2024-02-03,5.0,,,
en,2024-02-04,5.0,,,
en,2024-02-05,5.0,,,
en,2024-02-06,3.0,,,
en,2024-02-07,6.0,,,
en,2024-02-08,4.0,,,
en,2024-02-09,4.0,,,
en,2024-02-10,7.0,,,
en,2024-02-11,4.0,,,
en,2024-02-12,2.0,,,
en,2024-02-13,2.0,,,
en,2024-02-14,5.0,,,
en,2024-02-15,5.0,,,
en,2024-02-16,5.0,,,
en,2024-02-17,3.0,,,
en,2024-02-18,6.0,,,
en,2024-02-19,4.0,,,
en,2024-02-20,5.0,,,
en,2024-02-21,2.0,,,
en,2024-02-22,5.0,,,
en,2024-02-23,2.0,,,
en,2024-02-24,3.0,,,
en,2024-02-25,3.0,,,
en,2024-02-26,4.0,,,
en,2024-02-27,4.0,,,
en,2024-02-28,5.0,,,
en,2024-02-29,1.0,,,
en,2024-03-01,4.0,,,
en,2024-03-02,8.0,,,
en,2024-03-03,3.0,,,
en,2024-03-04,5.0,,,
en,2024-03-05,4.0,,,
en,2024-03-06,3.0,,,
en,2024-03-07,2.0,,,
en,2024-03-08,3.0,,,
en,2024-03-09,1.0,,,
en,2024-03-10,1.0,,,
en,2024-03-11,3.0,,,
en,2024-03-12,4.0,,,
en,2024-03-14,3.0,,,
en,2024-03-15,2.0,,,
en,2024-03-16,2.0,,,
en,2024-03-17,3.0,,,
en,2024-03-18,1.0,,,
en,2024-03-19,4.0,,,
en,2024-03-20,2.0,,,
en,2024-03-21,14.0,,,
en,2024-03-22,5.0,,,
en,2024-03-23,2.0,,,
en,2024-03-24,4.0,,,
en,2024-03-25,70.0,-0.1911648765472429,0.1956988557907087,0.3868637323379517
en,2024-03-26,35.0,-0.3053072068308081,0.1743498740451676,0.4796570808759757
en,2024-03-27,23.0,-0.0852349170119218,0.2206563661684808,0.3058912831804026
en,2024-03-28,8.0,,,
en,2024-03-29,17.0,,,
en,2024-03-30,21.0,-0.2236667706941565,0.189502124408526,0.4131688951026825
en,2024-03-31,21.0,-0.3586227742156812,0.1536098185571885,0.5122325927728698
en,2024-04-01,14.0,,,
en,2024-04-02,11.0,,,
en,2024-04-03,10.0,,,
en,2024-04-04,11.0,,,
en,2024-04-05,8.0,,,
en,2024-04-06,12.0,,,
en,2024-04-07,8.0,,,
en,2024-04-08,13.0,,,
en,2024-04-09,17.0,,,
en,2024-04-10,11.0,,,
en,2024-04-11,16.0,,,
en,2024-04-12,5.0,,,
en,2024-04-13,12.0,,,
en,2024-04-14,6.0,,,
en,2024-04-15,8.0,,,
en,2024-04-16,13.0,,,
en,2024-04-17,9.0,,,
en,2024-04-18,9.0,,,
en,2024-04-19,16.0,,,
en,2024-04-20,15.0,,,
en,2024-04-21,11.0,,,
en,2024-04-22,15.0,,,
en,2024-04-23,16.0,,,
en,2024-04-24,34.0,-0.297866376609925,0.1631640689447521,0.4610304455546772
en,2024-04-25,12.0,,,
en,2024-04-26,28.0,-0.2275640578009188,0.1936782404913433,0.4212422982922622
en,2024-04-27,22.0,-0.1666535096751018,0.1932226509194482,0.35987616059455
en,2024-04-28,16.0,,,
en,2024-04-29,19.0,,,
en,2024-04-30,12.0,,,
en,2024-05-01,12.0,,,
en,2024-05-02,12.0,,,
en,2024-05-03,14.0,,,
en,2024-05-04,14.0,,,
en,2024-05-05,19.0,,,
en,2024-05-06,5.0,,,
en,2024-05-07,15.0,,,
en,2024-05-08,11.0,,,
en,2024-05-09,20.0,-0.3150758719537407,0.1794940441381186,0.4945699160918593
en,2024-05-10,14.0,,,
en,2024-05-11,8.0,,,
en,2024-05-12,11.0,,,
en,2024-05-13,13.0,,,
en,2024-05-14,14.0,,,
en,2024-05-15,15.0,,,
en,2024-05-16,24.0,-0.2644769989419728,0.1960058387679358,0.4604828377099086
en,2024-05-17,27.0,-0.3145695013787459,0.1720003579846686,0.4865698593634146
en,2024-05-18,17.0,,,
en,2024-05-19,32.0,-0.3291552425944246,0.1671632180805317,0.4963184606749564
en,2024-05-20,21.0,-0.2603168763841192,0.1624915052116626,0.4228083815957819
en,2024-05-21,15.0,,,
en,2024-05-22,15.0,,,
en,2024-05-23,20.0,-0.2167027062736451,0.1754538952372967,0.392156601510942
en,2024-05-24,26.0,-0.3056732377467247,0.1459990953310177,0.4516723330777425
en,2024-05-25,16.0,,,
en,2024-05-26,20.0,-0.2237224966287612,0.178034227527678,0.4017567241564393
en,2024-05-27,14.0,,,
en,2024-05-28,22.0,-0.3274795211512934,0.1483446839688853,0.4758242051201788
en,2024-05-29,20.0,-0.1855516066774725,0.1826628467068076,0.3682144533842802
en,2024-05-30,9.0,,,
en,2024-05-31,12.0,,,
en,2024-06-01,23.0,-0.1372852076816818,0.2454855817815531,0.382770789463235
en,2024-06-02,16.0,,,
en,2024-06-03,19.0,,,
en,2024-06-04,17.0,,,
en,2024-06-05,17.0,,,
en,2024-06-06,21.0,-0.2579678412349451,0.1635336324217773,0.4215014736567224
en,2024-06-07,9.0,,,
en,2024-06-08,31.0,-0.2160587318602108,0.1846392720096534,0.4006980038698642
en,2024-06-09,15.0,,,
en,2024-06-10,32.0,-0.2515495574916713,0.1555969501496292,0.4071465076413005
en,2024-06-11,25.0,-0.2020333461463451,0.1917483185231685,0.3937816646695137
en,2024-06-12,25.0,-0.2425920888036489,0.2062537915259599,0.4488458803296089
en,2024-06-13,22.0,-0.2452672308480197,0.1712472433732314,0.4165144742212512
en,2024-06-14,27.0,-0.3010146831058793,0.1503222779957232,0.4513369611016026
en,2024-06-15,37.0,-0.20224059420965,0.2013870523235685,0.4036276465332186
en,2024-06-16,26.0,-0.3841783728880378,0.1283200302232916,0.5124984031113294
en,2024-06-17,18.0,,,
en,2024-06-18,10.0,,,
en,2024-06-19,17.0,,,
en,2024-06-20,22.0,-0.13062237795781,0.2311178120699795,0.3617401900277896
en,2024-06-21,20.0,-0.2397751809563487,0.1817171609494834,0.4214923419058323
en,2024-06-22,11.0,,,
en,2024-06-23,22.0,-0.2893040503629229,0.1777214467186819,0.4670254970816048
en,2024-06-24,19.0,,,
en,2024-06-25,28.0,-0.227581403617348,0.1759330265756164,0.4035144301929644
en,2024-06-26,22.0,-0.1514689138328487,0.2227399500764228,0.3742088639092716
en,2024-06-27,17.0,,,
en,2024-06-28,22.0,-0.4094984522936019,0.1240964496338909,0.5335949019274928
en,2024-06-29,10.0,,,
en,2024-06-30,25.0,-0.1775776629522442,0.1994855053350329,0.3770631682872772
en,2024-07-01,10.0,,,
en,2024-07-02,17.0,,,
en,2024-07-03,14.0,,,
en,2024-07-04,18.0,,,
en,2024-07-05,13.0,,,
en,2024-07-06,21.0,-0.3327859510623273,0.1537436420718828,0.4865295931342102
en,2024-07-07,13.0,,,
en,2024-07-08,8.0,,,
en,2024-07-09,21.0,-0.3309476417711093,0.1428083760131682,0.4737560177842776
en,2024-07-10,13.0,,,
en,2024-07-11,8.0,,,
en,2024-07-12,11.0,,,
en,2024-07-13,19.0,,,
en,2024-07-14,14.0,,,
en,2024-07-15,14.0,,,
en,2024-07-16,11.0,,,
en,2024-07-17,13.0,,,
en,2024-07-18,15.0,,,
en,2024-07-19,23.0,-0.2608221981512463,0.1541524061366267,0.4149746042878731
en,2024-07-20,21.0,-0.3821384804766802,0.1359674207688796,0.51810590124556
en,2024-07-21,22.0,-0.2387598813088103,0.1903326635841619,0.4290925448929721
en,2024-07-22,14.0,,,
en,2024-07-23,20.0,-0.3313857624307275,0.1350007927045226,0.46638655513525
en,2024-07-24,16.0,,,
en,2024-07-25,15.0,,,
en,2024-07-26,17.0,,,
en,2024-07-27,15.0,,,
en,2024-07-28,10.0,,,
en,2024-07-29,20.0,-0.0717649006284773,0.2582048934884369,0.3299697941169143
en,2024-07-30,14.0,,,
en,2024-07-31,23.0,-0.3482442707147287,0.1305370688762353,0.4787813395909641
en,2024-08-01,13.0,,,
en,2024-08-02,17.0,,,
en,2024-08-03,10.0,,,
en,2024-08-04,14.0,,,
en,2024-08-05,12.0,,,
en,2024-08-06,21.0,-0.2320107264621626,0.1856638594486173,0.4176745859107801
en,2024-08-07,19.0,,,
en,2024-08-08,24.0,-0.2052188831148669,0.1939705114734048,0.3991893945882718
en,2024-08-09,21.0,-0.2946305463888815,0.1804183289586078,0.4750488753474894
en,2024-08-10,43.0,-0.3651404759391796,0.1194956036674421,0.4846360796066217
en,2024-08-11,26.0,-0.354103436299528,0.169506764361778,0.5236102006613061
en,2024-08-12,34.0,-0.3866150648442699,0.1262601077392258,0.5128751725834959
en,2024-08-13,35.0,-0.2523292671356882,0.1758395353598254,0.4281688024955136
en,2024-08-14,46.0,-0.2486388035847441,0.2006338309172703,0.4492726345020144
en,2024-08-15,30.0,-0.3039291826697687,0.1734356099118788,0.4773647925816476
en,2024-08-16,20.0,-0.2711810294538736,0.1699714750051498,0.4411525044590235
en,2024-08-17,35.0,-0.2584154785477689,0.2211887589788862,0.4796042375266552
en,2024-08-18,23.0,-0.2927883886934622,0.1406759667493726,0.4334643554428349
en,2024-08-19,16.0,,,
en,2024-08-20,17.0,,,
en,2024-08-21,27.0,-0.2422560563793888,0.1861138633555836,0.4283699197349725
en,2024-08-22,23.0,-0.1581071367406326,0.2536839069393666,0.4117910436799992
en,2024-08-23,10.0,,,
en,2024-08-24,29.0,-0.2625440572356355,0.1564287324917727,0.4189727897274083
en,2024-08-25,17.0,,,
en,2024-08-26,17.0,,,
en,2024-08-27,19.0,,,
en,2024-08-28,25.0,-0.3405676903948187,0.1505030712857842,0.491070761680603
en,2024-08-29,22.0,-0.2288231778551231,0.2200890942053361,0.4489122720604593
en,2024-08-30,15.0,,,
en,2024-08-31,17.0,,,
en,2024-09-01,25.0,-0.2973908154666423,0.164493244215846,0.4618840596824884
en,2024-09-02,14.0,,,
en,2024-09-03,21.0,-0.1012425644411927,0.2219224006292365,0.3231649650704293
en,2024-09-04,18.0,,,
en,2024-09-05,31.0,-0.3360599303738244,0.161898601289478,0.4979585316633024
en,2024-09-06,26.0,-0.2623334077831644,0.1889157518028066,0.4512491595859711
en,2024-09-07,27.0,-0.1296538604354417,0.2400383122817233,0.3696921727171651
en,2024-09-08,19.0,,,
en,2024-09-09,20.0,-0.2423746463377028,0.2239064644556492,0.4662811107933521
en,2024-09-10,16.0,,,
en,2024-09-11,22.0,-0.2844093378040601,0.1863271248188208,0.4707364626228809
en,2024-09-12,16.0,,,
en,2024-09-13,20.0,-0.2105910287238657,0.1808166157454252,0.391407644469291
en,2024-09-14,23.0,-0.224823750231577,0.1931607250286185,0.4179844752601955
en,2024-09-15,18.0,,,
en,2024-09-16,19.0,,,
en,2024-09-17,11.0,,,
en,2024-09-18,25.0,-0.1605815618112683,0.2325313507393002,0.3931129125505685
en,2024-09-19,19.0,,,
en,2024-09-20,19.0,,,
en,2024-09-21,28.0,-0.2507221102714538,0.1644228614334549,0.4151449717049087
en,2024-09-22,16.0,,,
en,2024-09-23,13.0,,,
en,2024-09-24,15.0,,,
en,2024-09-25,24.0,-0.3476315238513052,0.1547744610967735,0.5024059849480788
en,2024-09-26,18.0,,,
en,2024-09-27,18.0,,,
en,2024-09-28,10.0,,,
en,2024-09-29,20.0,-0.4084258058108389,0.1235688644461333,0.5319946702569723
en,2024-09-30,18.0,,,
en,2024-10-01,29.0,-0.1128961659710982,0.2217425459931636,0.3346387119642619
en,2024-10-02,18.0,,,
en,2024-10-03,13.0,,,
en,2024-10-04,14.0,,,
en,2024-10-05,14.0,,,
en,2024-10-06,21.0,-0.2994071959650942,0.1565100233558387,0.455917219320933
en,2024-10-07,24.0,-0.140170842098693,0.205037947744131,0.3452087898428241
en,2024-10-08,21.0,-0.1728545422000544,0.2515061852477845,0.424360727447839
en,2024-10-09,21.0,-0.3370213948545001,0.1540834197685831,0.4911048146230833
en,2024-10-10,18.0,,,
en,2024-10-11,18.0,,,
en,2024-10-12,22.0,-0.2778931747359985,0.20550119406967,0.4833943688056685
en,2024-10-13,27.0,-0.3243282194490786,0.1215127615465058,0.4458409809955844
en,2024-10-14,25.0,-0.5169412348419428,0.0891499146074056,0.6060911494493485
en,2024-10-15,22.0,-0.2150392011654648,0.2051922109147364,0.4202314120802012
en,2024-10-16,41.0,-0.2618618494172285,0.1904854996856756,0.4523473491029041
en,2024-10-17,20.0,-0.2025477189570665,0.2008105065673589,0.4033582255244255
en,2024-10-18,15.0,,,
en,2024-10-19,19.0,,,
en,2024-10-20,29.0,-0.2782295131734733,0.1689562739740157,0.4471857871474891
en,2024-10-21,20.0,-0.2229125721380114,0.1850267751142382,0.4079393472522497
en,2024-10-22,13.0,,,
en,2024-10-23,22.0,-0.2778708070347255,0.1689530808309262,0.4468238878656517
en,2024-10-24,17.0,,,
en,2024-10-25,16.0,,,
en,2024-10-26,28.0,-0.4211267013036247,0.1324132914056202,0.553539992709245
en,2024-10-27,13.0,,,
en,2024-10-28,21.0,-0.3873433686260666,0.1304661197853939,0.5178094884114606
en,2024-10-29,15.0,,,
en,2024-10-30,11.0,,,
en,2024-10-31,9.0,,,
en,2024-11-01,26.0,-0.2440071322310429,0.1941947891161991,0.4382019213472421
en,2024-11-02,15.0,,,
en,2024-11-03,14.0,,,
en,2024-11-04,18.0,,,
en,2024-11-05,11.0,,,
en,2024-11-06,25.0,-0.277766666226089,0.1671678044274449,0.4449344706535339
en,2024-11-07,14.0,,,
en,2024-11-08,15.0,,,
en,2024-11-09,13.0,,,
en,2024-11-10,16.0,,,
en,2024-11-11,14.0,,,
en,2024-11-12,13.0,,,
en,2024-11-13,22.0,-0.3752717587419532,0.1168243680149316,0.4920961267568848
en,2024-11-14,27.0,-0.1424958931489123,0.230784675175393,0.3732805683243054
en,2024-11-15,17.0,,,
en,2024-11-16,19.0,,,
en,2024-11-17,23.0,-0.2764194615023291,0.1714044066712907,0.4478238681736199
en,2024-11-18,19.0,,,
en,2024-11-19,19.0,,,
en,2024-11-20,21.0,-0.2181269710972195,0.1828067639753932,0.4009337350726127
en,2024-11-21,20.0,-0.2457817483693361,0.1576287552714347,0.4034105036407709
en,2024-11-22,15.0,,,
en,2024-11-23,20.0,-0.3548366346396506,0.1378952338360249,0.4927318684756755
en,2024-11-24,24.0,-0.1698376115721961,0.2057110209328433,0.3755486325050394
en,2024-11-25,15.0,,,
en,2024-11-26,15.0,,,
en,2024-11-27,18.0,,,
en,2024-11-28,25.0,-0.4042525774985552,0.12350952796638,0.5277621054649353
en,2024-11-29,24.0,-0.2296195704645166,0.1993547026844074,0.4289742731489241
en,2024-11-30,21.0,-0.2299480471937429,0.1932446367683865,0.4231926839621294
en,2024-12-01,15.0,,,
en,2024-12-02,12.0,,,
en,2024-12-03,17.0,,,
en,2024-12-04,10.0,,,
en,2024-12-05,23.0,-0.2735808154811029,0.1720257589350575,0.4456065744161606
en,2024-12-06,18.0,,,
en,2024-12-07,12.0,,,
en,2024-12-08,17.0,,,
en,2024-12-09,12.0,,,
en,2024-12-10,22.0,-0.261810058558529,0.1867212251844731,0.4485312837430022
en,2024-12-11,22.0,-0.275583183477548,0.1734353277662938,0.4490185112438418
en,2024-12-12,15.0,,,
en,2024-12-13,20.0,-0.1613788384012878,0.2111021620221436,0.3724810004234314
en,2024-12-14,22.0,-0.2045092700387943,0.1906042855063622,0.3951135555451566
en,2024-12-15,17.0,,,
en,2024-12-16,19.0,,,
en,2024-12-17,20.0,-0.1758868437260389,0.1812139671295881,0.357100810855627
en,2024-12-18,20.0,-0.2197439596056938,0.1660950914025306,0.3858390510082244
en,2024-12-19,19.0,,,
en,2024-12-20,12.0,,,
en,2024-12-21,10.0,,,
en,2024-12-22,17.0,,,
en,2024-12-23,17.0,,,
en,2024-12-24,13.0,,,
en,2024-12-25,20.0,-0.1518275754526257,0.2065102170221507,0.3583377924747765
en,2024-12-26,16.0,,,
en,2024-12-27,16.0,,,
en,2024-12-28,13.0,,,
en,2024-12-29,16.0,,,
en,2024-12-30,25.0,-0.3202137581259012,0.181056992933154,0.5012707510590553
en,2024-12-31,17.0,,,
en,2025-01-01,11.0,,,
en,2025-01-02,36.0,-0.3224972340588768,0.1378403884462183,0.4603376225050952
en,2025-01-03,17.0,,,
en,2025-01-04,16.0,,,
en,2025-01-05,19.0,,,
en,2025-01-06,30.0,-0.1439915927747885,0.2217179777721564,0.3657095705469449
en,2025-01-07,13.0,,,
en,2025-01-08,19.0,,,
en,2025-01-09,16.0,,,
en,2025-01-10,21.0,-0.2040886910898345,0.1781096965784117,0.3821983876682463
en,2025-01-11,23.0,-0.2029771391788254,0.1847285344872785,0.387705673666104
en,2025-01-12,16.0,,,
en,2025-01-13,18.0,,,
en,2025-01-14,24.0,-0.0593937458470463,0.2199140546532968,0.2793078005003432
en,2025-01-15,27.0,-0.1271999820514961,0.2363182656742908,0.363518247725787
en,2025-01-16,13.0,,,
en,2025-01-17,17.0,,,
en,2025-01-18,15.0,,,
en,2025-01-19,12.0,,,
en,2025-01-20,15.0,,,
en,2025-01-21,19.0,,,
en,2025-01-22,23.0,-0.2046517828560393,0.1983638075382812,0.4030155903943207
en,2025-01-23,24.0,-0.2998301829987516,0.1602832744053254,0.460113457404077
en,2025-01-24,24.0,-0.1368957403271148,0.2181736188164601,0.355069359143575
en,2025-01-25,20.0,-0.3089208886958658,0.1654950282536446,0.4744159169495106
en,2025-01-26,41.0,-0.3647307747656979,0.1391189545847293,0.5038497293504273
en,2025-01-27,20.0,-0.1352226862683892,0.2280355600640177,0.363258246332407
en,2025-01-28,17.0,,,
en,2025-01-29,21.0,-0.3639234629947515,0.1442321341129995,0.508155597107751
en,2025-01-30,23.0,-0.3041423457148282,0.1634705584982167,0.4676129042130449
en,2025-01-31,19.0,,,
en,2025-02-01,24.0,-0.1099344713923831,0.215545707847923,0.3254801792403062
en,2025-02-02,20.0,-0.3446786613203585,0.1663306941278279,0.5110093554481864
en,2025-02-03,7.0,,,
en,2025-02-04,20.0,-0.2963330306112766,0.1513263914734124,0.4476594220846891
en,2025-02-05,19.0,,,
en,2025-02-06,15.0,,,
en,2025-02-07,15.0,,,
en,2025-02-08,22.0,-0.1971831525760618,0.1942455754192037,0.3914287279952656
en,2025-02-09,14.0,,,
en,2025-02-10,20.0,-0.2648985381703824,0.1751546375919133,0.4400531757622957
en,2025-02-11,17.0,,,
en,2025-02-12,9.0,,,
en,2025-02-13,19.0,,,
en,2025-02-14,15.0,,,
en,2025-02-15,20.0,-0.2210485622286796,0.1958680123090743,0.416916574537754
en,2025-02-16,28.0,-0.2395269261407,0.1856456304501209,0.425172556590821
en,2025-02-17,16.0,,,
en,2025-02-18,25.0,-0.1644353428483009,0.206684043854475,0.3711193867027759
en,2025-02-19,28.0,-0.2437238253852618,0.1845427177114678,0.4282665430967297
en,2025-02-20,18.0,,,
en,2025-02-21,13.0,,,
en,2025-02-22,17.0,,,
en,2025-02-23,18.0,,,
en,2025-02-24,27.0,-0.3116699560648865,0.1453688653806845,0.457038821445571
en,2025-02-25,24.0,-0.2413298805865148,0.1865534048217037,0.4278832854082187
en,2025-02-26,20.0,-0.1598481226712465,0.1921298794448375,0.3519780021160841
en,2025-02-27,16.0,,,
en,2025-02-28,28.0,-0.2456039246504328,0.203942991626848,0.4495469162772809
en,2025-03-01,15.0,,,
en,2025-03-02,27.0,-0.2180059016854674,0.173311694352715,0.3913175960381825
en,2025-03-03,16.0,,,
en,2025-03-04,19.0,,,
en,2025-03-05,26.0,-0.2904998531135229,0.1858929336930696,0.4763927868065926
en,2025-03-06,17.0,,,
en,2025-03-07,26.0,-0.1818952528186715,0.2284180571396763,0.4103133099583479
en,2025-03-08,23.0,-0.2862997054243865,0.1879657386275737,0.4742654440519602
en,2025-03-09,17.0,,,
en,2025-03-10,27.0,-0.2897524519099129,0.1570475438126811,0.4467999957225941
en,2025-03-11,24.0,-0.0790678576255838,0.2562234041591485,0.3352912617847323
en,2025-03-12,24.0,-0.3271157412479321,0.1693265279754995,0.4964422692234317
en,2025-03-13,28.0,-0.2826754494703242,0.1432389809883066,0.4259144304586308
en,2025-03-14,22.0,-0.1622409917498853,0.2255186554975807,0.3877596472474662
en,2025-03-15,21.0,-0.2540266037519489,0.1830851209482976,0.4371117247002465
en,2025-03-16,28.0,-0.1457720912460769,0.2336915396153926,0.3794636308614696
en,2025-03-17,27.0,-0.2839672604092845,0.175911639575605,0.4598788999848895
en,2025-03-18,27.0,-0.2186174244033517,0.1855750064262085,0.4041924308295603
en,2025-03-19,13.0,,,
en,2025-03-20,26.0,-0.2401780725743335,0.1881548916706098,0.4283329642449434
en,2025-03-21,30.0,-0.167644785096248,0.2336648046970367,0.4013095897932847
en,2025-03-22,24.0,-0.2539021382108331,0.1698674485087394,0.4237695867195725
en,2025-03-23,22.0,-0.4052844238044186,0.1158726160329851,0.5211570398374037
en,2025-03-24,25.0,-0.2116568917781114,0.2095555856078862,0.4212124773859977
en,2025-03-25,19.0,,,
en,2025-03-26,26.0,-0.2423926073198135,0.1979288438764902,0.4403214511963037
en,2025-03-27,32.0,-0.31048628341523,0.1365950049075763,0.4470812883228063
en,2025-03-28,23.0,-0.1665416248952565,0.2215042144222103,0.3880458393174669
en,2025-03-29,27.0,-0.1439106714808278,0.2178721511391577,0.3617828226199857
en,2025-03-30,22.0,-0.120261493646963,0.2449582296169617,0.3652197232639247
en,2025-03-31,24.0,-0.2745739012413348,0.1737618792103603,0.4483357804516951
en,2025-04-01,22.0,-0.360075906173072,0.1132798290557481,0.4733557352288203
en,2025-04-02,15.0,,,
en,2025-04-03,29.0,-0.2684805810708424,0.1733426342493501,0.4418232153201925
en,2025-04-04,23.0,-0.2573428344710365,0.1628816481274755,0.4202244825985121
en,2025-04-05,19.0,,,
en,2025-04-06,28.0,-0.276829857246152,0.1469668076772774,0.4237966649234295
en,2025-04-07,27.0,-0.3506536587589868,0.1259174673576597,0.4765711261166466
en,2025-04-08,29.0,-0.3514764190105529,0.1272844979860659,0.4787609169966188
en,2025-04-09,26.0,-0.1585350798872801,0.2025710215362218,0.3611061014235019
en,2025-04-10,31.0,-0.218146653064797,0.204186932814698,0.422333585879495
en,2025-04-11,19.0,,,
en,2025-04-12,32.0,-0.1896252743317745,0.1920041186385787,0.3816293929703533
en,2025-04-13,25.0,-0.3163680199533701,0.1420439686626195,0.4584119886159897
en,2025-04-14,31.0,-0.4201301716027721,0.1183814488111003,0.5385116204138725
en,2025-04-15,33.0,-0.2545166761529716,0.1723284598327043,0.4268451359856761
en,2025-04-16,24.0,-0.2770253807927171,0.1621849940468867,0.4392103748396039
en,2025-04-17,22.0,-0.324303681708195,0.169861338185993,0.4941650198941881
en,2025-04-18,43.0,-0.2301370114261327,0.195514002425033,0.4256510138511657
en,2025-04-19,29.0,-0.2639787105907654,0.1528266664465953,0.4168053770373607
en,2025-04-20,21.0,-0.2492126198042006,0.1787059143895194,0.4279185341937201
en,2025-04-21,26.0,-0.2012457700016406,0.2000645813173972,0.401310351319038
en,2025-04-22,18.0,,,
en,2025-04-23,32.0,-0.1980997031496372,0.2047015135467517,0.402801216696389
en,2025-04-24,27.0,-0.2291520753254493,0.1758396217806471,0.4049916971060965
en,2025-04-25,42.0,-0.1809374142792962,0.2056456495608602,0.3865830638401565
en,2025-04-26,25.0,-0.3011898355931043,0.1459353200346231,0.4471251556277275
en,2025-04-27,24.0,-0.2399822265530626,0.1655116307859619,0.4054938573390245
en,2025-04-28,38.0,-0.2655934488989021,0.1687507041680969,0.434344153066999
en,2025-04-29,43.0,-0.1863922494528598,0.1980273212024638,0.3844195706553237
en,2025-04-30,71.0,-0.2355659680152443,0.1779328104318447,0.413498778447089
en,2025-05-01,70.0,-0.2173198317310639,0.190933906925576,0.40825373865664
en,2025-05-02,35.0,-0.1231353419167654,0.23185297069805,0.3549883126148155
en,2025-05-03,61.0,-0.2364923056428794,0.176013678297034,0.4125059839399134
en,2025-05-04,56.0,-0.282795535733125,0.1704569633251853,0.4532524990583105
en,2025-05-05,48.0,-0.1978051671758294,0.2139143479677538,0.4117195151435832
en,2025-05-06,40.0,-0.2541637745220214,0.1698477105703204,0.4240114850923419
en,2025-05-07,48.0,-0.4084538330207579,0.1291567335332122,0.5376105665539702
en,2025-05-08,28.0,-0.2912588481392179,0.1524366273411682,0.4436954754803862
en,2025-05-09,34.0,-0.2163823274347712,0.1973585339591783,0.4137408613939495
en,2025-05-10,32.0,-0.2087782014277763,0.1946730755153111,0.4034512769430876
en,2025-05-11,45.0,-0.1685041065638264,0.2091190719149178,0.3776231784787442
en,2025-05-12,69.0,-0.2690913922598828,0.1576397505089424,0.4267311427688253
en,2025-05-13,56.0,-0.1566900185176304,0.2061748968304268,0.3628649153480572
en,2025-05-14,62.0,-0.1599472574288806,0.1913399508283023,0.3512872082571829
en,2025-05-15,55.0,-0.132276180352677,0.2416315454989671,0.3739077258516441
en,2025-05-16,54.0,-0.3064515188646813,0.1595246888938601,0.4659762077585415
en,2025-05-17,44.0,-0.3006711333820765,0.1552028237757357,0.4558739571578123
en,2025-05-18,59.0,-0.204372409904786,0.2068959859878582,0.4112683958926443
en,2025-05-19,87.0,-0.223998465104264,0.1905291455251903,0.4145276106294544
en,2025-05-20,90.0,-0.2457586727208561,0.1787527640660604,0.4245114367869165
en,2025-05-21,63.0,-0.2086662098706241,0.1834498283468068,0.392116038217431
en,2025-05-22,59.0,-0.3382268384319998,0.1372472954030006,0.4754741338350005
en,2025-05-23,60.0,-0.2748576807789504,0.1588109565588334,0.433668637337784
en,2025-05-24,61.0,-0.2135585671993064,0.1973028660858752,0.4108614332851816
en,2025-05-25,48.0,-0.2904703634946297,0.1633891245195021,0.4538594880141318
en,2025-05-26,48.0,-0.1379561968108949,0.2205097417269522,0.3584659385378472
en,2025-05-27,60.0,-0.2425152807806929,0.1938022955631216,0.4363175763438145
en,2025-05-28,38.0,-0.2307819315281353,0.2058205358487994,0.4366024673769348
en,2025-05-29,45.0,-0.2430365738355451,0.1575515660560792,0.4005881398916244
en,2025-05-30,63.0,-0.2759484089615326,0.1691933676068271,0.4451417765683598
en,2025-05-31,53.0,-0.2317814480091603,0.1821772453709031,0.4139586933800634
en,2025-06-01,53.0,-0.1686435767783309,0.1942638394616122,0.3629074162399431
en,2025-06-02,28.0,-0.2606301645947886,0.171063867630437,0.4316940322252257
en,2025-06-03,49.0,-0.2566570597035544,0.1727195572944319,0.4293766169979864
en,2025-06-04,32.0,-0.1555264578782953,0.2235421751975081,0.3790686330758035
en,2025-06-05,38.0,-0.3020475459726233,0.1588570789286964,0.4609046249013198
en,2025-06-06,26.0,-0.3100517644690206,0.1767083621010757,0.4867601265700964
en,2025-06-07,28.0,-0.1191982174890914,0.2305851450655609,0.3497833625546523
en,2025-06-08,34.0,-0.3245299789123237,0.1435528064749258,0.4680827853872495
en,2025-06-09,22.0,-0.2455135018310763,0.1806962808424775,0.4262097826735539
en,2025-06-10,30.0,-0.25868955925107,0.1726540411512056,0.4313436004022757
en,2025-06-11,34.0,-0.2949775483678369,0.1603263653814792,0.4553039137493161
en,2025-06-12,36.0,-0.2118763632865415,0.1783168052012721,0.3901931684878137
en,2025-06-13,29.0,-0.1962680223494254,0.2204042870615576,0.4166723094109831
en,2025-06-14,25.0,-0.2881140449643135,0.1624021536111831,0.4505161985754967
en,2025-06-15,28.0,-0.2111972741383527,0.1979230891780129,0.4091203633163656
en,2025-06-16,25.0,-0.2636749829351902,0.1790768225491046,0.4427518054842949
en,2025-06-17,23.0,-0.2378534386339394,0.1711011574320171,0.4089545960659566
en,2025-06-18,30.0,-0.2906363883676628,0.1543409345981975,0.4449773229658603
en,2025-06-19,26.0,-0.2473253127760612,0.1679810049871985,0.4153063177632597
en,2025-06-20,18.0,,,
en,2025-06-21,22.0,-0.3190752985379235,0.1396995271894741,0.4587748257273977
en,2025-06-22,22.0,-0.2524576719257642,0.1923319707539948,0.444789642679759
en,2025-06-23,22.0,-0.199784106998281,0.2051078235222534,0.4048919305205345
en,2025-06-24,20.0,-0.3737425304017961,0.1178356469608842,0.4915781773626804
en,2025-06-25,22.0,-0.2396486943418329,0.1708692200481891,0.4105179143900221
en,2025-06-26,20.0,-0.0044851148501038,0.292309757322073,0.2967948721721768
en,2025-06-27,29.0,-0.1251196492591808,0.231825766121519,0.3569454153806999
en,2025-06-28,24.0,-0.2860120184874783,0.152667949674651,0.4386799681621293
en,2025-06-29,22.0,-0.1539850675246932,0.19570294869217,0.3496880162168633
en,2025-06-30,27.0,-0.0795894370724757,0.240213063786979,0.3198025008594548
en,2025-07-01,22.0,-0.1521516729315573,0.2296870739453217,0.3818387468768792
en,2025-07-02,39.0,-0.2497126345928662,0.1697057269227046,0.4194183615155709
en,2025-07-03,28.0,-0.1973487615718372,0.1749628111054854,0.3723115726773228
en,2025-07-04,35.0,-0.3175443869084119,0.1488484563039881,0.4663928432124001
en,2025-07-05,26.0,-0.1960802850528405,0.1612060587280071,0.3572863437808476
en,2025-07-06,25.0,-0.0507080570608377,0.2804899089783429,0.3311979660391808
en,2025-07-07,30.0,-0.3490740270664295,0.1391827944666147,0.4882568215330441
en,2025-07-08,19.0,,,
en,2025-07-09,32.0,-0.2863208834314719,0.1725465190829708,0.4588674025144428
en,2025-07-10,21.0,-0.360027989372611,0.1446980820702654,0.5047260714428765
en,2025-07-11,21.0,-0.2974072732031345,0.1496062113770416,0.4470134845801762
en,2025-07-12,30.0,-0.2500843272854884,0.1770954702049493,0.4271797974904378
en,2025-07-13,31.0,-0.2893868278591863,0.1724902554865806,0.461877083345767
en,2025-07-14,22.0,-0.1913112046366388,0.1953707845373586,0.3866819891739975
en,2025-07-15,28.0,-0.2601249778111066,0.1822399612782256,0.4423649390893323
en,2025-07-16,24.0,-0.2409086298042287,0.2105420501902699,0.4514506799944986
en,2025-07-17,30.0,-0.2251770033190648,0.1708747015645106,0.3960517048835754
en,2025-07-18,32.0,-0.2130040843039751,0.1768678112421184,0.3898718955460936
en,2025-07-19,18.0,,,
en,2025-07-20,20.0,-0.2266905077733099,0.1870046145282685,0.4136951223015785
en,2025-07-21,39.0,-0.187691281716793,0.1970601973052208,0.3847514790220138
en,2025-07-22,22.0,-0.1027935163371942,0.2390066680752418,0.341800184412436
en,2025-07-23,21.0,-0.2737419056218295,0.1701861051399082,0.4439280107617378
en,2025-07-24,21.0,-0.3374127222313767,0.1493894683108443,0.486802190542221
en,2025-07-25,19.0,,,
en,2025-07-26,20.0,-0.267277555540204,0.1844964381307363,0.4517739936709404
en,2025-07-27,32.0,-0.2023215637309476,0.1948067093035205,0.3971282730344683
en,2025-07-28,29.0,-0.2502684696609604,0.2013320818158059,0.4516005514767663
en,2025-07-29,24.0,-0.3168496105354279,0.1481506904431929,0.4650003009786208
en,2025-07-30,18.0,,,
en,2025-07-31,32.0,-0.2245408658054657,0.1756674947100691,0.4002083605155349
en,2025-08-01,20.0,-0.2550115720368922,0.1735700060613453,0.4285815780982375
en,2025-08-02,23.0,-0.2684462981541519,0.1728134122069762,0.4412597103611282
en,2025-08-03,30.0,-0.3259324274646739,0.1567791732959449,0.4827116007606188
en,2025-08-04,29.0,-0.2682706004586713,0.1621657997883599,0.4304364002470312
en,2025-08-05,30.0,-0.4065233507814507,0.1084847071208059,0.5150080579022567
en,2025-08-06,28.0,-0.3102636497600802,0.1541708318649657,0.464434481625046
en,2025-08-07,33.0,-0.2144299542644258,0.1867770598072445,0.4012070140716704
en,2025-08-08,20.0,-0.2052081823348999,0.1873526442795991,0.3925608266144991
en,2025-08-09,24.0,-0.3590912692404042,0.1247865063293526,0.4838777755697568
en,2025-08-10,39.0,-0.2282281310225908,0.1785398186303866,0.4067679496529774
en,2025-08-11,22.0,-0.1888406963341615,0.1954670854928818,0.3843077818270434
en,2025-08-12,28.0,-0.2464786187213446,0.1784574789261179,0.4249360976474626
en,2025-08-13,34.0,-0.2622717212447348,0.1645342268268851,0.42680594807162
en,2025-08-14,38.0,-0.2682042365991755,0.1509794870293453,0.4191837236285209
en,2025-08-15,33.0,-0.2160040624439716,0.1726550081688346,0.3886590706128062
en,2025-08-16,33.0,-0.2161128145614356,0.1799421755766326,0.3960549901380683
en,2025-08-17,27.0,-0.2154667425762724,0.1987599331747602,0.4142266757510326
en,2025-08-18,26.0,-0.2891812591025463,0.1623732716991351,0.4515545308016814
en,2025-08-19,42.0,-0.2639316097788867,0.1632543663006453,0.427185976079532
en,2025-08-20,21.0,-0.1899624580428713,0.1917790451220103,0.3817415031648817
en,2025-08-21,26.0,-0.3392284276107183,0.1409242873868116,0.48015271499753
en,2025-08-22,34.0,-0.1894374020562014,0.1968609329367823,0.3862983349929837
en,2025-08-23,33.0,-0.2472386999112187,0.1751894920951489,0.4224281920063676
en,2025-08-24,32.0,-0.2685819845937658,0.1520626038254703,0.4206445884192362
en,2025-08-25,48.0,-0.278538351218837,0.1709622127236798,0.4495005639425168
en,2025-08-26,28.0,-0.140190218974437,0.2184016080573201,0.3585918270317571
en,2025-08-27,27.0,-0.2141462746593687,0.1867921931876076,0.4009384678469764
en,2025-08-28,25.0,-0.270310729034245,0.1881947610899805,0.4585054901242256
en,2025-08-29,30.0,-0.3567754759142796,0.1260110538452863,0.482786529759566
en,2025-08-30,32.0,-0.2086578877060674,0.193804312206339,0.4024621999124065
en,2025-08-31,26.0,-0.2690817849853864,0.1636902212810057,0.4327720062663922
en,2025-09-01,42.0,-0.3106762694549702,0.1573419453398812,0.4680182147948515
en,2025-09-02,33.0,-0.3316531747466687,0.1406086681580001,0.4722618429046689
en,2025-09-03,31.0,-0.2166929065039561,0.1901347267351323,0.4068276332390885
en,2025-09-04,31.0,-0.2480765304438048,0.1739288938922747,0.4220054243360796
en,2025-09-05,32.0,-0.2095264496165327,0.1857411759556271,0.3952676255721599
en,2025-09-06,44.0,-0.3226053330793299,0.1486591130749068,0.4712644461542368
en,2025-09-07,48.0,-0.2531261603968839,0.1802106476388871,0.433336808035771
en,2025-09-08,34.0,-0.2754446499816635,0.1632486780667129,0.4386933280483764
en,2025-09-09,33.0,-0.2047705618721066,0.1809579422979643,0.385728504170071
en,2025-09-10,34.0,-0.25522798442227,0.1934250920791836,0.4486530765014536
en,2025-09-11,43.0,-0.2256476795950601,0.1657101181010866,0.3913577976961468
en,2025-09-12,31.0,-0.1917121109342383,0.2065255334901232,0.3982376444243615
en,2025-09-13,20.0,-0.264217328839004,0.1886220672167837,0.4528393960557878
en,2025-09-14,26.0,-0.2752573772405202,0.1610085223443232,0.4362658995848436
en,2025-09-15,31.0,-0.3540499413446072,0.1435180572011778,0.4975679985457851
en,2025-09-16,25.0,-0.1843075842410326,0.1950514256209135,0.3793590098619461
en,2025-09-17,28.0,-0.1431441056276006,0.2086588592002433,0.351802964827844
en,2025-09-18,33.0,-0.2667285233848925,0.1521839325062252,0.4189124558911179
en,2025-09-19,27.0,-0.2733290411049017,0.166396801084004,0.4397258421889058
en,2025-09-20,33.0,-0.1533121216026219,0.1980107231347849,0.3513228447374069
en,2025-09-21,28.0,-0.2031285083586616,0.2002118410808699,0.4033403494395315
en,2025-09-22,33.0,-0.2727599970319054,0.1667919088945244,0.4395519059264298
en,2025-09-23,42.0,-0.1710421863411154,0.2046674371120475,0.3757096234531629
en,2025-09-24,18.0,,,
en,2025-09-25,31.0,-0.2462608039138778,0.1721239879487022,0.4183847918625801
en,2025-09-26,38.0,-0.1467456899485305,0.2008645135027013,0.3476102034512319
en,2025-09-27,25.0,-0.1438504512608051,0.2117221711575985,0.3555726224184036
en,2025-09-28,23.0,-0.1617237969261148,0.1940055316233116,0.3557293285494265
en,2025-09-29,26.0,-0.2206520099694339,0.1827038148632988,0.4033558248327328
en,2025-09-30,29.0,-0.3278020148261867,0.1492892338669505,0.4770912486931373
en,2025-10-01,22.0,-0.1690354717218063,0.1896788919005881,0.3587143636223944
en,2025-10-02,20.0,-0.0935432653874158,0.2290288783609867,0.3225721437484026
en,2025-10-03,26.0,-0.2993848160482369,0.1619130781350227,0.4612978941832597
en,2025-10-04,30.0,-0.2907281313712398,0.1491286367798844,0.4398567681511243
en,2025-10-05,33.0,-0.2807065701733033,0.1640685393164555,0.4447751094897588
en,2025-10-06,34.0,-0.2748545706819962,0.1692845248891149,0.4441390955711112
en,2025-10-07,34.0,-0.3282885401071432,0.1587634979856802,0.4870520380928236
en,2025-10-08,32.0,-0.2688137941295281,0.1686301917652599,0.437443985894788
en,2025-10-09,39.0,-0.2097955281153703,0.1733831000060606,0.383178628121431
en,2025-10-10,45.0,-0.1907083496865299,0.1978357011659277,0.3885440508524577
en,2025-10-11,38.0,-0.2648466567655927,0.1535946067030492,0.4184412634686419
en,2025-10-12,39.0,-0.2869180403172205,0.1647593801697859,0.4516774204870065
en,2025-10-13,32.0,-0.1853380696848034,0.1949127248954028,0.3802507945802063
en,2025-10-14,34.0,-0.236763927154243,0.1791816482539562,0.4159455754081992
en,2025-10-15,50.0,-0.3415247521549463,0.1311894591897725,0.4727142113447189
en,2025-10-16,39.0,-0.28777130602453,0.1501150107823121,0.4378863168068421
en,2025-10-17,41.0,-0.237174148921196,0.1797855984783026,0.4169597473994987
en,2025-10-18,46.0,-0.2915590503050581,0.1565971200799812,0.4481561703850393
en,2025-10-19,43.0,-0.2958254998246598,0.1487039405159478,0.4445294403406076
en,2025-10-20,47.0,-0.1848340336867469,0.1976449651683264,0.3824789988550734
en,2025-10-21,33.0,-0.2174280658646515,0.1852934815158898,0.4027215473805413
en,2025-10-22,38.0,-0.1327253596759156,0.2308404159389043,0.36356577561482
en,2025-10-23,52.0,-0.2554388054682371,0.1683075118702477,0.423746317338485
en,2025-10-24,35.0,-0.2212125855098877,0.1888010488823055,0.4100136343921934
en,2025-10-25,49.0,-0.1686600683903207,0.2024225026977305,0.3710825710880513
en,2025-10-26,43.0,-0.2392834781040979,0.1873088074458199,0.4265922855499179
en,2025-10-27,29.0,-0.3390737853558926,0.1490432199347635,0.4881170052906562
en,2025-10-28,35.0,-0.1248966949326651,0.2216907949319907,0.3465874898646559
en,2025-10-29,37.0,-0.1904839989099953,0.1872233155410032,0.3777073144509986
en,2025-10-30,29.0,-0.213914491300439,0.191227214410901,0.40514170571134
en,2025-10-31,40.0,-0.2611252178438007,0.1517010773532092,0.41282629519701
en,2025-11-01,32.0,-0.1739340001367963,0.1995887015364132,0.3735227016732096
en,2025-11-02,27.0,-0.2472436592948657,0.1824201834560544,0.4296638427509202
en,2025-11-03,36.0,-0.2109575084307127,0.1821463172220521,0.3931038256527649
en,2025-11-04,36.0,-0.2018029018201761,0.1906137331906292,0.3924166350108053
en,2025-11-05,46.0,-0.2385146090882303,0.1740190661917237,0.4125336752799542
en,2025-11-06,21.0,-0.2614996229254064,0.1783502093028454,0.4398498322282518
en,2025-11-07,27.0,-0.2196799618778405,0.2061494842723563,0.4258294461501969
en,2025-11-08,30.0,-0.2666535649448633,0.1457303910205761,0.4123839559654395
en,2025-11-09,45.0,-0.2881453826195664,0.1607683439221646,0.4489137265417311
en,2025-11-10,32.0,-0.2572872873861342,0.1634581813123076,0.420745468698442
en,2025-11-11,48.0,-0.2206138283557569,0.1795428644400089,0.4001566927957659
en,2025-11-12,36.0,-0.2271601793149279,0.1822456728356579,0.4094058521505859
en,2025-11-13,51.0,-0.2825340696920951,0.1622817719756972,0.4448158416677923
en,2025-11-14,54.0,-0.1918681184588759,0.185381094476691,0.3772492129355669
en,2025-11-15,34.0,-0.2720105021315462,0.1660629508688169,0.4380734530003631
en,2025-11-16,26.0,-0.2074829701047677,0.2121429005637765,0.4196258706685442
en,2025-11-17,30.0,-0.1854113776236772,0.1914111275225877,0.376822505146265
en,2025-11-18,24.0,-0.298072206787765,0.1554193745056788,0.4534915812934438
en,2025-11-19,37.0,-0.3221336893636632,0.1363139526566137,0.4584476420202771
en,2025-11-20,44.0,-0.248493102167479,0.1752029087987135,0.4236960109661926
en,2025-11-21,40.0,-0.2213845418300479,0.1912329567130655,0.4126174985431134
en,2025-11-22,42.0,-0.2530746935378937,0.1554148814951379,0.4084895750330317
en,2025-11-23,50.0,-0.273584412150085,0.1469609550014138,0.4205453671514988
en,2025-11-24,37.0,-0.3729451877140515,0.1306772185237826,0.5036224062378342
en,2025-11-25,41.0,-0.3555049838997969,0.134618624227076,0.4901236081268729
en,2025-11-26,37.0,-0.3001298650193053,0.1571465620418657,0.4572764270611711
en,2025-11-27,29.0,-0.2319693624459464,0.1784059194655254,0.4103752819114717
en,2025-11-28,28.0,-0.2189367301762104,0.1900853654369711,0.4090220956131816
en,2025-11-29,52.0,-0.1980927198623808,0.1869089891059467,0.3850017089683276
en,2025-11-30,32.0,-0.1532451788662001,0.222362809930928,0.3756079887971282
en,2025-12-01,37.0,-0.2502076519099441,0.1720455266736648,0.4222531785836091
en,2025-12-02,46.0,-0.242874394049463,0.1696084142541107,0.4124828083035738
en,2025-12-03,30.0,-0.2534759290516376,0.181151591365536,0.4346275204171737
en,2025-12-04,37.0,-0.3227190212724176,0.1546185802466966,0.4773376015191142
en,2025-12-05,69.0,-0.2456248255338574,0.1559070449565415,0.4015318704903989
en,2025-12-06,33.0,-0.2417335496989615,0.1689149355515837,0.4106484852505452
en,2025-12-07,44.0,-0.3211079150099646,0.1439471451396291,0.4650550601495938
en,2025-12-08,38.0,-0.2001840606282808,0.185370747906793,0.3855548085350739
en,2025-12-09,46.0,-0.2560619242570322,0.1562916491909519,0.4123535734479842
en,2025-12-10,48.0,-0.2061047400347888,0.1905919856702288,0.3966967257050176
en,2025-12-11,36.0,-0.2639777565685411,0.1511448573631544,0.4151226139316956
en,2025-12-12,37.0,-0.1899722267344996,0.2017150111999865,0.3916872379344863
en,2025-12-13,44.0,-0.196927568917586,0.1849033340219069,0.381830902939493
en,2025-12-14,40.0,-0.1480578800663352,0.2011803139001131,0.3492381939664483
en,2025-12-15,28.0,-0.3273229175247252,0.1335720497715685,0.4608949672962938
en,2025-12-16,30.0,-0.245278720681866,0.1645965728908777,0.4098752935727437
en,2025-12-17,30.0,-0.3018736486012737,0.1435110815490285,0.4453847301503023
en,2025-12-18,40.0,-0.1989999745972454,0.2108643597923218,0.4098643343895674
en,2025-12-19,43.0,-0.2622188937655368,0.1627007451038374,0.4249196388693743
en,2025-12-20,53.0,-0.2556774136171026,0.1647307645740373,0.42040817819114
en,2025-12-21,43.0,-0.2487903212218783,0.1642859105973742,0.4130762318192526
en,2025-12-22,38.0,-0.1965266244584008,0.2096885308427245,0.4062151553011254
en,2025-12-23,40.0,-0.2445762246381491,0.1852635143790393,0.4298397390171885
en,2025-12-24,29.0,-0.3201587758637194,0.1404720705709066,0.4606308464346261
en,2025-12-25,28.0,-0.1637675590547067,0.1964960320453558,0.3602635911000626
en,2025-12-26,36.0,-0.2071433528326451,0.1849732250492606,0.3921165778819058
en,2025-12-27,45.0,-0.2720148130423493,0.1642025256322489,0.4362173386745983
en,2025-12-28,33.0,-0.1236779097128998,0.2312635717292626,0.3549414814421625
en,2025-12-29,37.0,-0.3506489142121092,0.1358771351593974,0.4865260493715067
en,2025-12-30,44.0,-0.2318739190867001,0.1514124220914461,0.3832863411781462
en,2025-12-31,33.0,-0.260908954635714,0.1727432666177099,0.4336522212534239
en,2026-01-01,30.0,-0.2279722649604082,0.1653143300364415,0.3932865949968497
en,2026-01-02,41.0,-0.300090361068525,0.1504893446931751,0.4505797057617001
en,2026-01-03,52.0,-0.3008835894198945,0.1466265245197484,0.4475101139396429
en,2026-01-04,41.0,-0.2161303648679721,0.1920338599238453,0.4081642247918176
en,2026-01-05,39.0,-0.3256934823898169,0.1373235063675122,0.4630169887573291
en,2026-01-06,46.0,-0.2648720878135899,0.1811972633814034,0.4460693511949933
en,2026-01-07,39.0,-0.1254020611254068,0.2290536638062734,0.3544557249316802
en,2026-01-08,53.0,-0.26864343930809,0.1705265821853898,0.4391700214934799
en,2026-01-09,42.0,-0.284586761545922,0.1541896064632704,0.4387763680091926
en,2026-01-10,28.0,-0.236655040311494,0.1703826473094522,0.4070376876209463
en,2026-01-11,68.0,-0.2712650862248504,0.1558385569163981,0.4271036431412486
en,2026-01-12,44.0,-0.1358395220542496,0.2215147587386044,0.357354280792854
en,2026-01-13,43.0,-0.1987377626518177,0.1889778370860704,0.3877155997378881
en,2026-01-14,47.0,-0.2908879902332704,0.1560328078674192,0.4469207981006896
en,2026-01-15,43.0,-0.2429379466487917,0.1619672805590684,0.4049052272078602
en,2026-01-16,32.0,-0.2663426361978054,0.1675793875474482,0.4339220237452537
en,2026-01-17,51.0,-0.3443527177487518,0.1361210924372369,0.4804738101859887
en,2026-01-18,46.0,-0.1107389195214794,0.2211702898063737,0.3319092093278532
en,2026-01-19,49.0,-0.2696403256066295,0.1653383786086829,0.4349787042153125
en,2026-01-20,53.0,-0.1947506011094687,0.1896321784072326,0.3843827795167014
en,2026-01-21,49.0,-0.2410888131327775,0.180695859829382,0.4217846729621595
en,2026-01-22,51.0,-0.2521035637633473,0.1651180282819504,0.4172215920452978
en,2026-01-23,53.0,-0.1956558952213458,0.1971721978822969,0.3928280931036427
en,2026-01-24,53.0,-0.2868708726018667,0.1471804289393267,0.4340513015411935
en,2026-01-25,44.0,-0.2170044468207792,0.1751964906738563,0.3922009374946356
en,2026-01-26,29.0,-0.2086847472036707,0.1652086321906796,0.3738933793943503
en,2026-01-27,49.0,-0.3585537303695265,0.1344621508781398,0.4930158812476664
en,2026-01-28,50.0,-0.2266939823888242,0.1592902327515184,0.3859842151403427
en,2026-01-29,56.0,-0.3043344784361709,0.1627830654282921,0.4671175438644631
en,2026-01-30,44.0,-0.2767279837068848,0.1501705204771662,0.426898504184051
en,2026-01-31,45.0,-0.2185617111209366,0.1793776046484708,0.3979393157694075
en,2026-02-01,44.0,-0.1892099044793709,0.1951608930883759,0.3843707975677468
en,2026-02-02,62.0,-0.2469132103085998,0.152139939818411,0.399053150127011
en,2026-02-03,39.0,-0.1576973377989652,0.2008051214596399,0.3585024592586053
en,2026-02-04,34.0,-0.254384322091937,0.1688989487421862,0.4232832708341233
en,2026-02-05,36.0,-0.3737718818140113,0.1392458388323171,0.5130177206463284
en,2026-02-06,36.0,-0.2179098726871112,0.1875542460733817,0.405464118760493
en,2026-02-07,36.0,-0.1840482339676883,0.1996227312419149,0.3836709652096033
en,2026-02-08,37.0,-0.3325021170784493,0.1309909074995162,0.4634930245779656
en,2026-02-09,38.0,-0.3513229584174329,0.1438133285478933,0.4951362869653262
en,2026-02-10,43.0,-0.1763701868178539,0.2053237170587445,0.3816939038765985
en,2026-02-11,37.0,-0.3103213297656259,0.1448079044049655,0.4551292341705915
en,2026-02-12,31.0,-0.310035525851192,0.1355578793032515,0.4455934051544435
en,2026-02-13,44.0,-0.1593975027684461,0.2032318666408007,0.3626293694092469
en,2026-02-14,48.0,-0.2145766825027143,0.1932751622904713,0.4078518447931856
en,2026-02-15,38.0,-0.2383789773050107,0.16967533460181,0.4080543119068208
en,2026-02-16,46.0,-0.307753552864913,0.1539515809398954,0.4617051338048085
en,2026-02-17,48.0,-0.282209421818455,0.1491846591234207,0.4313940809418757
en,2026-02-18,42.0,-0.1883487079647325,0.1849870654266504,0.373335773391383
en,2026-02-19,44.0,-0.2496286498975347,0.1717761041681197,0.4214047540656545
en,2026-02-20,34.0,-0.2781536390676218,0.150653045186225,0.4288066842538469
en,2026-02-21,45.0,-0.3262288253133495,0.1627119146908322,0.4889407400041818
en,2026-02-22,46.0,-0.2405936914374647,0.1704068454387395,0.4110005368762042
en,2026-02-23,38.0,-0.2676237958091262,0.1635294263251125,0.4311532221342388
en,2026-02-24,40.0,-0.095175594324246,0.2371095404494553,0.3322851347737014
en,2026-02-25,48.0,-0.3045127879983435,0.1559373054575795,0.4604500934559231
en,2026-02-26,35.0,-0.2829387088439294,0.145617452636361,0.4285561614802906
en,2026-02-27,44.0,-0.2300762018104168,0.1571459287184883,0.3872221305289052
en,2026-02-28,44.0,-0.2702112371440638,0.1627876290374181,0.432998866181482
en,2026-03-01,42.0,-0.2191599765792489,0.1767828755878976,0.3959428521671465
en,2026-03-02,64.0,-0.1909910591493826,0.1952463457710109,0.3862374049203936
en,2026-03-03,38.0,-0.2321014912112763,0.2063099138046565,0.4384114050159329
en,2026-03-04,41.0,-0.2948681381417484,0.1453226230493405,0.4401907611910889
en,2026-03-05,34.0,-0.2901754884925835,0.1558019387919236,0.4459774272845072
en,2026-03-06,29.0,-0.2808541651044426,0.1536312241364142,0.4344853892408568
en,2026-03-07,46.0,-0.1171731110662221,0.2289022980662791,0.3460754091325013
en,2026-03-08,60.0,-0.2770800718106329,0.1614343203914661,0.4385143922020991
en,2026-03-09,51.0,-0.2739954696347316,0.178407907814664,0.4524033774493956
en,2026-03-10,39.0,-0.1237681634151018,0.2173831212597015,0.3411512846748034
en,2026-03-11,36.0,-0.2736668408227463,0.177445832795153,0.4511126736178994
en,2026-03-12,42.0,-0.3648523874802604,0.1372573744461294,0.5021097619263899
en,2026-03-13,51.0,-0.3687993319449471,0.1236001846983152,0.4923995166432623
en,2026-03-14,35.0,-0.2803520402205842,0.159404757246375,0.4397567974669593
en,2026-03-15,47.0,-0.2929115307299381,0.1472505772525959,0.440162107982534
en,2026-03-16,49.0,-0.3070677233745857,0.1394367951671687,0.4465045185417545
en,2026-03-17,45.0,-0.2495931193025575,0.1689258300802773,0.4185189493828349
en,2026-03-18,48.0,-0.2723093232489191,0.1572119195673924,0.4295212428163116
en,2026-03-19,36.0,-0.3741160084803899,0.1372489444911479,0.511364952971538
en,2026-03-20,33.0,-0.194976998323744,0.1984396800963264,0.3934166784200704
en,2026-03-21,35.0,-0.2494272055902651,0.1791229920195681,0.4285501976098333
en,2026-03-22,53.0,-0.1819989768753074,0.1731720507355793,0.3551710276108867
en,2026-03-23,41.0,-0.174590934249686,0.2043996501441408,0.3789905843938269
en,2026-03-24,40.0,-0.1855715526267886,0.1760285246185958,0.3616000772453844
en,2026-03-25,41.0,-0.3333504361713805,0.1359689762679541,0.4693194124393346
en,2026-03-26,37.0,-0.2759191662677236,0.1702390224546999,0.4461581887224236
en,2026-03-27,53.0,-0.2599723117320605,0.1535116207416889,0.4134839324737495
en,2026-03-28,37.0,-0.2665488978696836,0.1736192857292857,0.4401681835989694
en,2026-03-29,32.0,-0.2424260519910603,0.1810892970534041,0.4235153490444645
en,2026-03-30,42.0,-0.2532127484945314,0.1777065655748758,0.4309193140694073
en,2026-03-31,40.0,-0.2891056591179222,0.1442952781450003,0.4334009372629225
en,2026-04-01,35.0,-0.2313066394999623,0.189147879635649,0.4204545191356114
en,2026-04-02,37.0,-0.129226855128198,0.208866578904358,0.3380934340325561
en,2026-04-03,37.0,-0.1891549685718239,0.1786037553605195,0.3677587239323435
en,2026-04-04,38.0,-0.224484164954016,0.1836892692862372,0.4081734342402534
en,2026-04-05,27.0,-0.2138122679596698,0.1907374480118353,0.4045497159715052
en,2026-04-06,55.0,-0.2680138453841209,0.1545842471447857,0.4225980925289067
en,2026-04-07,33.0,-0.2847873387350277,0.150224195793271,0.4350115345282988
en,2026-04-08,40.0,-0.3008682912914082,0.1425771718146279,0.4434454631060361
en,2026-04-09,32.0,-0.3496151602303143,0.1328014942409936,0.482416654471308
en,2026-04-10,57.0,-0.1660586906956476,0.1970737066054553,0.3631323973011029
en,2026-04-11,34.0,-0.1586617913699763,0.2276641607339329,0.3863259521039093
en,2026-04-12,44.0,-0.3286210084969008,0.1378329365979879,0.4664539450948888
en,2026-04-13,56.0,-0.2942416937023933,0.1556247132497706,0.449866406952164
en,2026-04-14,42.0,-0.2550927339831278,0.1516889198461458,0.4067816538292737
en,2026-04-15,36.0,-0.1882410765780756,0.1941967435543321,0.3824378201324079
en,2026-04-16,36.0,-0.3341967473323974,0.1332367913694017,0.4674335387017991
en,2026-04-17,45.0,-0.1871487202743689,0.1872425070239438,0.3743912272983127
en,2026-04-18,49.0,-0.2639079615853879,0.1627946018184325,0.4267025634038205
en,2026-04-19,26.0,-0.2993032314026585,0.1498919829296377,0.4491952143322963
en,2026-04-20,36.0,-0.2801317662104136,0.1620638092669347,0.4421955754773484
en,2026-04-21,42.0,-0.2390216353482433,0.1724716302096133,0.4114932655578568
en,2026-04-22,35.0,-0.2118816070790802,0.1814438672470194,0.3933254743260996
en,2026-04-23,26.0,-0.2842182443262293,0.1508581786631391,0.4350764229893684
en,2026-04-24,28.0,-0.2305057223753205,0.1691246102564036,0.3996303326317242
en,2026-04-25,42.0,-0.3140715273939782,0.1504282285015852,0.4644997558955635
en,2026-04-26,27.0,-0.2612764634605911,0.177921367533229,0.4391978309938201
en,2026-04-27,30.0,-0.2291043374066551,0.1648203859105706,0.3939247233172258
en,2026-04-28,23.0,-0.305629408472906,0.1744612461036961,0.4800906545766022
en,2026-04-29,30.0,-0.2700229481173058,0.1901020084507763,0.4601249565680821
en,2026-04-30,32.0,-0.2333623876329511,0.159955609589815,0.3933179972227663
en,2026-05-01,34.0,-0.1882630893960595,0.1921509470900191,0.3804140364860787
en,2026-05-02,39.0,-0.2378890034384452,0.1747470601724508,0.4126360636108961
en,2026-05-03,43.0,-0.2128366202679137,0.182788077633568,0.3956246979014818
en,2026-05-04,47.0,-0.3715595278413371,0.1099866438022953,0.4815461716436325
en,2026-05-05,42.0,-0.1283408716054899,0.2315264656873686,0.3598673372928585
en,2026-05-06,33.0,-0.2380885062457034,0.1558386445835684,0.3939271508292718
en,2026-05-07,45.0,-0.2950585066444344,0.1479917927748626,0.4430502994192971
en,2026-05-08,30.0,-0.2792400910829504,0.175551045499742,0.4547911365826925
en,2026-05-09,38.0,-0.2218929598794171,0.18414452877876,0.4060374886581772
en,2026-05-10,41.0,-0.3031549384226886,0.1535583399690505,0.4567132783917392
en,2026-05-11,39.0,-0.1518332184507296,0.2114338009403302,0.3632670193910599
en,2026-05-12,29.0,-0.3449998602014163,0.122653005195075,0.4676528653964914
en,2026-05-13,21.0,-0.1232371788383239,0.2211187525785395,0.3443559314168635
en,2026-05-14,46.0,-0.1366010874752765,0.2140440617323569,0.3506451492076334
en,2026-05-15,45.0,-0.2546993465680215,0.173810627663301,0.4285099742313226
en,2026-05-16,38.0,-0.16964833105081,0.2120346617149678,0.381682992765778
en,2026-05-17,32.0,-0.1107900494243949,0.2055348143912851,0.3163248638156801
en,2026-05-18,37.0,-0.2239273654649386,0.1848881017114665,0.4088154671764051
en,2026-05-19,45.0,-0.2392303600079483,0.1716663109759489,0.4108966709838973
en,2026-05-20,39.0,-0.3268544988181346,0.1449200026690959,0.4717745014872306
en,2026-05-21,34.0,-0.320869045359466,0.1352166924351716,0.4560857377946377
en,2026-05-22,40.0,-0.1449260545894503,0.2297517168801278,0.3746777714695781
en,2026-05-23,35.0,-0.1613811787750039,0.2117968735950333,0.3731780523700373
en,2026-05-24,27.0,-0.3579019127689578,0.1519841725972515,0.5098860853662094
en,2026-05-25,39.0,-0.2538609756156802,0.1700439897055427,0.4239049653212229
en,2026-05-26,36.0,-0.1794654451207154,0.2158788003337879,0.3953442454545034
en,2026-05-27,36.0,-0.2163390814740624,0.1780578194496531,0.3943969009237157
en,2026-05-28,53.0,-0.2367797386041789,0.1843252809331664,0.4211050195373454
en,2026-05-29,34.0,-0.314648297149688,0.1583906850120162,0.4730389821617042
en,2026-05-30,25.0,-0.2942960948869586,0.1536759166792034,0.4479720115661621
en,2026-05-31,26.0,-0.3247196785747431,0.1464719076354342,0.4711915862101775
en,2026-06-01,44.0,-0.2776152432726865,0.1637765766460109,0.4413918199186975
en,2026-06-02,46.0,-0.222073551631816,0.1730768722279564,0.3951504238597724
en,2026-06-03,35.0,-0.1239545797663075,0.2274229677660124,0.35137754753232
en,2026-06-04,30.0,-0.2416532938058177,0.1820980849986274,0.4237513788044452
en,2026-06-05,41.0,-0.2674282980492202,0.183538847262176,0.4509671453113963
en,2026-06-06,32.0,-0.2480536262737587,0.1910599302500485,0.4391135565238073
en,2026-06-07,34.0,-0.1816836317782016,0.196188412113663,0.3778720438918647
en,2026-06-08,34.0,-0.2300751929664436,0.1555066372213118,0.3855818301877555
en,2026-06-09,33.0,-0.2396854352996204,0.1562451448178652,0.3959305801174857
en,2026-06-10,39.0,-0.2333005989113679,0.180710191384722,0.4140107902960899
en,2026-06-11,18.0,,,
en,2026-06-12,17.0,,,
en,2026-06-13,36.0,-0.2771735838873105,0.1432864564833127,0.4204600403706233
en,2026-06-14,36.0,-0.2992905726294136,0.1557637945386684,0.4550543671680821
en,2026-06-15,15.0,,,
en,2026-06-16,17.0,,,
en,2026-06-17,26.0,-0.2405937468059934,0.1912015969506823,0.4317953437566757
en,2026-06-18,28.0,-0.2372608671097883,0.170410316770098,0.4076711838798864
en,2026-06-19,16.0,,,
en,2026-06-20,21.0,-0.3584760927284757,0.1326714013037936,0.4911474940322694
en,2026-06-21,24.0,-0.269561650386701,0.1623380471331377,0.4318996975198388
en,2026-06-22,20.0,-0.283949989080429,0.159302245080471,0.4432522341609001
en,2026-06-23,18.0,,,
en,2026-06-24,28.0,-0.3882640544990344,0.1202166236803999,0.5084806781794343
en,2026-06-25,15.0,,,
en,2026-06-26,15.0,,,
en,2026-06-27,11.0,,,
en,2026-06-28,29.0,-0.2273327645299763,0.1744759875381815,0.4018087520681578
en,2026-06-29,17.0,,,
en,2026-06-30,25.0,-0.4149964732304215,0.1322941401228308,0.5472906133532525
en,2026-07-01,19.0,,,
en,2026-07-02,19.0,,,
en,2026-07-03,14.0,,,
en,2026-07-04,13.0,,,
en,2026-07-05,23.0,-0.2354574585738389,0.1873541616875192,0.4228116202613581
en,2026-07-06,21.0,-0.2312738882111651,0.1607913111469575,0.3920651993581227
en,2026-07-07,26.0,-0.3309720155711357,0.1581835302595908,0.4891555458307266
en,2026-07-08,30.0,-0.2177226573849718,0.2100759270911415,0.4277985844761133
en,2026-07-09,9.0,,,
other,2024-10-15,1.0,,,
other,2025-03-10,1.0,,,
other,2025-06-05,1.0,,,
other,2025-07-03,1.0,,,
other,2025-08-26,1.0,,,
other,2025-12-04,2.0,,,
other,2025-12-09,2.0,,,
other,2025-12-13,2.0,,,
other,2025-12-31,2.0,,,
other,2026-01-10,1.0,,,
other,2026-01-11,1.0,,,
other,2026-01-15,1.0,,,
other,2026-01-20,1.0,,,
other,2026-01-21,1.0,,,
other,2026-01-22,1.0,,,
other,2026-02-01,1.0,,,
other,2026-02-09,1.0,,,
other,2026-02-10,1.0,,,
other,2026-02-14,1.0,,,
other,2026-02-21,3.0,,,
other,2026-03-10,2.0,,,
other,2026-03-21,1.0,,,
other,2026-03-23,1.0,,,
other,2026-03-24,1.0,,,
other,2026-03-25,1.0,,,
other,2026-04-09,2.0,,,
other,2026-04-10,2.0,,,
other,2026-04-11,2.0,,,
other,2026-04-12,1.0,,,
other,2026-04-14,1.0,,,
other,2026-04-21,1.0,,,
other,2026-04-25,1.0,,,
other,2026-05-04,1.0,,,
other,2026-05-29,1.0,,,
other,2026-06-16,1.0,,,
other,2026-07-03,1.0,,,
ru,2023-01-20,1.0,,,
ru,2023-12-01,1.0,,,
ru,2023-12-03,1.0,,,
ru,2024-03-26,1.0,,,
ru,2024-03-28,1.0,,,
ru,2024-05-01,1.0,,,
ru,2024-05-02,1.0,,,
ru,2024-05-04,1.0,,,
ru,2024-05-07,1.0,,,
ru,2024-05-12,1.0,,,
ru,2024-05-16,1.0,,,
ru,2024-05-22,1.0,,,
ru,2024-05-24,1.0,,,
ru,2024-05-28,1.0,,,
ru,2024-07-13,1.0,,,
ru,2024-07-17,1.0,,,
ru,2024-08-08,1.0,,,
ru,2024-08-13,1.0,,,
ru,2024-09-02,1.0,,,
ru,2024-09-24,1.0,,,
ru,2024-10-08,2.0,,,
ru,2024-10-31,1.0,,,
ru,2024-11-10,1.0,,,
ru,2024-11-23,1.0,,,
ru,2024-12-02,1.0,,,
ru,2024-12-18,1.0,,,
ru,2025-01-06,1.0,,,
ru,2025-01-11,1.0,,,
ru,2025-02-01,1.0,,,
ru,2025-02-08,1.0,,,
ru,2025-02-19,2.0,,,
ru,2025-02-22,1.0,,,
ru,2025-03-03,1.0,,,
ru,2025-03-10,1.0,,,
ru,2025-03-31,1.0,,,
ru,2025-04-02,1.0,,,
ru,2025-04-08,1.0,,,
ru,2025-04-13,1.0,,,
ru,2025-04-15,1.0,,,
ru,2025-04-20,1.0,,,
ru,2025-04-24,1.0,,,
ru,2025-04-29,1.0,,,
ru,2025-04-30,7.0,,,
ru,2025-05-01,5.0,,,
ru,2025-05-02,6.0,,,
ru,2025-05-03,2.0,,,
ru,2025-05-04,4.0,,,
ru,2025-05-05,5.0,,,
ru,2025-05-06,5.0,,,
ru,2025-05-07,9.0,,,
ru,2025-05-08,4.0,,,
ru,2025-05-09,3.0,,,
ru,2025-05-11,9.0,,,
ru,2025-05-12,7.0,,,
ru,2025-05-13,6.0,,,
ru,2025-05-14,7.0,,,
ru,2025-05-15,10.0,,,
ru,2025-05-16,9.0,,,
ru,2025-05-17,5.0,,,
ru,2025-05-18,7.0,,,
ru,2025-05-19,16.0,,,
ru,2025-05-20,8.0,,,
ru,2025-05-21,5.0,,,
ru,2025-05-22,13.0,,,
ru,2025-05-23,6.0,,,
ru,2025-05-24,7.0,,,
ru,2025-05-25,11.0,,,
ru,2025-05-26,6.0,,,
ru,2025-05-27,3.0,,,
ru,2025-05-28,2.0,,,
ru,2025-05-29,5.0,,,
ru,2025-05-30,5.0,,,
ru,2025-05-31,3.0,,,
ru,2025-06-01,16.0,,,
ru,2025-06-02,8.0,,,
ru,2025-06-03,10.0,,,
ru,2025-06-04,10.0,,,
ru,2025-06-05,13.0,,,
ru,2025-06-06,15.0,,,
ru,2025-06-07,7.0,,,
ru,2025-06-08,20.0,-0.0138350404798984,0.2508919578045606,0.2647269982844591
ru,2025-06-09,16.0,,,
ru,2025-06-10,11.0,,,
ru,2025-06-11,20.0,-0.1263855339959263,0.1881699688732623,0.3145555028691887
ru,2025-06-12,16.0,,,
ru,2025-06-13,7.0,,,
ru,2025-06-14,12.0,,,
ru,2025-06-15,15.0,,,
ru,2025-06-16,15.0,,,
ru,2025-06-17,39.0,-0.1738346037096702,0.1829340410633729,0.3567686447730431
ru,2025-06-18,10.0,,,
ru,2025-06-19,14.0,,,
ru,2025-06-20,23.0,-0.0918917816294276,0.2177313789725303,0.309623160601958
ru,2025-06-21,13.0,,,
ru,2025-06-22,14.0,,,
ru,2025-06-23,21.0,-0.1501146185965765,0.1847539292204947,0.3348685478170712
ru,2025-06-24,27.0,-0.1822327995603835,0.1949446846351579,0.3771774841955415
ru,2025-06-25,18.0,,,
ru,2025-06-26,24.0,-0.0994529514573514,0.2128918808884918,0.3123448323458433
ru,2025-06-27,19.0,,,
ru,2025-06-28,12.0,,,
ru,2025-06-29,23.0,-0.1128667742013931,0.2105328923334246,0.3233996665348177
ru,2025-06-30,18.0,,,
ru,2025-07-01,28.0,-0.1298103494170521,0.1895870694757572,0.3193974188928093
ru,2025-07-02,20.0,-0.2092112047597766,0.1630591789260506,0.3722703836858272
ru,2025-07-03,17.0,,,
ru,2025-07-04,20.0,-0.0274489913135767,0.2440475879237055,0.2714965792372822
ru,2025-07-05,17.0,,,
ru,2025-07-06,15.0,,,
ru,2025-07-07,27.0,-0.1281401704720876,0.1700325393704352,0.2981727098425229
ru,2025-07-08,22.0,-0.2214274641803719,0.1727009474892507,0.3941284116696227
ru,2025-07-09,17.0,,,
ru,2025-07-10,13.0,,,
ru,2025-07-11,26.0,-0.1784552795669207,0.1922938378097919,0.3707491173767127
ru,2025-07-12,23.0,-0.1054835947959319,0.1764255626046139,0.2819091574005458
ru,2025-07-13,15.0,,,
ru,2025-07-14,12.0,,,
ru,2025-07-15,26.0,-0.1721123957003538,0.1881669996163019,0.3602793953166558
ru,2025-07-16,13.0,,,
ru,2025-07-17,18.0,,,
ru,2025-07-18,16.0,,,
ru,2025-07-19,19.0,,,
ru,2025-07-20,28.0,-0.1349259191857917,0.1963696494432432,0.3312955686290349
ru,2025-07-21,10.0,,,
ru,2025-07-22,18.0,,,
ru,2025-07-23,12.0,,,
ru,2025-07-24,11.0,,,
ru,2025-07-25,20.0,-0.0627386776730418,0.1878904074430465,0.2506290851160884
ru,2025-07-26,21.0,-0.1280805643293119,0.2043097642738194,0.3323903286031314
ru,2025-07-27,37.0,-0.2401619511782317,0.1521755669870086,0.3923375181652404
ru,2025-07-28,19.0,,,
ru,2025-07-29,16.0,,,
ru,2025-07-30,15.0,,,
ru,2025-07-31,8.0,,,
ru,2025-08-01,12.0,,,
ru,2025-08-02,11.0,,,
ru,2025-08-03,20.0,-0.1390088211745023,0.1776312064379453,0.3166400276124477
ru,2025-08-04,25.0,-0.1563772678375244,0.2037193904817104,0.3600966583192349
ru,2025-08-05,13.0,,,
ru,2025-08-06,15.0,,,
ru,2025-08-07,12.0,,,
ru,2025-08-08,11.0,,,
ru,2025-08-09,18.0,,,
ru,2025-08-10,19.0,,,
ru,2025-08-11,18.0,,,
ru,2025-08-12,31.0,-0.034672322532823,0.2290009252967373,0.2636732478295603
ru,2025-08-13,19.0,,,
ru,2025-08-14,9.0,,,
ru,2025-08-15,17.0,,,
ru,2025-08-16,17.0,,,
ru,2025-08-17,18.0,,,
ru,2025-08-18,17.0,,,
ru,2025-08-19,18.0,,,
ru,2025-08-20,14.0,,,
ru,2025-08-21,15.0,,,
ru,2025-08-22,15.0,,,
ru,2025-08-23,13.0,,,
ru,2025-08-24,17.0,,,
ru,2025-08-25,23.0,-0.0557466253800236,0.2095959652215242,0.2653425906015479
ru,2025-08-26,19.0,,,
ru,2025-08-27,21.0,-0.0881558724102519,0.2194901864443506,0.3076460588546026
ru,2025-08-28,15.0,,,
ru,2025-08-29,13.0,,,
ru,2025-08-30,14.0,,,
ru,2025-08-31,14.0,,,
ru,2025-09-01,13.0,,,
ru,2025-09-02,5.0,,,
ru,2025-09-03,17.0,,,
ru,2025-09-04,9.0,,,
ru,2025-09-05,15.0,,,
ru,2025-09-06,11.0,,,
ru,2025-09-07,8.0,,,
ru,2025-09-08,13.0,,,
ru,2025-09-09,14.0,,,
ru,2025-09-10,6.0,,,
ru,2025-09-11,10.0,,,
ru,2025-09-12,16.0,,,
ru,2025-09-13,14.0,,,
ru,2025-09-14,17.0,,,
ru,2025-09-15,8.0,,,
ru,2025-09-16,11.0,,,
ru,2025-09-17,9.0,,,
ru,2025-09-18,13.0,,,
ru,2025-09-19,9.0,,,
ru,2025-09-20,15.0,,,
ru,2025-09-21,11.0,,,
ru,2025-09-22,14.0,,,
ru,2025-09-23,5.0,,,
ru,2025-09-24,15.0,,,
ru,2025-09-25,7.0,,,
ru,2025-09-26,8.0,,,
ru,2025-09-27,19.0,,,
ru,2025-09-28,13.0,,,
ru,2025-09-29,9.0,,,
ru,2025-09-30,15.0,,,
ru,2025-10-01,27.0,-0.2059344863174138,0.1745853077758241,0.380519794093238
ru,2025-10-02,21.0,-0.151458249737819,0.1905915439128875,0.3420497936507066
ru,2025-10-03,13.0,,,
ru,2025-10-04,21.0,-0.240184530261017,0.1502246267738796,0.3904091570348966
ru,2025-10-05,12.0,,,
ru,2025-10-06,12.0,,,
ru,2025-10-07,10.0,,,
ru,2025-10-08,10.0,,,
ru,2025-10-09,20.0,-0.0654326241463423,0.2319163193926215,0.2973489435389638
ru,2025-10-10,17.0,,,
ru,2025-10-11,22.0,-0.2931179786100983,0.1439952109517021,0.4371131895618005
ru,2025-10-12,23.0,0.0194706368543531,0.2674367107127023,0.2479660738583492
ru,2025-10-13,20.0,-0.2859562523663044,0.1404630079865455,0.4264192603528499
ru,2025-10-14,11.0,,,
ru,2025-10-15,22.0,-0.0448708143085241,0.2617385837842118,0.3066093980927359
ru,2025-10-16,17.0,,,
ru,2025-10-17,20.0,-0.3048720712773501,0.1304967825300991,0.4353688538074493
ru,2025-10-18,16.0,,,
ru,2025-10-19,13.0,,,
ru,2025-10-20,17.0,,,
ru,2025-10-21,8.0,,,
ru,2025-10-22,12.0,,,
ru,2025-10-23,23.0,-0.1737739802540644,0.1902706277273271,0.3640446079813916
ru,2025-10-24,21.0,-0.1338848695158958,0.1943783146284875,0.3282631841443834
ru,2025-10-25,29.0,-0.068542370058853,0.2362436729900795,0.3047860430489326
ru,2025-10-26,26.0,-0.1675515865477231,0.1830975060852674,0.3506490926329906
ru,2025-10-27,18.0,,,
ru,2025-10-28,19.0,,,
ru,2025-10-29,22.0,-0.1140386166728355,0.1921230880543589,0.3061617047271945
ru,2025-10-30,19.0,,,
ru,2025-10-31,19.0,,,
ru,2025-11-01,23.0,-0.1152669393821902,0.2219280313862406,0.3371949707684309
ru,2025-11-02,26.0,-0.1717520194271436,0.1921281363241947,0.3638801557513383
ru,2025-11-03,25.0,-0.1869059508293867,0.1803841710835695,0.3672901219129562
ru,2025-11-04,12.0,,,
ru,2025-11-05,18.0,,,
ru,2025-11-06,14.0,,,
ru,2025-11-07,14.0,,,
ru,2025-11-08,12.0,,,
ru,2025-11-09,18.0,,,
ru,2025-11-10,13.0,,,
ru,2025-11-11,23.0,-0.010367942650033,0.2736550365453181,0.2840229791953512
ru,2025-11-12,15.0,,,
ru,2025-11-13,23.0,-0.074447321826997,0.2042337600951609,0.2786810819221579
ru,2025-11-14,9.0,,,
ru,2025-11-15,19.0,,,
ru,2025-11-16,20.0,-0.0532114434987306,0.2311304830014705,0.2843419265002012
ru,2025-11-17,14.0,,,
ru,2025-11-18,21.0,-0.245044700003096,0.1491008107328698,0.3941455107359659
ru,2025-11-19,16.0,,,
ru,2025-11-20,15.0,,,
ru,2025-11-21,16.0,,,
ru,2025-11-22,21.0,-0.1004977733606383,0.1885836780780837,0.2890814514387221
ru,2025-11-23,19.0,,,
ru,2025-11-24,10.0,,,
ru,2025-11-25,13.0,,,
ru,2025-11-26,13.0,,,
ru,2025-11-27,27.0,-0.1086791201184193,0.2183402377974103,0.3270193579158297
ru,2025-11-28,23.0,-0.1168075642831947,0.1883003969231377,0.3051079612063325
ru,2025-11-29,26.0,-0.1678516881970259,0.189280319529084,0.3571320077261099
ru,2025-11-30,17.0,,,
ru,2025-12-01,10.0,,,
ru,2025-12-02,14.0,,,
ru,2025-12-03,21.0,-0.1059737730593908,0.2077896685472556,0.3137634416066465
ru,2025-12-04,18.0,,,
ru,2025-12-05,20.0,-0.1700125822797417,0.2063094140961766,0.3763219963759184
ru,2025-12-06,17.0,,,
ru,2025-12-07,17.0,,,
ru,2025-12-08,14.0,,,
ru,2025-12-09,15.0,,,
ru,2025-12-10,14.0,,,
ru,2025-12-11,21.0,-0.0472318180614993,0.2313966431788035,0.2786284612403029
ru,2025-12-12,16.0,,,
ru,2025-12-13,22.0,-0.1080160142684524,0.2365360813723369,0.3445520956407893
ru,2025-12-14,15.0,,,
ru,2025-12-15,16.0,,,
ru,2025-12-16,10.0,,,
ru,2025-12-17,18.0,,,
ru,2025-12-18,18.0,,,
ru,2025-12-19,11.0,,,
ru,2025-12-20,14.0,,,
ru,2025-12-21,17.0,,,
ru,2025-12-22,12.0,,,
ru,2025-12-23,13.0,,,
ru,2025-12-24,16.0,,,
ru,2025-12-25,13.0,,,
ru,2025-12-26,5.0,,,
ru,2025-12-27,11.0,,,
ru,2025-12-28,19.0,,,
ru,2025-12-29,8.0,,,
ru,2025-12-30,9.0,,,
ru,2025-12-31,11.0,,,
ru,2026-01-01,11.0,,,
ru,2026-01-02,23.0,-0.1587279351509135,0.1776858649176099,0.3364138000685235
ru,2026-01-03,14.0,,,
ru,2026-01-04,19.0,,,
ru,2026-01-05,13.0,,,
ru,2026-01-06,17.0,,,
ru,2026-01-07,15.0,,,
ru,2026-01-08,20.0,-0.1697287622839212,0.1831404272466897,0.352869189530611
ru,2026-01-09,18.0,,,
ru,2026-01-10,18.0,,,
ru,2026-01-11,14.0,,,
ru,2026-01-12,8.0,,,
ru,2026-01-13,6.0,,,
ru,2026-01-14,14.0,,,
ru,2026-01-15,18.0,,,
ru,2026-01-16,15.0,,,
ru,2026-01-17,18.0,,,
ru,2026-01-18,23.0,-0.1012587411248165,0.2123170922631802,0.3135758333879968
ru,2026-01-19,17.0,,,
ru,2026-01-20,13.0,,,
ru,2026-01-21,24.0,-0.1619640147934357,0.1762327064449588,0.3381967212383945
ru,2026-01-22,23.0,-0.1773497571601816,0.176592584942346,0.3539423421025276
ru,2026-01-23,19.0,,,
ru,2026-01-24,16.0,,,
ru,2026-01-25,15.0,,,
ru,2026-01-26,18.0,,,
ru,2026-01-27,16.0,,,
ru,2026-01-28,14.0,,,
ru,2026-01-29,14.0,,,
ru,2026-01-30,8.0,,,
ru,2026-01-31,16.0,,,
ru,2026-02-01,20.0,-0.2736641500145197,0.1449554082006215,0.4186195582151413
ru,2026-02-02,20.0,-0.1748767519369721,0.1723077686503529,0.3471845205873251
ru,2026-02-03,11.0,,,
ru,2026-02-04,10.0,,,
ru,2026-02-05,16.0,,,
ru,2026-02-06,16.0,,,
ru,2026-02-07,20.0,-0.1160064610652625,0.2107181117869913,0.3267245728522539
ru,2026-02-08,16.0,,,
ru,2026-02-09,18.0,,,
ru,2026-02-10,11.0,,,
ru,2026-02-11,11.0,,,
ru,2026-02-12,18.0,,,
ru,2026-02-13,12.0,,,
ru,2026-02-14,14.0,,,
ru,2026-02-15,13.0,,,
ru,2026-02-16,15.0,,,
ru,2026-02-17,15.0,,,
ru,2026-02-18,18.0,,,
ru,2026-02-19,16.0,,,
ru,2026-02-20,14.0,,,
ru,2026-02-21,11.0,,,
ru,2026-02-22,19.0,,,
ru,2026-02-23,14.0,,,
ru,2026-02-24,14.0,,,
ru,2026-02-25,13.0,,,
ru,2026-02-26,11.0,,,
ru,2026-02-27,5.0,,,
ru,2026-02-28,20.0,-0.143295644968748,0.1647073842585086,0.3080030292272567
ru,2026-03-01,10.0,,,
ru,2026-03-02,12.0,,,
ru,2026-03-03,9.0,,,
ru,2026-03-04,15.0,,,
ru,2026-03-05,14.0,,,
ru,2026-03-06,10.0,,,
ru,2026-03-07,7.0,,,
ru,2026-03-08,8.0,,,
ru,2026-03-09,6.0,,,
ru,2026-03-10,10.0,,,
ru,2026-03-11,15.0,,,
ru,2026-03-12,6.0,,,
ru,2026-03-13,9.0,,,
ru,2026-03-14,4.0,,,
ru,2026-03-15,16.0,,,
ru,2026-03-16,6.0,,,
ru,2026-03-17,22.0,-0.2219249043105678,0.1599780728363177,0.3819029771468856
ru,2026-03-18,7.0,,,
ru,2026-03-19,16.0,,,
ru,2026-03-20,13.0,,,
ru,2026-03-21,15.0,,,
ru,2026-03-22,11.0,,,
ru,2026-03-23,14.0,,,
ru,2026-03-24,13.0,,,
ru,2026-03-25,7.0,,,
ru,2026-03-26,8.0,,,
ru,2026-03-27,8.0,,,
ru,2026-03-28,9.0,,,
ru,2026-03-29,11.0,,,
ru,2026-03-30,9.0,,,
ru,2026-03-31,9.0,,,
ru,2026-04-01,10.0,,,
ru,2026-04-02,11.0,,,
ru,2026-04-03,10.0,,,
ru,2026-04-04,7.0,,,
ru,2026-04-05,8.0,,,
ru,2026-04-06,10.0,,,
ru,2026-04-07,5.0,,,
ru,2026-04-08,6.0,,,
ru,2026-04-09,6.0,,,
ru,2026-04-10,12.0,,,
ru,2026-04-11,14.0,,,
ru,2026-04-12,13.0,,,
ru,2026-04-13,14.0,,,
ru,2026-04-14,9.0,,,
ru,2026-04-15,14.0,,,
ru,2026-04-16,11.0,,,
ru,2026-04-17,15.0,,,
ru,2026-04-18,6.0,,,
ru,2026-04-19,9.0,,,
ru,2026-04-20,12.0,,,
ru,2026-04-21,9.0,,,
ru,2026-04-22,16.0,,,
ru,2026-04-23,11.0,,,
ru,2026-04-24,9.0,,,
ru,2026-04-25,5.0,,,
ru,2026-04-26,15.0,,,
ru,2026-04-27,9.0,,,
ru,2026-04-28,13.0,,,
ru,2026-04-29,8.0,,,
ru,2026-04-30,8.0,,,
ru,2026-05-01,12.0,,,
ru,2026-05-02,12.0,,,
ru,2026-05-03,12.0,,,
ru,2026-05-04,9.0,,,
ru,2026-05-05,12.0,,,
ru,2026-05-06,11.0,,,
ru,2026-05-07,5.0,,,
ru,2026-05-08,10.0,,,
ru,2026-05-09,12.0,,,
ru,2026-05-10,10.0,,,
ru,2026-05-11,8.0,,,
ru,2026-05-12,10.0,,,
ru,2026-05-13,18.0,,,
ru,2026-05-14,9.0,,,
ru,2026-05-15,9.0,,,
ru,2026-05-16,14.0,,,
ru,2026-05-17,8.0,,,
ru,2026-05-18,6.0,,,
ru,2026-05-19,8.0,,,
ru,2026-05-20,6.0,,,
ru,2026-05-21,10.0,,,
ru,2026-05-22,8.0,,,
ru,2026-05-23,10.0,,,
ru,2026-05-24,18.0,,,
ru,2026-05-25,11.0,,,
ru,2026-05-26,11.0,,,
ru,2026-05-27,8.0,,,
ru,2026-05-28,8.0,,,
ru,2026-05-29,6.0,,,
ru,2026-05-30,7.0,,,
ru,2026-05-31,11.0,,,
ru,2026-06-01,16.0,,,
ru,2026-06-02,10.0,,,
ru,2026-06-03,21.0,-0.162063057046561,0.2226660757192543,0.3847291327658154
ru,2026-06-04,8.0,,,
ru,2026-06-05,12.0,,,
ru,2026-06-06,6.0,,,
ru,2026-06-07,15.0,,,
ru,2026-06-08,19.0,,,
ru,2026-06-09,6.0,,,
ru,2026-06-10,4.0,,,
ru,2026-06-11,5.0,,,
ru,2026-06-12,9.0,,,
ru,2026-06-13,13.0,,,
ru,2026-06-14,10.0,,,
ru,2026-06-15,6.0,,,
ru,2026-06-16,5.0,,,
ru,2026-06-17,15.0,,,
ru,2026-06-18,9.0,,,
ru,2026-06-19,5.0,,,
ru,2026-06-20,4.0,,,
ru,2026-06-21,9.0,,,
ru,2026-06-22,4.0,,,
ru,2026-06-23,8.0,,,
ru,2026-06-24,9.0,,,
ru,2026-06-25,5.0,,,
ru,2026-06-26,12.0,,,
ru,2026-06-27,7.0,,,
ru,2026-06-28,4.0,,,
ru,2026-06-29,1.0,,,
ru,2026-06-30,1.0,,,
ru,2026-07-01,5.0,,,
ru,2026-07-02,5.0,,,
ru,2026-07-03,5.0,,,
ru,2026-07-04,7.0,,,
ru,2026-07-05,6.0,,,
ru,2026-07-06,9.0,,,
ru,2026-07-07,9.0,,,
ru,2026-07-08,6.0,,,
ru,2026-07-09,2.0,,,
