lang,week,fear_mean,anger_mean,sadness_mean,disgust_mean,joy_mean,trust_mean,anticipation_mean,surprise_mean,danger_mean,weapon_mean,family_mean,flying_mean,animal_mean,health_mean,swimming_mean,place_house_mean,place_nature_mean,indoors_mean,outdoors_mean,romantic_mean,social_mean,friend_mean,stranger_mean,situation_childhood_mean,game_mean,music_mean,food_mean,object_inanimate_mean,object_animate_mean,negativity_mean,nightmare_index_mean,textlen_mean,words_mean,n_dreams,n_userdays
all,2023-01-16,,,,,,,,,,,,,,,,,,,,,,,,,,,,,,,,,,1.0,1.0
all,2023-04-10,,,,,,,,,,,,,,,,,,,,,,,,,,,,,,,,,,1.0,1.0
all,2023-05-08,,,,,,,,,,,,,,,,,,,,,,,,,,,,,,,,,,2.0,2.0
all,2023-06-26,,,,,,,,,,,,,,,,,,,,,,,,,,,,,,,,,,1.0,1.0
all,2023-07-10,,,,,,,,,,,,,,,,,,,,,,,,,,,,,,,,,,1.0,1.0
all,2023-07-17,,,,,,,,,,,,,,,,,,,,,,,,,,,,,,,,,,1.0,1.0
all,2023-07-31,,,,,,,,,,,,,,,,,,,,,,,,,,,,,,,,,,1.0,1.0
all,2023-08-14,,,,,,,,,,,,,,,,,,,,,,,,,,,,,,,,,,1.0,1.0
all,2023-09-11,,,,,,,,,,,,,,,,,,,,,,,,,,,,,,,,,,1.0,1.0
all,2023-09-18,,,,,,,,,,,,,,,,,,,,,,,,,,,,,,,,,,1.0,1.0
all,2023-09-25,,,,,,,,,,,,,,,,,,,,,,,,,,,,,,,,,,4.0,3.0
all,2023-10-02,,,,,,,,,,,,,,,,,,,,,,,,,,,,,,,,,,10.0,8.0
all,2023-10-09,,,,,,,,,,,,,,,,,,,,,,,,,,,,,,,,,,19.0,15.0
all,2023-10-16,,,,,,,,,,,,,,,,,,,,,,,,,,,,,,,,,,16.0,14.0
all,2023-10-23,,,,,,,,,,,,,,,,,,,,,,,,,,,,,,,,,,14.0,12.0
all,2023-10-30,,,,,,,,,,,,,,,,,,,,,,,,,,,,,,,,,,12.0,10.0
all,2023-11-06,0.2832916666666666,0.1207083333333333,0.1721249999999999,0.0998333333333333,0.17025,0.3404166666666666,0.295875,0.6265416666666667,0.6109166666666667,0.18675,0.3724166666666666,0.1569583333333333,0.1911249999999999,0.2444583333333333,0.0209583333333333,0.3740416666666666,0.2722916666666666,0.3175833333333333,0.4948749999999999,0.3177083333333333,0.6592916666666667,0.4489583333333333,0.5007083333333333,0.2669999999999999,0.1277916666666666,0.0302916666666666,0.0275,0.1095,0.4282499999999999,-0.0863437499999999,0.1851944444444444,487.875,92.5,24.0,21.0
all,2023-11-13,,,,,,,,,,,,,,,,,,,,,,,,,,,,,,,,,,19.0,15.0
all,2023-11-20,0.2273461538461538,0.1866923076923076,0.1471153846153846,0.1648461538461538,0.0742307692307692,0.2048076923076923,0.1840384615384615,0.5635769230769232,0.6154230769230769,0.1543076923076923,0.2963461538461538,0.0718846153846153,0.2037692307692307,0.1790769230769231,0.0531538461538461,0.3416153846153846,0.215576923076923,0.2870384615384615,0.328076923076923,0.1882692307692307,0.5647692307692307,0.3310769230769231,0.3848076923076923,0.1790384615384615,0.1526153846153846,0.0443846153846153,0.0786923076923076,0.0934230769230769,0.3900384615384615,0.0419807692307692,0.2557307692307692,349.0,65.15384615384616,26.0,24.0
all,2023-11-27,0.3052666666666667,0.2243666666666666,0.2552999999999999,0.1604333333333333,0.0891333333333333,0.2488999999999999,0.2208666666666666,0.5787,0.7014333333333334,0.1619999999999999,0.4331333333333333,0.1012333333333333,0.1641666666666666,0.2097666666666666,0.0328333333333333,0.3435333333333333,0.2203666666666666,0.2401333333333333,0.4771666666666666,0.2532,0.55,0.4058666666666666,0.4017666666666666,0.2644,0.1726666666666666,0.0322333333333333,0.0484333333333333,0.1090333333333333,0.3925,0.067325,0.3315333333333333,497.03333333333336,94.86666666666666,30.0,24.0
all,2023-12-04,0.33975,0.1534375,0.16009375,0.13503125,0.150125,0.20578125,0.2111249999999999,0.5795,0.65071875,0.19071875,0.3415,0.1051875,0.2214374999999999,0.17890625,0.0444375,0.3125624999999999,0.25459375,0.18165625,0.420875,0.24940625,0.49875,0.378875,0.44978125,0.25846875,0.1085,0.03875,0.07271875,0.08971875,0.3669375000000001,0.019125,0.2333958333333333,381.625,73.625,32.0,29.0
all,2023-12-11,0.32125,0.1484499999999999,0.2064,0.1221,0.0792,0.2478999999999999,0.1935,0.5506,0.6784,0.1553999999999999,0.4121999999999999,0.09845,0.1127,0.21445,0.0646499999999999,0.3212,0.2429,0.1885499999999999,0.4302499999999999,0.241,0.49405,0.3789,0.3818499999999999,0.3205,0.0985,0.0261,0.04185,0.0836,0.3911,0.036,0.3228166666666666,408.35,76.8,20.0,16.0
all,2023-12-18,,,,,,,,,,,,,,,,,,,,,,,,,,,,,,,,,,13.0,12.0
all,2023-12-25,,,,,,,,,,,,,,,,,,,,,,,,,,,,,,,,,,19.0,15.0
all,2024-01-01,,,,,,,,,,,,,,,,,,,,,,,,,,,,,,,,,,14.0,13.0
all,2024-01-08,0.3589090909090908,0.268,0.2202272727272727,0.1482272727272727,0.1246818181818181,0.3193636363636363,0.2731818181818181,0.569318181818182,0.6860909090909092,0.2880909090909091,0.4246363636363636,0.154590909090909,0.2422272727272727,0.2688181818181818,0.0324090909090909,0.3832727272727272,0.284,0.2843181818181818,0.6065909090909091,0.260409090909091,0.6620909090909091,0.5494545454545454,0.4188181818181817,0.2915454545454545,0.1403181818181818,0.0363181818181818,0.069590909090909,0.1266818181818181,0.4376363636363636,0.0268181818181818,0.2970606060606061,541.3636363636364,103.95454545454544,22.0,18.0
all,2024-01-15,0.2461739130434782,0.1597826086956522,0.2225217391304348,0.1138260869565217,0.104,0.2491304347826086,0.2082608695652174,0.5603478260869565,0.6710434782608696,0.1792608695652174,0.437086956521739,0.1207826086956521,0.3280869565217391,0.1923913043478261,0.0968695652173912,0.3032608695652173,0.2343043478260869,0.2215217391304348,0.5622173913043478,0.2487391304347826,0.6095652173913045,0.3941739130434782,0.3851739130434782,0.2889999999999999,0.1563043478260869,0.0219565217391304,0.0637391304347826,0.1070434782608695,0.4036086956521739,0.0090108695652173,0.2759130434782608,488.9565217391304,94.3913043478261,23.0,20.0
all,2024-01-22,0.1342333333333333,0.1112666666666666,0.0841666666666666,0.0736,0.1035666666666666,0.1253,0.132,0.5175,0.6251333333333334,0.1477,0.2824,0.0576666666666666,0.2526333333333333,0.0917666666666666,0.0375,0.2321,0.1865333333333333,0.1828333333333333,0.3734999999999999,0.1689666666666666,0.4087333333333333,0.2559666666666667,0.3403666666666666,0.1623666666666666,0.1711666666666666,0.0127,0.0732666666666666,0.0575,0.3164333333333333,-0.0136166666666666,0.1776111111111111,382.06666666666666,72.6,30.0,23.0
all,2024-01-29,0.2494,0.2170666666666666,0.1851666666666666,0.1198999999999999,0.1236333333333333,0.2317666666666666,0.2150999999999999,0.5675,0.6798333333333333,0.2596666666666666,0.4072666666666666,0.1214333333333333,0.1800999999999999,0.1935666666666667,0.044,0.3321666666666666,0.2286666666666666,0.2241,0.4534666666666666,0.1934333333333333,0.5588,0.4310333333333334,0.4064333333333333,0.2227666666666666,0.1678,0.0734666666666666,0.1139333333333333,0.1091,0.3854666666666667,0.0151833333333333,0.2478333333333333,489.56666666666666,93.0,30.0,26.0
all,2024-02-05,0.2464242424242424,0.1873030303030303,0.2336060606060605,0.1191515151515151,0.0846666666666666,0.275060606060606,0.2635757575757576,0.5948787878787879,0.5990909090909091,0.155,0.4114848484848484,0.0846666666666666,0.1885151515151515,0.2351515151515151,0.0394848484848484,0.3528484848484848,0.2074848484848484,0.268060606060606,0.3898181818181818,0.2511515151515152,0.6060909090909091,0.4125151515151515,0.3993030303030303,0.2523030303030303,0.1343636363636363,0.052060606060606,0.0832424242424242,0.1124242424242424,0.4072121212121212,0.0167575757575757,0.275040404040404,490.2121212121212,96.87878787878788,33.0,27.0
all,2024-02-12,0.32225,0.1522857142857143,0.1827142857142857,0.1341785714285714,0.1507142857142857,0.2907142857142857,0.2371071428571429,0.6328928571428571,0.6620357142857144,0.1631071428571428,0.5433928571428572,0.0884285714285714,0.1576071428571428,0.2323571428571428,0.0302142857142857,0.3603928571428571,0.241,0.2275714285714285,0.5426428571428572,0.27375,0.6729999999999999,0.4434999999999999,0.4655714285714286,0.3065357142857143,0.1244285714285714,0.02775,0.1461428571428571,0.1163571428571428,0.4045,-0.0228571428571428,0.2382857142857142,465.32142857142856,90.17857142857144,28.0,22.0
all,2024-02-19,0.3219166666666667,0.2097083333333333,0.2599583333333333,0.1381666666666666,0.06975,0.24825,0.221,0.5755833333333333,0.6885,0.20575,0.4296666666666667,0.0856666666666666,0.118625,0.223625,0.0239166666666666,0.3370416666666666,0.177,0.3104583333333333,0.3632916666666667,0.1805416666666666,0.6481666666666667,0.4377083333333333,0.3851666666666667,0.31575,0.1242083333333333,0.1535416666666666,0.101125,0.0994999999999999,0.3696666666666666,0.0734375,0.3537083333333333,509.625,99.625,24.0,21.0
all,2024-02-26,0.3301724137931034,0.240551724137931,0.2417931034482758,0.1354482758620689,0.0870344827586206,0.2656206896551724,0.2568620689655172,0.6029655172413794,0.6737586206896551,0.1944137931034482,0.5077241379310345,0.1218620689655172,0.2177931034482758,0.2019655172413793,0.0314482758620689,0.3203448275862068,0.195,0.2758965517241379,0.4868965517241379,0.2202758620689655,0.6116206896551725,0.4782413793103448,0.3902758620689655,0.2723793103448275,0.1559655172413793,0.0378275862068965,0.0999310344827586,0.1129310344827586,0.3921379310344827,0.0606637931034482,0.3282068965517241,767.0689655172414,153.6551724137931,29.0,24.0
all,2024-03-04,,,,,,,,,,,,,,,,,,,,,,,,,,,,,,,,,,19.0,17.0
all,2024-03-11,,,,,,,,,,,,,,,,,,,,,,,,,,,,,,,,,,17.0,16.0
all,2024-03-18,0.2353125,0.1225,0.182,0.0909375,0.148125,0.2369375,0.2085937499999999,0.60528125,0.6053124999999999,0.13909375,0.32840625,0.13353125,0.1407187499999999,0.1476875,0.02440625,0.2772187499999999,0.2480625,0.1673437499999999,0.5116875000000001,0.33125,0.5806562500000001,0.43990625,0.448125,0.21153125,0.0954062499999999,0.06515625,0.0653125,0.08821875,0.37571875,-0.03484375,0.19275,426.875,81.25,32.0,23.0
all,2024-03-25,0.2231472081218274,0.1147969543147208,0.173736040609137,0.1155279187817258,0.1167715736040609,0.1801725888324873,0.1754060913705583,0.5913756345177665,0.6391065989847715,0.1156802030456852,0.3717208121827411,0.0935126903553299,0.1388984771573604,0.1376903553299492,0.0410456852791878,0.2595482233502538,0.2066548223350253,0.1604568527918781,0.4005177664974618,0.3286649746192893,0.4388781725888325,0.2605228426395939,0.3873299492385786,0.2441015228426396,0.1249492385786801,0.0251167512690355,0.0570558375634517,0.061243654822335,0.3409999999999999,0.0083299492385786,0.2285583756345177,230.6802030456853,44.16243654822335,197.0,155.0
all,2024-04-01,0.3193243243243243,0.1872297297297297,0.2184459459459459,0.1520135135135135,0.1394729729729729,0.2683783783783783,0.2356486486486486,0.620054054054054,0.6469864864864866,0.1627972972972972,0.3957432432432432,0.1058513513513513,0.1647972972972973,0.238527027027027,0.0699189189189189,0.3452702702702703,0.2421216216216216,0.256027027027027,0.4095,0.311054054054054,0.5675405405405406,0.439972972972973,0.4237567567567568,0.2773783783783783,0.1317297297297297,0.0656756756756756,0.1068783783783784,0.1189594594594594,0.4042432432432433,0.0153277027027027,0.2554459459459459,431.55405405405406,84.41891891891892,74.0,61.0
all,2024-04-08,0.3093625,0.152075,0.2355125,0.14125,0.0993,0.2396624999999999,0.207275,0.678425,0.6783374999999999,0.148075,0.3985499999999999,0.103175,0.1578999999999999,0.1864375,0.0472249999999999,0.3081,0.2051,0.1938625,0.378225,0.3285875,0.509375,0.387525,0.4800124999999999,0.24855,0.1093999999999999,0.0377625,0.0632874999999999,0.0920624999999999,0.361525,0.04006875,0.3084375,379.75,75.325,80.0,68.0
all,2024-04-15,0.2646172839506173,0.1769012345679012,0.223679012345679,0.1466543209876543,0.1184074074074074,0.2555185185185185,0.2032839506172839,0.6500123456790123,0.6518395061728394,0.1488888888888889,0.4637407407407406,0.1111111111111111,0.1734691358024691,0.1982592592592592,0.0588271604938271,0.3263086419753087,0.2322222222222222,0.2120123456790123,0.4312345679012345,0.2911604938271604,0.5692592592592592,0.4064938271604938,0.4699506172839506,0.2793827160493827,0.135,0.0511975308641975,0.0821604938271605,0.1031728395061728,0.3862716049382717,0.0159999999999999,0.2616378600823045,357.1975308641975,70.34567901234568,81.0,72.0
all,2024-04-22,0.2849370629370629,0.158048951048951,0.2167202797202797,0.1360979020979021,0.1093846153846153,0.2396013986013986,0.2084475524475524,0.6250279720279721,0.680972027972028,0.1756993006993007,0.4113846153846154,0.0863146853146853,0.1569230769230769,0.1705944055944056,0.0571328671328671,0.3046993006993007,0.220104895104895,0.2003776223776223,0.4249860139860139,0.3030349650349651,0.5284685314685316,0.3728671328671328,0.4341048951048951,0.3048881118881119,0.1347552447552447,0.0512377622377622,0.075993006993007,0.0960979020979021,0.3738181818181817,0.0244580419580419,0.2848251748251748,540.3916083916084,105.85314685314684,143.0,114.0
all,2024-04-29,0.3647904761904761,0.1944285714285714,0.2539333333333333,0.159,0.1109333333333333,0.2817809523809523,0.2342761904761904,0.6668476190476189,0.7094095238095238,0.1993904761904762,0.4102761904761904,0.1141238095238095,0.1899714285714285,0.2410285714285714,0.0510380952380952,0.3431047619047619,0.2529142857142857,0.261447619047619,0.3850952380952381,0.2734857142857143,0.5551333333333334,0.4015619047619047,0.4561428571428572,0.264447619047619,0.1365523809523809,0.0987904761904761,0.0890285714285714,0.1207047619047619,0.3991333333333333,0.0466809523809523,0.3317777777777778,469.04761904761904,93.22857142857144,105.0,92.0
all,2024-05-06,0.365639534883721,0.2350581395348837,0.2709302325581395,0.1921046511627907,0.1568023255813953,0.300046511627907,0.2544651162790697,0.6455232558139535,0.688720930232558,0.2067325581395349,0.4429418604651162,0.1263023255813953,0.2128488372093023,0.2774767441860465,0.060953488372093,0.3837093023255814,0.2754302325581395,0.2562906976744186,0.4570930232558139,0.3046511627906977,0.5900581395348836,0.4295581395348836,0.4126860465116279,0.3131627906976744,0.1600581395348837,0.084906976744186,0.1061162790697674,0.1256162790697674,0.4150348837209303,0.0375087209302325,0.2849612403100776,678.6744186046511,130.91860465116278,86.0,76.0
all,2024-05-13,0.3422937062937062,0.1694545454545454,0.2466153846153846,0.1429230769230769,0.1082517482517482,0.2353496503496503,0.1996153846153846,0.6309160839160839,0.6998671328671329,0.1692377622377622,0.4334685314685314,0.1009230769230769,0.1477622377622378,0.196034965034965,0.0464265734265734,0.3285524475524475,0.2202237762237762,0.2161538461538461,0.3911328671328671,0.2513006993006993,0.5482447552447552,0.3925314685314685,0.4408041958041958,0.2735944055944055,0.1073636363636363,0.0612587412587412,0.0736153846153846,0.0936713286713287,0.372041958041958,0.053520979020979,0.3213403263403263,420.9090909090909,83.06293706293707,143.0,123.0
all,2024-05-20,0.2782592592592592,0.1798074074074074,0.2332666666666666,0.1453555555555555,0.0902296296296296,0.2428888888888888,0.2177555555555555,0.6479259259259259,0.6595555555555555,0.1625851851851851,0.3683407407407407,0.0897925925925925,0.1194814814814814,0.2007259259259259,0.0268074074074074,0.3122296296296296,0.2299037037037037,0.2233555555555555,0.4693703703703703,0.3099555555555555,0.5575185185185185,0.3889851851851851,0.4662148148148148,0.2645555555555556,0.1271333333333333,0.0622666666666666,0.0713925925925926,0.0965851851851851,0.388837037037037,0.0426129629629629,0.3001308641975308,459.4148148148148,89.97777777777777,135.0,108.0
all,2024-05-27,0.3255555555555555,0.1611538461538461,0.2104273504273504,0.1505470085470086,0.1105042735042735,0.2104786324786325,0.191982905982906,0.6347521367521368,0.6680170940170941,0.150076923076923,0.3976666666666667,0.0978290598290598,0.202042735042735,0.1656581196581196,0.0257521367521367,0.3106239316239316,0.2112478632478632,0.2304871794871795,0.3545128205128205,0.2975128205128204,0.5229145299145299,0.3399145299145299,0.4518717948717949,0.2732905982905983,0.1002649572649572,0.0398034188034188,0.0578461538461538,0.0902735042735042,0.3793675213675214,0.0514294871794871,0.2908290598290598,365.2735042735043,71.78632478632478,117.0,88.0
all,2024-06-03,0.3331860465116279,0.1562558139534883,0.1985736434108527,0.1508527131782945,0.084906976744186,0.1927441860465116,0.172015503875969,0.6089534883720931,0.6855813953488373,0.1592170542635659,0.3607209302325581,0.0724496124031007,0.1525271317829457,0.1669999999999999,0.0251705426356589,0.2990077519379845,0.1833100775193798,0.205813953488372,0.326968992248062,0.255906976744186,0.4704883720930232,0.3228372093023255,0.4342790697674418,0.2417519379844961,0.1077984496124031,0.0331472868217054,0.043953488372093,0.0795193798449612,0.3474341085271318,0.070891472868217,0.3208733850129199,314.8759689922481,61.75968992248062,129.0,108.0
all,2024-06-10,0.2578917525773195,0.1497113402061855,0.1956701030927835,0.1329845360824742,0.0903247422680412,0.1801082474226804,0.1700567010309278,0.6103556701030928,0.6843144329896907,0.1476701030927834,0.3607371134020619,0.0816237113402061,0.1393092783505154,0.1486237113402062,0.0279948453608247,0.2682319587628866,0.1969381443298969,0.1686030927835051,0.4095309278350514,0.2686494845360825,0.4073247422680412,0.2723505154639175,0.411201030927835,0.2526494845360825,0.1277474226804123,0.0363298969072165,0.0579484536082474,0.0806237113402061,0.3486340206185567,0.0488479381443298,0.28896735395189,301.5360824742268,59.96907216494845,194.0,140.0
all,2024-06-17,0.2966333333333333,0.1531583333333333,0.196675,0.1438166666666666,0.1125333333333333,0.2297,0.1949916666666666,0.627875,0.6860583333333333,0.161075,0.3999166666666667,0.102775,0.1693666666666666,0.158,0.0240333333333333,0.3145833333333333,0.21415,0.220125,0.3895333333333333,0.298625,0.524425,0.3593,0.4399833333333333,0.2773666666666666,0.130125,0.0297833333333333,0.0571666666666666,0.0793333333333333,0.3675,0.0264541666666666,0.2805888888888889,363.2916666666667,70.78333333333333,120.0,104.0
all,2024-06-24,0.284,0.1349090909090909,0.1944195804195804,0.1445734265734265,0.1235734265734265,0.2223216783216783,0.2135034965034965,0.6402167832167831,0.6877412587412587,0.1425174825174825,0.41806993006993,0.104006993006993,0.1787062937062937,0.1721888111888111,0.0532727272727272,0.3121818181818182,0.2424475524475524,0.2121398601398601,0.4218881118881118,0.2869160839160839,0.4753706293706294,0.3113986013986014,0.4326923076923077,0.2867972027972028,0.1218951048951048,0.058,0.0871048951048951,0.0951678321678321,0.3694615384615384,0.016527972027972,0.2651468531468531,343.27972027972027,66.88111888111888,143.0,119.0
all,2024-07-01,0.328443396226415,0.1953018867924528,0.2758113207547169,0.1950849056603773,0.1206037735849056,0.2519905660377358,0.2210094339622641,0.6394056603773585,0.7006415094339623,0.1912075471698113,0.4428018867924528,0.1153207547169811,0.1873301886792453,0.2321132075471698,0.0503962264150943,0.3313962264150944,0.2284811320754717,0.2381792452830188,0.3838396226415094,0.2813679245283018,0.5037830188679245,0.3311698113207547,0.4495377358490565,0.2872169811320755,0.1289433962264151,0.0710188679245283,0.1010377358490565,0.1171509433962264,0.3947830188679245,0.0623632075471698,0.3143616352201258,411.8679245283019,81.50943396226415,106.0,92.0
all,2024-07-08,0.2970947368421052,0.2163684210526315,0.2731368421052632,0.1748631578947368,0.1079578947368421,0.2708315789473684,0.2224526315789473,0.6860631578947368,0.6712105263157896,0.1773473684210526,0.4590526315789472,0.1016842105263158,0.1746736842105263,0.2225263157894736,0.0531894736842105,0.3483894736842105,0.2408526315789473,0.2553473684210526,0.4424947368421053,0.3263999999999999,0.5910631578947368,0.4151578947368421,0.4789263157894736,0.3066842105263158,0.1248105263157894,0.0622842105263157,0.0617052631578947,0.1009157894736842,0.4017578947368421,0.0509710526315789,0.3058561403508772,480.778947368421,92.61052631578949,95.0,81.0
all,2024-07-15,0.2962416666666667,0.190875,0.2201,0.1619583333333333,0.0908083333333333,0.2051833333333333,0.19585,0.6194500000000001,0.6884583333333334,0.1775833333333333,0.3964583333333333,0.1044333333333333,0.125375,0.1685833333333333,0.0361749999999999,0.302625,0.1903333333333333,0.2028166666666666,0.3791666666666666,0.2646333333333333,0.476475,0.3424,0.4317833333333333,0.2517916666666666,0.1269166666666666,0.0430833333333333,0.1121833333333333,0.0884083333333333,0.357325,0.0692979166666666,0.3107916666666667,392.1333333333333,77.33333333333333,120.0,103.0
all,2024-07-22,0.2849252336448598,0.13603738317757,0.2087570093457944,0.1292803738317756,0.105607476635514,0.2174579439252336,0.211803738317757,0.6291869158878504,0.6519065420560748,0.1408130841121495,0.4010280373831776,0.0818878504672897,0.1808878504672897,0.152214953271028,0.0305794392523364,0.317392523364486,0.2082056074766355,0.2369813084112149,0.3758224299065421,0.3368224299065421,0.506392523364486,0.3125794392523364,0.4491962616822429,0.2591962616822429,0.1045046728971962,0.0405887850467289,0.065018691588785,0.0819345794392523,0.3595233644859813,0.0282172897196261,0.2762554517133956,374.06542056074767,74.42990654205607,107.0,91.0
all,2024-07-29,0.2548828828828829,0.1645315315315315,0.223045045045045,0.1367117117117116,0.1102882882882882,0.2333603603603603,0.1899279279279279,0.6611981981981983,0.6469189189189188,0.1354504504504504,0.4024054054054054,0.0716216216216216,0.1299549549549549,0.1706666666666667,0.0383153153153153,0.3201441441441441,0.1998738738738738,0.225036036036036,0.3815315315315315,0.2685675675675675,0.5496396396396396,0.418063063063063,0.4551081081081081,0.2756396396396396,0.1307387387387387,0.0434594594594594,0.0667927927927928,0.0848738738738738,0.3581801801801802,0.0229684684684684,0.2646606606606606,353.4684684684685,70.63063063063063,111.0,90.0
all,2024-08-05,0.2716407185628742,0.1643892215568862,0.2277425149700599,0.1550479041916168,0.0995389221556886,0.2104311377245508,0.1822275449101796,0.6033053892215567,0.6696227544910179,0.1451736526946107,0.4235748502994012,0.0979281437125748,0.1919161676646706,0.1689281437125748,0.0327784431137724,0.3009221556886228,0.189814371257485,0.2280898203592815,0.3524850299401197,0.2762095808383233,0.4806347305389222,0.2971676646706586,0.3707904191616766,0.3052994011976048,0.1158622754491018,0.0476107784431137,0.091754491017964,0.0869820359281437,0.363688622754491,0.0497200598802395,0.290129740518962,264.7065868263473,53.16766467065868,167.0,125.0
all,2024-08-12,0.3026026785714286,0.1659062499999999,0.2394910714285713,0.1670357142857142,0.1431919642857142,0.2621607142857142,0.2314330357142857,0.6576473214285715,0.6903526785714286,0.1878794642857142,0.4536651785714284,0.1130357142857142,0.1574508928571429,0.2202589285714285,0.0601830357142857,0.3276473214285714,0.2311830357142857,0.25153125,0.4058214285714286,0.3271428571428571,0.5221116071428572,0.3307678571428571,0.4473080357142857,0.295875,0.159875,0.1029107142857142,0.0943571428571428,0.1014151785714285,0.3909776785714285,0.0160825892857142,0.2676235119047619,320.60267857142856,63.0625,224.0,179.0
all,2024-08-19,0.254,0.1803021582733813,0.2135827338129496,0.1408489208633093,0.1192158273381294,0.2214604316546762,0.1989712230215827,0.627251798561151,0.6521079136690646,0.1507266187050359,0.4383669064748201,0.0910215827338129,0.1447266187050359,0.181863309352518,0.0444748201438848,0.3061870503597122,0.2064748201438848,0.2368201438848921,0.4122302158273381,0.2988129496402877,0.5033093525179856,0.3258561151079136,0.4052230215827337,0.2627338129496403,0.1296330935251798,0.0607266187050359,0.076410071942446,0.0883812949640287,0.3683093525179856,0.0268453237410071,0.2540143884892087,270.6043165467626,53.273381294964025,139.0,109.0
all,2024-08-26,0.31675,0.1639071428571428,0.2209499999999999,0.1798714285714286,0.0880857142857143,0.2174071428571428,0.1759642857142857,0.6367857142857144,0.7098357142857141,0.13405,0.4304214285714285,0.0824285714285714,0.1725642857142857,0.2025857142857142,0.04635,0.3043642857142857,0.1952428571428571,0.2434214285714285,0.3439142857142857,0.2427785714285714,0.5256142857142857,0.3195499999999999,0.4238928571428571,0.2681142857142857,0.1072357142857142,0.0705071428571428,0.0933357142857142,0.0896214285714285,0.36405,0.0676232142857143,0.3277595238095238,314.5785714285714,62.01428571428571,140.0,113.0
all,2024-09-02,0.3294777070063694,0.1779617834394904,0.2448917197452229,0.1563057324840764,0.1258407643312102,0.2593566878980892,0.2130318471337579,0.6593821656050955,0.6804394904458598,0.1678789808917197,0.4675350318471338,0.1030764331210191,0.2255605095541401,0.1932611464968153,0.0463694267515923,0.3149235668789809,0.2459808917197452,0.2040318471337579,0.4649490445859872,0.3009872611464968,0.5481082802547771,0.3329108280254778,0.4525222929936305,0.3348917197452229,0.115,0.0574904458598726,0.087968152866242,0.1035668789808917,0.3918152866242038,0.0345605095541401,0.2924288747346072,388.9171974522293,77.78980891719745,157.0,119.0
all,2024-09-09,0.3417999999999999,0.1754,0.2532296296296296,0.1692888888888889,0.1124444444444444,0.2698518518518518,0.2400592592592592,0.6519111111111111,0.6789851851851851,0.1827555555555555,0.4622888888888889,0.110837037037037,0.2153481481481481,0.2366814814814814,0.0421851851851851,0.3609703703703704,0.2340814814814814,0.2725037037037037,0.3929407407407408,0.2916222222222221,0.5633333333333334,0.4125407407407407,0.4553703703703704,0.3283481481481481,0.1319259259259259,0.0905777777777777,0.1088518518518518,0.1158888888888889,0.391837037037037,0.0437814814814814,0.3122271604938271,501.2296296296296,100.25925925925924,135.0,121.0
all,2024-09-16,0.2974160583941606,0.1918175182481751,0.2355985401459854,0.1677445255474452,0.1407080291970803,0.2851897810218978,0.2452627737226277,0.6708394160583941,0.6694890510948905,0.1776861313868613,0.4597299270072993,0.1255182481751825,0.2017080291970803,0.2403941605839415,0.0416496350364963,0.3302773722627737,0.2394598540145985,0.255043795620438,0.4118905109489051,0.3335255474452555,0.5619124087591241,0.4173430656934306,0.4845328467153286,0.3132262773722628,0.1396861313868613,0.0848029197080291,0.1024452554744525,0.1210364963503649,0.4043357664233576,0.0101952554744525,0.2601265206812652,457.88321167883214,91.05109489051095,137.0,120.0
all,2024-09-23,0.3674705882352941,0.2332857142857143,0.2906218487394958,0.1891764705882352,0.1110504201680672,0.2714957983193277,0.2240420168067227,0.6379915966386556,0.7216722689075631,0.1862521008403361,0.4454453781512604,0.1187226890756302,0.1741008403361344,0.2299159663865546,0.0629327731092437,0.3435378151260504,0.2293529411764706,0.2602436974789916,0.4042857142857142,0.2675210084033613,0.5856218487394957,0.389453781512605,0.4386638655462184,0.3087731092436975,0.1303277310924369,0.064344537815126,0.1121428571428571,0.1161596638655462,0.4025546218487394,0.0788655462184873,0.3488711484593837,493.016806722689,96.56302521008404,119.0,95.0
all,2024-09-30,0.3485275590551182,0.2267952755905512,0.2825905511811024,0.1978346456692913,0.1238661417322834,0.3060551181102362,0.2688031496062992,0.7070866141732284,0.7223385826771653,0.2224881889763779,0.4789055118110237,0.1605984251968503,0.1892283464566929,0.2526220472440945,0.0629212598425196,0.3676692913385826,0.2438188976377952,0.2918188976377953,0.4121496062992126,0.3225354330708662,0.6131259842519686,0.438023622047244,0.4899685039370078,0.3239370078740157,0.1601023622047244,0.0789921259842519,0.0937322834645669,0.1372992125984252,0.4293385826771654,0.0489763779527558,0.3272860892388451,549.2834645669292,108.11811023622047,127.0,104.0
all,2024-10-07,0.2871045751633987,0.1858496732026144,0.266235294117647,0.1541045751633986,0.1412418300653594,0.2728888888888888,0.2140522875816993,0.6735555555555555,0.6650718954248367,0.1566078431372549,0.4600588235294118,0.1176601307189542,0.1779803921568627,0.2058496732026143,0.060313725490196,0.3273398692810457,0.2280522875816993,0.234156862745098,0.3968039215686274,0.3287385620915033,0.5293398692810458,0.3757712418300654,0.461562091503268,0.3066209150326797,0.1211176470588235,0.0707581699346405,0.059359477124183,0.0999019607843137,0.3792418300653595,0.0162581699346405,0.2648954248366013,391.8496732026144,77.93464052287581,153.0,125.0
all,2024-10-14,0.3261162790697674,0.2076744186046512,0.2535232558139535,0.1710174418604651,0.0979593023255814,0.2412209302325581,0.2029302325581395,0.6568546511627907,0.708860465116279,0.187703488372093,0.4242209302325582,0.1018662790697674,0.1607558139534884,0.2206046511627907,0.0411337209302325,0.3248953488372093,0.2345465116279069,0.2250872093023255,0.3966569767441861,0.2617558139534883,0.5146337209302325,0.372046511627907,0.4438488372093024,0.3018372093023256,0.1382616279069767,0.0558837209302325,0.1020523255813953,0.1078372093023256,0.3839883720930233,0.0699927325581395,0.3315406976744186,419.84302325581393,83.40116279069767,172.0,142.0
all,2024-10-21,0.3715038759689923,0.2311240310077519,0.3123953488372093,0.2033798449612402,0.1123488372093023,0.2643720930232558,0.2193488372093023,0.661124031007752,0.7018294573643411,0.1924341085271317,0.4873798449612403,0.1115891472868216,0.2116124031007751,0.2303488372093023,0.039,0.3561007751937984,0.2362945736434109,0.2426279069767442,0.4088294573643411,0.2497286821705426,0.5618527131782945,0.391922480620155,0.4864806201550387,0.3168062015503877,0.1205038759689922,0.0541860465116279,0.0914186046511627,0.1334418604651162,0.4144883720930232,0.0912403100775193,0.3495607235142119,452.2170542635659,91.34883720930232,129.0,107.0
all,2024-10-28,0.3456339285714285,0.2257946428571428,0.2719553571428571,0.1736607142857142,0.1181339285714285,0.2862857142857143,0.2447857142857142,0.6740982142857144,0.694955357142857,0.1999821428571428,0.5092678571428572,0.0996249999999999,0.2153125,0.2414910714285714,0.0643125,0.3688928571428572,0.2602053571428571,0.2514910714285714,0.4739464285714285,0.2605,0.5676517857142857,0.3829910714285714,0.4932142857142857,0.3289107142857143,0.1356339285714285,0.0728035714285714,0.0823749999999999,0.1191428571428571,0.4168482142857143,0.0520513392857143,0.3193809523809524,504.1785714285714,99.1875,112.0,95.0
all,2024-11-04,0.3663805309734513,0.248433628318584,0.3062389380530973,0.2002123893805309,0.1179026548672566,0.3092035398230088,0.2599557522123893,0.668504424778761,0.6969469026548674,0.2006548672566371,0.5295929203539823,0.114150442477876,0.1994867256637168,0.2624601769911504,0.0422477876106194,0.3789469026548672,0.2657610619469027,0.287433628318584,0.4781592920353982,0.2753362831858407,0.6373716814159291,0.4546637168141593,0.4587079646017698,0.3202389380530974,0.1342920353982301,0.0800442477876106,0.1179115044247787,0.1358318584070796,0.4221150442477876,0.0667632743362831,0.3386194690265487,600.1150442477876,117.87610619469028,113.0,101.0
all,2024-11-11,0.3410296296296295,0.1995999999999999,0.2517777777777777,0.1832074074074074,0.1192518518518518,0.2715999999999999,0.2330444444444444,0.6607111111111111,0.7187851851851851,0.1904888888888888,0.5124740740740741,0.1252592592592592,0.1801481481481481,0.219637037037037,0.0567407407407407,0.3513407407407407,0.2426148148148148,0.2416444444444444,0.3991407407407407,0.2974074074074074,0.5306296296296297,0.3431777777777778,0.4528666666666666,0.3305037037037037,0.1327555555555555,0.069237037037037,0.1095925925925925,0.1154074074074074,0.3914222222222222,0.0484777777777777,0.3179456790123456,419.4814814814815,84.19259259259259,135.0,109.0
all,2024-11-18,0.3289856115107913,0.1874676258992805,0.2503237410071942,0.1642877697841726,0.0997122302158273,0.2671726618705035,0.2210647482014388,0.682705035971223,0.6659064748201439,0.1587266187050359,0.516906474820144,0.0821223021582733,0.1982014388489208,0.2065035971223021,0.0347841726618705,0.3353741007194245,0.2354172661870503,0.2591870503597122,0.4102230215827337,0.2843525179856115,0.575884892086331,0.3688561151079136,0.4747050359712231,0.3234748201438849,0.119841726618705,0.0643381294964028,0.1293309352517985,0.1140071942446043,0.410546762589928,0.0493237410071942,0.3153597122302158,475.1151079136691,95.10791366906474,139.0,112.0
all,2024-11-25,0.3344962406015037,0.1875338345864661,0.272593984962406,0.1678045112781954,0.1050075187969924,0.2620375939849624,0.2221127819548872,0.6835263157894738,0.6813308270676692,0.1657142857142857,0.4714135338345864,0.0940375939849624,0.2125338345864661,0.2284736842105263,0.0568345864661654,0.3435112781954887,0.2559248120300751,0.2453082706766917,0.4164060150375939,0.2842631578947368,0.5478872180451126,0.3840451127819549,0.4811428571428572,0.3074285714285714,0.1230451127819549,0.041563909774436,0.0746992481203007,0.1266165413533834,0.4120075187969924,0.0570845864661654,0.3244661654135337,518.5864661654135,104.52631578947368,133.0,110.0
all,2024-12-02,0.3734636363636364,0.2385090909090909,0.2989272727272727,0.2001636363636363,0.1219909090909091,0.3146181818181818,0.2729818181818181,0.662090909090909,0.6897272727272727,0.1963545454545454,0.5005181818181819,0.1529727272727272,0.1594727272727272,0.2623818181818182,0.0527636363636363,0.3743090909090908,0.2479545454545454,0.2765727272727273,0.4376090909090908,0.3021999999999999,0.5923272727272727,0.3737545454545454,0.4722909090909091,0.3172545454545455,0.1342454545454545,0.0789454545454545,0.1054363636363636,0.1360636363636363,0.4215,0.0594613636363636,0.3320484848484848,624.2181818181818,122.86363636363636,110.0,97.0
all,2024-12-09,0.2918615384615384,0.1955692307692307,0.183,0.1332923076923076,0.112076923076923,0.2421307692307692,0.1998615384615384,0.6395461538461538,0.6631461538461538,0.164776923076923,0.4319076923076923,0.0824230769230769,0.1735461538461538,0.1963923076923076,0.0584846153846153,0.3204153846153846,0.2158076923076922,0.2150692307692307,0.4242538461538461,0.2699076923076923,0.5432692307692307,0.3357384615384615,0.4450769230769231,0.2977153846153846,0.1099461538461538,0.0523153846153846,0.084776923076923,0.0934153846153846,0.3781153846153846,0.023826923076923,0.2672589743589744,394.3307692307693,78.27692307692308,130.0,111.0
all,2024-12-16,0.3299661016949152,0.2216779661016949,0.2633983050847457,0.176686440677966,0.1220593220338983,0.2896101694915254,0.2654067796610169,0.6928135593220338,0.7151355932203389,0.2003474576271186,0.4872627118644068,0.136228813559322,0.2088898305084745,0.2280593220338983,0.0468728813559322,0.3549915254237288,0.251228813559322,0.2525169491525424,0.4157711864406779,0.3258559322033898,0.5567966101694916,0.393322033898305,0.5091864406779661,0.3073728813559321,0.1395677966101694,0.0855508474576271,0.1265254237288135,0.1284237288135593,0.4214915254237288,0.0420974576271186,0.3141073446327683,519.3135593220339,102.16949152542372,118.0,102.0
all,2024-12-23,0.2926666666666667,0.1885045045045045,0.2213243243243243,0.1472252252252252,0.0965585585585585,0.2437297297297297,0.208054054054054,0.6600540540540539,0.6652882882882882,0.1709009009009009,0.4568198198198198,0.0718288288288288,0.1581891891891892,0.2028738738738739,0.0277207207207207,0.3100900900900901,0.2101261261261261,0.2351981981981982,0.4226126126126125,0.2621801801801802,0.5347207207207207,0.3345585585585586,0.4691171171171171,0.2856576576576576,0.1166306306306306,0.0624504504504504,0.077027027027027,0.1003063063063063,0.3804864864864865,0.042286036036036,0.2965345345345345,395.3603603603604,79.43243243243244,111.0,97.0
all,2024-12-30,0.3740992907801418,0.2152624113475177,0.2946170212765957,0.199304964539007,0.0967872340425532,0.2809432624113475,0.2508156028368794,0.6822907801418441,0.7359858156028368,0.2059219858156028,0.5263262411347518,0.106354609929078,0.2288014184397163,0.2471347517730496,0.0371631205673758,0.3628652482269504,0.2519007092198582,0.2462978723404255,0.4378510638297872,0.2661843971631206,0.556290780141844,0.3835390070921986,0.4601843971631206,0.328886524822695,0.1325531914893617,0.0686382978723404,0.0968723404255319,0.1267163120567375,0.4250567375886524,0.0819556737588652,0.3714468085106382,528.2127659574468,106.3900709219858,141.0,117.0
all,2025-01-06,0.3309642857142856,0.2288357142857142,0.2835642857142857,0.1736214285714285,0.1165,0.2976857142857143,0.2487,0.6703214285714285,0.6760499999999999,0.1906857142857142,0.5111,0.1065285714285714,0.1442357142857142,0.2555571428571428,0.0586928571428571,0.3542285714285714,0.2324142857142857,0.2663642857142857,0.4208285714285714,0.2974428571428572,0.5848357142857143,0.4162071428571429,0.4848357142857142,0.3203142857142858,0.1301642857142857,0.0949214285714285,0.0992,0.1190214285714285,0.4005071428571428,0.0471535714285714,0.3136928571428571,495.9642857142857,98.22857142857144,140.0,121.0
all,2025-01-13,0.2798015873015873,0.1740079365079365,0.2226428571428571,0.1572301587301587,0.1322539682539682,0.2802460317460317,0.257984126984127,0.6664920634920636,0.6541825396825396,0.1808412698412698,0.4329920634920635,0.109063492063492,0.1992222222222222,0.2471031746031745,0.0466428571428571,0.3397380952380952,0.260031746031746,0.2473571428571429,0.4240714285714285,0.3826984126984127,0.5308095238095238,0.3787539682539682,0.4891269841269842,0.2984444444444444,0.1408174603174603,0.0869523809523809,0.1429206349206349,0.1227063492063492,0.399531746031746,0.0021706349206349,0.2532883597883598,464.8253968253968,89.31746031746032,126.0,91.0
all,2025-01-20,0.3713915662650602,0.2241807228915662,0.2932168674698795,0.1996506024096385,0.1193012048192771,0.2966927710843374,0.2491506024096386,0.7090361445783133,0.6898915662650602,0.1968975903614458,0.5422590361445783,0.108867469879518,0.1975180722891566,0.2439036144578313,0.0432831325301204,0.3707469879518072,0.2610361445783132,0.2709939759036144,0.4476746987951807,0.2869096385542168,0.5879036144578313,0.3792168674698795,0.5022831325301205,0.3582289156626506,0.142933734939759,0.0660301204819277,0.085789156626506,0.1337771084337349,0.4331987951807229,0.0641129518072289,0.3321987951807229,567.7710843373494,111.69277108433737,166.0,133.0
all,2025-01-27,0.3725724137931034,0.2171103448275862,0.2653310344827586,0.1867310344827586,0.1249655172413793,0.3075793103448276,0.2672137931034483,0.6993586206896553,0.6865103448275862,0.204951724137931,0.4836344827586206,0.1242344827586206,0.1933931034482758,0.271448275862069,0.0571793103448275,0.3666551724137931,0.2689172413793103,0.2761379310344827,0.4114620689655172,0.3247172413793103,0.5831103448275862,0.4175241379310345,0.5019448275862068,0.3354,0.1505448275862069,0.0984206896551724,0.1329793103448275,0.1358068965517241,0.4293448275862069,0.0441637931034482,0.3165057471264368,536.2206896551725,105.78620689655172,145.0,121.0
all,2025-02-03,0.3444424778761061,0.2192035398230088,0.2273716814159291,0.1720353982300884,0.1044955752212389,0.2561946902654867,0.2224955752212389,0.7040353982300884,0.7280353982300884,0.1891858407079646,0.4565398230088495,0.0979646017699115,0.20129203539823,0.2078230088495575,0.0430796460176991,0.3363893805309734,0.2333274336283186,0.2167787610619468,0.4350530973451327,0.2607256637168142,0.5529646017699115,0.3702212389380531,0.4927079646017699,0.3264601769911504,0.1202654867256637,0.0443274336283185,0.1181681415929203,0.1249380530973451,0.4210088495575221,0.0604181415929203,0.3287876106194689,477.6637168141593,95.46017699115043,113.0,98.0
all,2025-02-10,0.33965625,0.2035390625,0.2754375,0.1708203125,0.12153125,0.2936328125,0.247578125,0.6749453124999999,0.6822109375,0.1694062499999999,0.51515625,0.1240234375,0.171375,0.2264140625,0.0791406249999999,0.3374765624999999,0.243921875,0.2434765625,0.4564921875,0.29678125,0.573828125,0.39625,0.4465625,0.366359375,0.121375,0.0987734374999999,0.1085312499999999,0.1180781249999999,0.411015625,0.03978125,0.3109036458333333,454.59375,90.6015625,128.0,111.0
all,2025-02-17,0.3249637681159421,0.1871014492753623,0.2892101449275362,0.1637971014492753,0.1290217391304347,0.3102826086956521,0.2719130434782609,0.6865579710144928,0.6639347826086957,0.1874565217391304,0.4671811594202897,0.1291739130434782,0.2036884057971014,0.2436304347826087,0.0481304347826086,0.3732753623188405,0.2627971014492753,0.2749202898550724,0.4174855072463768,0.3364855072463768,0.5806811594202899,0.4348405797101449,0.4800507246376811,0.2959420289855072,0.1557681159420289,0.0984782608695652,0.0983478260869565,0.1335942028985507,0.4112028985507246,0.0216159420289855,0.2970144927536232,481.8550724637681,93.82608695652172,138.0,117.0
all,2025-02-24,0.3743102258251302,0.166008152866242,0.2531940706427331,0.151892090330052,0.1074330052113491,0.2942497510133179,0.2534768963520555,0.6866258714533873,0.7078608453966415,0.1890395830920671,0.4893903184713376,0.09898209612044,0.2030465083960625,0.2093508511870295,0.0531341053850608,0.362956965836711,0.2516305500868558,0.2441083497394325,0.4268585755645628,0.2877167805442965,0.5651028141285466,0.3661815865662999,0.4978972553561088,0.3201039490445859,0.1237125651418644,0.0444761088592935,0.0925021424435437,0.1241569426751592,0.4163600463231036,0.0355097568037058,0.3376887087434858,465.3566878980892,92.56050955414013,157.0,130.0
all,2025-03-03,0.3329306513409961,0.1919843390804597,0.2425056513409961,0.1728024904214559,0.1434147988505747,0.2880882662835249,0.2457854885057471,0.6808780172413793,0.689287164750958,0.206786254789272,0.4423654214559387,0.1161162356321839,0.167518438697318,0.2383815134099617,0.0612328544061302,0.3482235632183907,0.2452365900383141,0.2810792624521073,0.4144561781609195,0.319444061302682,0.5569735153256704,0.385876388888889,0.4465555076628352,0.2755290229885058,0.1531346264367816,0.0802335727969348,0.09475,0.1074841475095785,0.4017654214559387,0.0193042504789272,0.278159690293742,431.80689655172415,83.73103448275862,145.0,118.0
all,2025-03-10,0.3439999542526716,0.2136117881715708,0.2921700153711023,0.1770843031766944,0.1579595685111989,0.3384494675010979,0.2925786030595813,0.6863497932220759,0.6890527649685259,0.2116574623042014,0.529276405357927,0.1519126592007027,0.2615875786854047,0.2864159804567412,0.0968176511491728,0.3784575464792856,0.299832756916996,0.2875032114624505,0.4893585675596545,0.340896510393793,0.6119462560386473,0.440151460254721,0.5030322335675597,0.3818917892695067,0.1714972094129702,0.1023345776606646,0.1371072500365978,0.1671587798272581,0.450958982945396,0.0085119972368613,0.2837813430195676,653.1931818181819,123.4943181818182,176.0,143.0
all,2025-03-17,0.3291775147928994,0.2107396449704141,0.2841005917159763,0.1682899408284023,0.1270177514792899,0.2889585798816567,0.245076923076923,0.6745384615384615,0.6694852071005918,0.1858047337278106,0.5181005917159762,0.1308343195266272,0.2062426035502958,0.2265088757396449,0.0533136094674556,0.3532544378698224,0.2522662721893491,0.2502603550295857,0.4218106508875739,0.2977159763313609,0.5688224852071005,0.4301005917159764,0.4306449704142012,0.3194852071005917,0.1326094674556213,0.0815798816568047,0.0979289940828402,0.1199881656804733,0.4178284023668639,0.0400887573964497,0.3005700197238659,501.0650887573965,97.79289940828404,169.0,145.0
all,2025-03-24,0.3134827586206897,0.1930862068965517,0.2598620689655172,0.163103448275862,0.1371609195402298,0.2833908045977011,0.2612183908045977,0.6806551724137931,0.6581896551724139,0.1742183908045977,0.5238218390804599,0.1257816091954023,0.1538448275862068,0.2260574712643678,0.0470459770114942,0.3430057471264368,0.2367931034482759,0.2309425287356321,0.4438735632183908,0.3278045977011494,0.5571149425287357,0.4042931034482758,0.469367816091954,0.3254310344827587,0.1392758620689655,0.0774942528735632,0.0769367816091954,0.1116954022988505,0.406551724137931,0.0221077586206896,0.2733505747126436,463.3908045977012,92.15517241379312,174.0,144.0
all,2025-03-31,0.360221340388007,0.2435257936507936,0.2951155202821869,0.1922286155202821,0.0987746913580246,0.2964186507936507,0.2533298059964726,0.690935405643739,0.718907848324515,0.2100002204585538,0.5442469135802469,0.124574074074074,0.1830546737213403,0.2599572310405643,0.0497566137566137,0.3674971340388007,0.2569519400352733,0.2667193562610229,0.434378086419753,0.2806951058201059,0.5933977072310406,0.4081869488536154,0.4818302469135802,0.3689085097001763,0.1294541446208112,0.0862394179894179,0.1208390652557319,0.1289085097001763,0.4200432098765432,0.0751761463844797,0.3593068783068783,502.2962962962963,98.85185185185183,162.0,131.0
all,2025-04-07,0.387022997241457,0.2401924365253617,0.2736533806226425,0.1793635224905702,0.1272645386477509,0.3043210887800484,0.2645105415751844,0.6849643782018803,0.7440488093227495,0.2271546895231661,0.5397038084782977,0.1098760344536395,0.2135348899397624,0.250451472161234,0.0465020548330799,0.3652229071665822,0.2514919073354726,0.2656509457861847,0.4338771885379722,0.2770926645273884,0.5877508866745482,0.4119815768732759,0.4364168918538536,0.3449839272645386,0.1264306282722513,0.072279640263469,0.1052698586950402,0.129874809998311,0.4273690958734448,0.0542652705061082,0.340977190414532,560.869109947644,111.71204188481676,191.0,156.0
all,2025-04-14,0.3509073170731707,0.2165121951219512,0.2659414634146341,0.1802,0.105960975609756,0.2899414634146341,0.2491170731707317,0.6862585365853658,0.7217609756097563,0.196980487804878,0.5176487804878048,0.1075951219512195,0.1704048780487805,0.2379853658536585,0.0368292682926829,0.3508439024390244,0.2375024390243902,0.2545121951219512,0.4091951219512195,0.281780487804878,0.5566439024390244,0.3687317073170731,0.4770341463414634,0.3304878048780488,0.1295024390243902,0.0717951219512195,0.1202292682926829,0.1143951219512195,0.4060390243902439,0.0554390243902439,0.3402422764227642,466.21463414634144,93.2341463414634,205.0,168.0
all,2025-04-21,0.3093430911680911,0.1943355413105413,0.2630526590693257,0.1680667853751187,0.1147275641025641,0.2841376780626781,0.2424286799620132,0.6621022317188984,0.6709573361823361,0.2000375830959164,0.4874715811965812,0.1155649810066476,0.1617288461538461,0.2259289173789173,0.0624007834757834,0.3442671889838556,0.2352383665716999,0.2627718186134852,0.4370498575498576,0.2983340930674264,0.5745001424501425,0.3889192070275404,0.4659016381766382,0.3336042972459638,0.1395780151946818,0.0798996676163342,0.1241227207977208,0.1202895773979107,0.4107833570750237,0.0342668981481481,0.2997234647040203,494.7846153846154,98.23589743589744,195.0,153.0
all,2025-04-28,0.3621551175235385,0.2262160468739416,0.2849755808440019,0.189145058592427,0.1185880918512497,0.3042399580031159,0.2676158301158301,0.6935396260922577,0.6945990990990991,0.2012698299803562,0.4710586940323782,0.1256742870690239,0.2177269525164262,0.2493045451466504,0.0460481270744428,0.3881692068007858,0.2841984691458376,0.2942097812097812,0.4359709408656777,0.3318975140554088,0.5906211474632528,0.4205924608819345,0.4947697961119014,0.3096219941746257,0.1369905845695319,0.0672310844679265,0.0977786019101808,0.1372149292149292,0.4315384068278806,0.0542089260312944,0.3286551739709635,556.218045112782,109.1904761904762,399.0,322.0
all,2025-05-05,0.398511232718894,0.287816129032258,0.3291933755760369,0.2111600806451612,0.1274804723502304,0.3616476958525346,0.3091266129032258,0.7096149193548387,0.7215263824884792,0.2347466589861751,0.538505069124424,0.1559306451612903,0.2107316820276497,0.3213615783410138,0.0681713133640553,0.426638133640553,0.3058252304147465,0.3315039170506912,0.466786693548387,0.3227469470046083,0.6433505760368663,0.4706933755760368,0.4781661866359447,0.3476355414746543,0.1703267857142857,0.1029653225806451,0.1000025921658986,0.161366129032258,0.4625274193548388,0.062106120391705,0.3555965245775729,678.7322580645161,130.38387096774193,310.0,262.0
all,2025-05-12,0.4088466666666666,0.29394,0.3102422222222222,0.1964644444444444,0.13222,0.3527977777777778,0.3150488888888889,0.7062777777777778,0.7184488888888887,0.2354755555555555,0.5200377777777778,0.1607111111111111,0.2221666666666666,0.3068266666666667,0.0654244444444444,0.4236355555555555,0.3127155555555556,0.3246488888888889,0.4800377777777778,0.3017444444444444,0.6444933333333334,0.4790866666666666,0.4979111111111112,0.3563288888888888,0.1736111111111111,0.1022511111111111,0.1044444444444444,0.1583622222222222,0.4634844444444445,0.0598644444444444,0.3469592592592593,728.7866666666666,139.5888888888889,450.0,351.0
all,2025-05-19,0.3808318645810384,0.2649124623632224,0.2869880847470074,0.1893343981787471,0.1160726114415803,0.3368190680766688,0.2946269552764926,0.7153567966512446,0.723753231255049,0.2273480208562825,0.4893815084086069,0.1422415546743041,0.2187432437394433,0.2824952632738489,0.0665270066828229,0.4121829514577366,0.2978566314166115,0.3252694242491004,0.450893221708159,0.313157450246016,0.6160114011896892,0.4527732980832782,0.4945375633399427,0.324762062128222,0.1554423147536167,0.0821592494675773,0.0886120841595065,0.146624238084747,0.4474599030623485,0.0540708627083792,0.3477851154194512,638.2397003745318,121.30524344569288,534.0,438.0
all,2025-05-26,0.35891,0.2356125,0.2915775,0.180795,0.108865,0.3195325,0.2796025,0.6970525000000001,0.7101675000000001,0.2085925,0.5166425000000001,0.1271525,0.2185725,0.2623325,0.0650874999999999,0.3895275,0.281365,0.30616,0.4464725,0.31927,0.617165,0.43191,0.49792,0.342555,0.140675,0.0838199999999999,0.0875075,0.1341299999999999,0.4303175,0.0525249999999999,0.3446866666666666,557.1325,107.7775,400.0,297.0
all,2025-06-02,0.376128526645768,0.2743510971786834,0.3187335423197491,0.1862382445141065,0.1290250783699059,0.3679843260188087,0.3214294670846395,0.7095329153605016,0.7469498432601881,0.2270125391849529,0.5403605015673981,0.1581504702194357,0.2296426332288401,0.3081974921630094,0.0700407523510971,0.4208025078369906,0.3343354231974921,0.3453260188087774,0.5196300940438872,0.3481598746081504,0.6394827586206896,0.4618746081504702,0.4662884012539184,0.3451598746081505,0.1779780564263322,0.1361567398119122,0.0842413793103448,0.1556394984326018,0.4508652037617555,0.0403581504702194,0.3515788923719958,550.2131661442006,104.21630094043888,319.0,255.0
all,2025-06-09,0.3810099667774086,0.2739003322259136,0.3056810631229236,0.1818272425249169,0.1355016611295681,0.383468438538206,0.3450764119601329,0.7150598006644519,0.7273986710963455,0.2370332225913621,0.5251727574750831,0.1498205980066445,0.2340232558139534,0.3302790697674418,0.0797840531561461,0.432843853820598,0.3593156146179402,0.3506411960132891,0.5171594684385382,0.3574717607973422,0.639687707641196,0.4702358803986711,0.4828039867109635,0.3512458471760797,0.1815913621262458,0.141016611295681,0.0983853820598006,0.1588936877076412,0.4641893687707641,0.0261196013289036,0.3358615725359911,533.8139534883721,101.0498338870432,301.0,239.0
all,2025-06-16,0.3980284445009613,0.310286623770988,0.3347041082931702,0.1888497994405832,0.1277027201801275,0.4119246856371805,0.3838017032790418,0.7314917866263781,0.7568303366743923,0.257833596994914,0.576072740655741,0.1492248517734122,0.2325221205758469,0.3755714606986132,0.0940635815486346,0.4775790802239349,0.3906588308295155,0.4111912353844438,0.5498344016042734,0.3428385020254423,0.687701650563546,0.5275732192835099,0.4820064034020502,0.3921045204967233,0.1931051453788745,0.1515345158660353,0.0718258645198306,0.1649721184816928,0.4745696297854998,0.0381535410927717,0.3688182429760471,568.8979591836735,106.81632653061224,294.0,253.0
all,2025-06-23,0.378978262709214,0.3008015681166778,0.317798506940995,0.1812338966338105,0.1392050141468996,0.4024216695917083,0.382376568760555,0.7208135037584027,0.7477041660687809,0.2398556096412317,0.5795353893248857,0.1595307534097891,0.2451028290119982,0.3498715226037654,0.0889612459573716,0.4688725638450132,0.386286672479957,0.4158897755996335,0.553505439841643,0.3687690026527736,0.687256546390425,0.5102352506153626,0.4466194024084682,0.3893473588161492,0.2085049357778586,0.1489294200323042,0.0766245975768145,0.1637967151230173,0.4712744903252867,0.0238897167308704,0.3422886310927637,585.7953795379537,107.96369636963696,303.0,258.0
all,2025-06-30,0.3839733727810651,0.2957455621301775,0.3192810650887574,0.1757455621301775,0.1484763313609467,0.4040710059171597,0.3771065088757397,0.7241686390532546,0.7329733727810651,0.2490414201183432,0.5528491124260355,0.1750118343195266,0.2474674556213018,0.3508639053254437,0.0979999999999999,0.465603550295858,0.3803609467455621,0.3998905325443787,0.5462218934911243,0.3741745562130177,0.6730710059171596,0.5092692307692309,0.4786479289940828,0.3861627218934912,0.2038934911242603,0.1571213017751479,0.0800650887573964,0.1707988165680473,0.4717781065088757,0.0174127218934911,0.3302662721893491,565.4763313609468,104.89349112426036,338.0,285.0
all,2025-07-07,0.3859235474006116,0.3024862385321101,0.3324373088685015,0.1872354740061162,0.1225412844036697,0.4088042813455657,0.3750978593272172,0.7372660550458714,0.7659510703363914,0.2511162079510703,0.5667064220183485,0.1518501529051988,0.2483792048929663,0.3607186544342507,0.0898593272171253,0.4682966360856269,0.3814923547400611,0.3922079510703364,0.5389296636085626,0.3481743119266055,0.6768715596330275,0.5126330275229358,0.4719663608562691,0.371737003058104,0.1918868501529052,0.1418348623853211,0.0889266055045871,0.1688715596330275,0.4698409785932723,0.0363478593272171,0.3722293577981651,590.7737003058104,110.84709480122324,327.0,279.0
all,2025-07-14,0.3983325684883882,0.3114354053678209,0.3311404533444583,0.1799781671533862,0.1300430399109998,0.4164402030315672,0.3788630232234738,0.7296842581004033,0.7495543039910999,0.2598180364344319,0.6053969545264913,0.1646608955638993,0.2426260603532193,0.3500238492560145,0.0867094979835906,0.4735333750521485,0.3742126268947295,0.4097658183840912,0.5602796551244612,0.3454980531219579,0.7016877346683353,0.5185467946043666,0.4496754276178556,0.379303226255041,0.2030568071200111,0.1516198720623001,0.079555068836045,0.1644211514392991,0.4713776248087887,0.0319800271172298,0.3629660686969824,611.6699346405229,114.67320261437908,306.0,251.0
all,2025-07-21,0.3749592669793295,0.2841159458051067,0.3152116553760639,0.1762208615598402,0.1433253430606218,0.405536824735105,0.3640679173180476,0.7174372937293728,0.7381262810491575,0.244569046378322,0.5642713218690291,0.1450781657113079,0.2359768108389786,0.3420198888309884,0.0890469862775751,0.4550953621677957,0.3689365989230501,0.3858124891436512,0.5444913149209659,0.3474722077470905,0.6754995657460483,0.5089084592669794,0.4587461351398297,0.3711673614729894,0.1945848532221643,0.1573771061316658,0.0913905680041688,0.1627211221122111,0.4670330901511203,0.0131958485322216,0.3327737247408951,540.4752475247525,102.1914191419142,303.0,243.0
all,2025-07-28,0.395946311209849,0.2673697121170045,0.3331755068036656,0.1706652781634731,0.1187011015458668,0.3776176062204942,0.3296385263352773,0.7204086827733037,0.747002591872628,0.2309525131907803,0.5685274460797926,0.1266092752013329,0.2257139683421271,0.30790946959178,0.0780429510321207,0.4371242247523836,0.3484282143848931,0.3616731463482365,0.53164222901046,0.3414078496713876,0.6498118115338332,0.4954639452004072,0.4640822919559381,0.346908173655466,0.1590483199111357,0.1357596038137554,0.0738271776358419,0.1492027214662594,0.4491258909562158,0.0436298481903175,0.3733403684161807,489.16606498194943,93.70758122743682,277.0,236.0
all,2025-08-04,0.3795996116225547,0.2703538550057537,0.3117792721518987,0.1847912830840046,0.1212761075949367,0.3742359033371691,0.3403932681242808,0.7185829257767549,0.7511665707710011,0.2329561996547755,0.5326711018411968,0.1367215189873417,0.2166687284234752,0.3207433112773302,0.0738537830840046,0.437723245109321,0.3456877876869965,0.3668299769850403,0.5135936421173762,0.3327466915995397,0.6330394850402762,0.467210658803222,0.4642579833141542,0.3560438003452243,0.1874812284234752,0.1608916139240506,0.0658917577675489,0.1485573216340621,0.4482574798619103,0.038875,0.3595723772535482,515.0411392405064,98.03481012658229,316.0,255.0
all,2025-08-11,0.3941138776541961,0.3025711577350859,0.3303880182002022,0.1942628286147624,0.1285278690596562,0.3973892189079878,0.3648099721941355,0.712667277553084,0.747985970677452,0.2473168604651162,0.5673585692618807,0.1497568250758341,0.2336037664307381,0.3503288675429727,0.0836031976744186,0.458696789686552,0.3670540318503539,0.3810778564206269,0.5342336324570274,0.3380587082912032,0.668290824064712,0.5072942366026288,0.4765521359959555,0.3796984959555106,0.1829740899898888,0.1459347826086956,0.0836329625884732,0.1674285262891809,0.465521043983822,0.0423754265672396,0.3623014197842938,594.6104651162791,113.49418604651164,344.0,279.0
all,2025-08-18,0.3781486068111455,0.2925170278637771,0.3105603715170278,0.180938080495356,0.1264767801857585,0.3800835913312694,0.3522755417956656,0.7098792569659442,0.7527244582043343,0.2400557275541795,0.5755696594427244,0.1466501547987616,0.2292445820433436,0.3309009287925696,0.0855758513931888,0.4476222910216718,0.358343653250774,0.3638452012383901,0.527312693498452,0.3352074303405573,0.6559318885448916,0.4910650154798762,0.4616749226006193,0.3774705882352941,0.183609907120743,0.1374860681114551,0.0865696594427244,0.1569907120743034,0.4574613003095975,0.0372608359133126,0.354001031991744,537.5232198142415,103.41486068111456,323.0,285.0
all,2025-08-25,0.4010863095238096,0.3006071428571428,0.3302172619047618,0.192547619047619,0.1308035714285714,0.388779761904762,0.3592738095238095,0.7186636904761905,0.757029761904762,0.2521130952380951,0.5917827380952382,0.1491071428571428,0.2477023809523809,0.3343630952380952,0.0862083333333333,0.4463214285714286,0.3625357142857143,0.3711696428571428,0.5393303571428572,0.3447380952380952,0.6615505952380951,0.4837738095238096,0.4508898809523809,0.3807827380952381,0.1806755952380952,0.1365119047619047,0.0784583333333333,0.1605327380952381,0.4633363095238095,0.0463229166666666,0.3653075396825397,541.5386904761905,103.0,336.0,279.0
all,2025-09-01,0.374201449338335,0.2697216035622362,0.3227117926655867,0.2003607433634171,0.1272241488505845,0.3684940623593232,0.3298985087466352,0.7054107138912259,0.7244130948404719,0.2303203543041614,0.5541298052143467,0.1424069615816932,0.2351689759434063,0.3285306072324713,0.0721296850140382,0.4202383204903634,0.3274576165314632,0.3511324143627664,0.4830226174670535,0.3207269205825033,0.6367807652587166,0.4459666780341983,0.4596309513746155,0.3613749250979151,0.1725723973217101,0.1362256625610419,0.0982169338475495,0.1560047535301159,0.4563322970006834,0.0438897916274399,0.3465512967642133,586.7286135693215,112.54572271386432,339.0,281.0
all,2025-09-08,0.3889518509357738,0.2975087806084591,0.328267623052189,0.1955793552642427,0.137944842938412,0.391431857531536,0.349665759749361,0.7203456179404731,0.7441444471926787,0.2576450655453871,0.5888752576469619,0.1619409679281062,0.2516959353615302,0.3355769643004369,0.0793781020694203,0.4579529227471349,0.3584327644488416,0.3777148157308929,0.5333428971885562,0.3451545057300684,0.6537600791491468,0.4822979635584137,0.4634941874845412,0.3718773188226564,0.1781935856212383,0.1317244620331437,0.0925174375463764,0.1648326325335971,0.4708607469700717,0.0378885522301921,0.3491764641218017,550.604501607717,106.13183279742763,311.0,259.0
all,2025-09-15,0.3930462633451957,0.282017793594306,0.3229964412811388,0.1942704626334519,0.1412277580071174,0.3966476868327402,0.3550498220640569,0.7249715302491103,0.7346192170818506,0.24988256227758,0.5780960854092526,0.1528754448398576,0.2294946619217081,0.3404555160142349,0.0850889679715302,0.4380889679715303,0.345491103202847,0.3734733096085409,0.5214982206405694,0.3359750889679716,0.6657829181494661,0.4770604982206405,0.4785978647686833,0.3830106761565835,0.1851850533807829,0.1566512455516014,0.0881779359430605,0.1682989323843416,0.4631814946619217,0.0291450177935943,0.3423262158956109,587.9288256227758,112.91814946619218,281.0,225.0
all,2025-09-22,0.3589621993127148,0.2575189003436426,0.2975154639175257,0.1849484536082474,0.1394054982817869,0.3809243986254295,0.3484158075601375,0.7019690721649485,0.7221030927835052,0.2336219931271478,0.5484742268041237,0.1431890034364261,0.2174226804123711,0.3310756013745704,0.0788556701030927,0.4327903780068728,0.3427938144329897,0.3489965635738832,0.4953986254295532,0.345254295532646,0.6392611683848798,0.480381443298969,0.4914261168384879,0.3673092783505154,0.1945154639175257,0.1528625429553264,0.1096975945017182,0.156701030927835,0.4565979381443299,0.0145713058419243,0.3201214203894616,598.106529209622,114.40893470790378,291.0,242.0
all,2025-09-29,0.3851315789473684,0.2743223684210526,0.3039309210526316,0.1780131578947368,0.1170657894736842,0.3801019736842105,0.351203947368421,0.7205065789473684,0.7550427631578948,0.224328947368421,0.5549144736842107,0.1313585526315789,0.2417927631578947,0.3226282894736842,0.0802434210526315,0.4472434210526315,0.3579243421052631,0.355016447368421,0.5425032894736843,0.3311480263157895,0.6767861842105263,0.4811743421052631,0.4852730263157895,0.362907894736842,0.1731874999999999,0.1268552631578947,0.0916809210526315,0.1603453947368421,0.4590657894736842,0.036765625,0.3643026315789473,498.8453947368421,95.4375,304.0,259.0
all,2025-10-06,0.3718205027322404,0.2797329836065573,0.3066543387978142,0.187943431693989,0.1257182076502732,0.373328349726776,0.3405983387978142,0.7139102950819672,0.7180300765027323,0.2311114316939891,0.5380520655737705,0.1315248524590164,0.2399208306010929,0.3323250710382514,0.0715512568306011,0.4344053770491803,0.3499494644808743,0.3668180109289617,0.4975730710382514,0.3244192786885246,0.6506701202185793,0.4614992786885246,0.4876834972677596,0.3621210491803279,0.1826288087431694,0.1229442185792349,0.0877234535519125,0.1597390163934426,0.4628439344262295,0.0370145355191256,0.3397834316939891,525.5893333333333,101.21866666666666,375.0,299.0
all,2025-10-13,0.3714072653744248,0.2676931041695718,0.3149537372751359,0.1847618532980058,0.1156750801840747,0.3612999233021894,0.3217540092037373,0.7238317528935991,0.7435679821503276,0.2240246130246827,0.5527090015339562,0.1292405173615953,0.2041383000976154,0.3055126900013945,0.0684311462836424,0.4295178496722912,0.325817319760145,0.3469441151861666,0.4998782945195927,0.3198575512480825,0.6396605076000559,0.4572436201366615,0.4930810556407753,0.3541755682610514,0.1628629200948263,0.1150885511086319,0.0862529633245014,0.1464881815646353,0.4533692999581649,0.0462164882861525,0.3609679147492214,473.8292079207921,91.39108910891088,404.0,318.0
all,2025-10-20,0.3415158513541885,0.2546423322635794,0.2811533547284124,0.1696590384211631,0.1266656069104106,0.3500197654539456,0.3297598152424942,0.7100119972406347,0.725606730451996,0.2173834618037851,0.5040123571578536,0.141164992051828,0.2095664797096668,0.2945871149635583,0.0787052577907081,0.4179744158843465,0.3437966767643442,0.3330841606430521,0.5166997990462194,0.3414691820881197,0.6261482858942443,0.4520241144536757,0.4806776341441468,0.3463403317237035,0.1692648090939084,0.123953270747728,0.0815177409195885,0.1429904322005938,0.4455369065115024,0.0233999580096577,0.3227597052677884,491.65819861431874,93.30484988452656,433.0,345.0
all,2025-10-27,0.3618293333333333,0.2710906666666666,0.3080346666666667,0.165368,0.1301466666666666,0.3851626666666667,0.3584799999999999,0.7137733333333334,0.723576,0.2277039999999999,0.557448,0.1395386666666666,0.2307893333333333,0.3210613333333333,0.0753546666666666,0.458672,0.3604773333333333,0.3717253333333333,0.5303413333333333,0.357104,0.6698213333333333,0.4962426666666666,0.476368,0.3740559999999999,0.1785253333333333,0.1270613333333333,0.0689146666666666,0.1537626666666666,0.4639786666666667,0.018926,0.3343333333333334,488.368,92.95466666666668,375.0,305.0
all,2025-11-03,0.3540197740112993,0.2741864406779661,0.3112542372881355,0.1781468926553672,0.1164689265536723,0.3665734463276835,0.3430875706214688,0.7036412429378531,0.7190254237288135,0.2150988700564972,0.5259039548022598,0.1343870056497175,0.2151525423728813,0.314909604519774,0.0752655367231638,0.4306920903954802,0.3345423728813559,0.352409604519774,0.4874293785310735,0.3409774011299435,0.6435734463276837,0.469225988700565,0.4886892655367231,0.354228813559322,0.1723926553672316,0.1309463276836158,0.1045423728813559,0.1527570621468926,0.4452796610169491,0.0378806497175141,0.3449642184557439,522.4745762711865,99.54802259887006,354.0,300.0
all,2025-11-10,0.3719330024813896,0.2705732009925558,0.2969354838709678,0.1781761786600496,0.1177171215880893,0.3600843672456575,0.3301637717121588,0.7162853598014889,0.7268734491315136,0.2236501240694788,0.5256674937965261,0.1357766749379652,0.2103176178660049,0.3017568238213399,0.070394540942928,0.4234838709677419,0.3389081885856079,0.3291960297766748,0.509590570719603,0.3468362282878412,0.6212928039702234,0.441833746898263,0.4882233250620347,0.3604218362282878,0.1648957816377171,0.1230545905707196,0.0991240694789081,0.14824317617866,0.4511042183622829,0.0405037220843672,0.3475301902398676,505.7741935483871,97.06451612903226,403.0,313.0
all,2025-11-17,0.379318766066838,0.2781413881748072,0.3144421593830334,0.1839897172236504,0.1228071979434447,0.3581439588688945,0.3347763496143959,0.7078766066838046,0.743910025706941,0.2303419023136247,0.5365706940874035,0.1584961439588689,0.2155938303341902,0.3078508997429305,0.0714678663239074,0.4334987146529563,0.3331542416452442,0.3564190231362467,0.4878303341902313,0.3233727506426735,0.629236503856041,0.4441131105398457,0.4859100257069408,0.367293059125964,0.176611825192802,0.1366735218508997,0.0877506426735218,0.1543856041131105,0.4509434447300772,0.0484974293059125,0.3564164524421593,532.3213367609254,102.39074550128537,389.0,308.0
all,2025-11-24,0.3721901875901876,0.2898318614718615,0.3201550937950938,0.1934802308802308,0.1240869264069264,0.3735583261183261,0.3508204906204906,0.7096543722943724,0.7312889466089467,0.2354555844155844,0.5421438961038961,0.1360111976911976,0.2383822222222222,0.3196207792207792,0.0786075036075036,0.4402288600288601,0.3467384126984127,0.3834189898989898,0.49751215007215,0.3454576623376623,0.6436584704184704,0.4775650793650793,0.4624060606060606,0.3517081673881674,0.1860881962481962,0.1346319769119769,0.0823774891774891,0.1595099567099567,0.457207215007215,0.0450917171717171,0.3504578162578162,576.612987012987,109.35324675324676,385.0,316.0
all,2025-12-01,0.3758070372398686,0.2806803669222343,0.3132261500547644,0.1893404983570646,0.1207972891566265,0.373954408543264,0.3403621029572836,0.7240791894852135,0.7526099671412922,0.2413194687842278,0.5557521631982476,0.1347057228915662,0.2217986035049288,0.3177078587075576,0.0727141292442497,0.4323187294633077,0.3376101040525739,0.3559611445783132,0.5287790525739321,0.3165964676889375,0.6583374589266154,0.4665206188389922,0.4687411829134721,0.3542395125958379,0.1786566265060241,0.1320338170865279,0.1105800930996714,0.1519757667031763,0.4577585432639649,0.0423876642935377,0.359750428988682,533.4506024096386,103.2289156626506,415.0,316.0
all,2025-12-08,0.3435254298280688,0.2517878048780487,0.2845169532187125,0.1691394642143142,0.1255433826469412,0.3666208316673331,0.3266043582566973,0.7239119152339063,0.715344582167133,0.2154539384246301,0.5362689724110355,0.1288204318272691,0.216867413034786,0.302897281087565,0.0661579768092762,0.4287082367053179,0.3249866453418633,0.3513692522990803,0.4906591363454619,0.3386342662934826,0.633473530587765,0.4667636545381847,0.4638251899240304,0.3316689724110355,0.1600381447421031,0.1165140743702519,0.0834921231507397,0.1438980407836865,0.4516928428628548,0.0161603058776489,0.3222522724243635,498.07073170731707,95.92926829268292,410.0,334.0
all,2025-12-15,0.3322156334231805,0.2461024258760107,0.2865795148247978,0.1761671159029649,0.1040862533692722,0.3319541778975741,0.3042479784366577,0.7030161725067384,0.7250269541778976,0.2119757412398921,0.5128760107816711,0.1163584905660377,0.1964339622641509,0.2745741239892183,0.0602425876010781,0.4057169811320755,0.3072021563342318,0.3263746630727763,0.4779595687331536,0.3109460916442048,0.62677897574124,0.4414582210242588,0.4757762803234501,0.3253638814016172,0.1612560646900269,0.1123369272237196,0.0974123989218328,0.1391159029649595,0.4333126684636118,0.0422459568733153,0.343854447439353,445.2156334231806,86.4743935309973,371.0,297.0
all,2025-12-22,0.3876620225927918,0.2804484669176977,0.3286626681011296,0.1933275416890801,0.1185902635825712,0.3803397525551371,0.3317918773534158,0.7332461000537923,0.7370953200645508,0.2324470683162991,0.5539097902097901,0.1356066164604626,0.1989097364174286,0.3082038192576654,0.065498009682625,0.4301653577192038,0.312131199569661,0.3529677245831092,0.4796138784292629,0.3261962883270575,0.6488951048951049,0.4768821947283485,0.486257719203873,0.3627555137170521,0.1692203335126411,0.1266864981172673,0.0830430338891877,0.1491526627218935,0.4495651425497579,0.0480601667563206,0.3658830733369195,593.9349112426036,114.76627218934912,338.0,296.0
all,2025-12-29,0.3904646153846154,0.2848601207977208,0.3381449618233618,0.2008032547008547,0.1200299487179487,0.3824994051282051,0.3361716376068376,0.7169966951566952,0.7585361686609687,0.2475508284900285,0.5860672045584046,0.1531118723646723,0.213369682051282,0.3329050347578348,0.0839712227920227,0.4449676125356125,0.3421373447293447,0.3599723259259259,0.5162459623931624,0.3260713891737891,0.6484455886039886,0.4657887316239316,0.4781735612535612,0.3705699282051282,0.183613625071225,0.1295526472934473,0.1121454222222222,0.1589496250712251,0.4607961709401709,0.0523035612535612,0.3756852999050332,598.6426666666666,115.68266666666666,375.0,312.0
all,2026-01-05,0.3988419174382716,0.2938686021090535,0.3327545010288066,0.1993986947016461,0.1246998456790123,0.3847493569958847,0.350132137345679,0.7286376350308642,0.7424785558127572,0.2427780028292181,0.5795511509773662,0.1442964248971193,0.2203723315329217,0.3320402199074074,0.0824376929012345,0.4532089763374485,0.3477427019032922,0.358613940329218,0.5068523984053498,0.3349422582304527,0.6633639081790123,0.4777019997427983,0.5060470036008231,0.3842576838991769,0.1800538194444444,0.1335792181069958,0.100694765946502,0.164593203446502,0.4708015046296296,0.0514913274819958,0.3666584790809327,600.261574074074,114.46064814814817,432.0,358.0
all,2026-01-12,0.3551750083896639,0.2555432936622081,0.2978521681288652,0.1891243228342681,0.1154627049475046,0.3476821515892421,0.3108338367131693,0.7178073912939259,0.7189358849896926,0.2108301991945922,0.5342617005848793,0.1293752127379069,0.2451861037202166,0.2921239153363056,0.0723458249436694,0.4105738889687905,0.3236493150438659,0.3153983322546622,0.4912662280070952,0.3379425607651373,0.6125716117742941,0.4418389783786375,0.4723229061795867,0.3559020386883359,0.1557703808907426,0.1169555827220863,0.0976114836521405,0.1446053711827029,0.4453825806606261,0.042851269985378,0.3418583155552359,504.80684596577015,98.2713936430318,409.0,336.0
all,2026-01-19,0.384695020746888,0.2707821576763485,0.2909170124481327,0.1794834024896265,0.1275456431535269,0.3624522821576763,0.3294439834024897,0.7108879668049793,0.7389709543568466,0.2388153526970954,0.5442282157676348,0.1432489626556016,0.2565663900414938,0.3065622406639004,0.0728672199170124,0.4314751037344398,0.3364771784232365,0.3398755186721992,0.5119356846473029,0.3245145228215768,0.646085062240664,0.4812614107883817,0.4703630705394191,0.3634253112033195,0.1769937759336099,0.1170290456431535,0.0843879668049792,0.1502863070539419,0.453661825726141,0.0364704356846473,0.3439820193637621,589.5643153526971,113.95228215767636,482.0,382.0
all,2026-01-26,0.3864150206367924,0.2920908257318257,0.3398397331957547,0.2021421987721975,0.117331486427118,0.3756230483201535,0.3398053804511191,0.7315117714981039,0.7322207876664817,0.2276099566742971,0.5774578166909452,0.139793590888596,0.2211955849114409,0.326185376346883,0.0799368084940344,0.4383568871681927,0.3333439212506936,0.3647894331818813,0.4963693631786441,0.3091493761272197,0.6585534475582686,0.4727535471293471,0.4978931308962263,0.3676040720091102,0.1702372501329541,0.122399139844617,0.108045937095357,0.1638022133971513,0.4648302486531169,0.0586446772105068,0.3688270274058916,634.4009433962265,122.96933962264151,424.0,349.0
all,2026-02-02,0.380478149100257,0.2885218508997429,0.3317275064267352,0.1993470437017994,0.1255835475578406,0.3780899742930591,0.3362493573264782,0.7293367609254499,0.7302596401028277,0.2312313624678663,0.585668380462725,0.1395244215938303,0.2253624678663239,0.3085218508997429,0.075159383033419,0.4422082262210797,0.3255269922879177,0.3606632390745501,0.4888868894601542,0.3396323907455013,0.667904884318766,0.4625604113110539,0.4869434447300771,0.3691233933161953,0.1687146529562982,0.1256760925449871,0.106146529562982,0.1600719794344473,0.4581491002570694,0.0481818766066838,0.3552382176520994,584.6375321336761,113.12596401028276,389.0,321.0
all,2026-02-09,0.3667641311722577,0.2806273954014323,0.3018182981530342,0.2005312174896343,0.1269121579344138,0.3638339992461364,0.3240568243497927,0.7076734206558611,0.7370745307199397,0.2330033546928006,0.5476045326045986,0.1459936637768563,0.2436028364116095,0.3239616019600452,0.085305320392009,0.4275508443271768,0.3212636581228797,0.34786516773464,0.476379050131926,0.3173239050131926,0.6289600980022616,0.4487702996607614,0.4636854334715417,0.3592375254428948,0.1788193799472295,0.1274551149641914,0.0986302487749717,0.1564149754994346,0.451227291745194,0.0420621819638145,0.3416401620806634,590.0949868073878,113.20580474934036,379.0,318.0
all,2026-02-16,0.3740921508236873,0.2863072997176496,0.3309802167171168,0.1944772642283587,0.121662798184296,0.3724348021036501,0.3323435358667704,0.7220375511247383,0.7415861254251875,0.2397179374535474,0.5526847040271335,0.1546757657022864,0.2239742197162674,0.3229881500640651,0.0729988227081482,0.4345666931372624,0.3372764439069283,0.3566603079046623,0.4886401269351055,0.3120870530568547,0.6420354828491347,0.4695001757067247,0.4888463094204393,0.3506431292393208,0.1742698448310537,0.1280530818744314,0.1045068478542376,0.1611614045322411,0.4623534264395636,0.04941543272773,0.3605566994710344,577.3269230769231,110.5096153846154,416.0,346.0
all,2026-02-23,0.3540721266284291,0.2496435941043084,0.2817851524560441,0.1761604151537158,0.1134496751787134,0.3348727919562887,0.3122268428358998,0.7110657471630627,0.7304073849292803,0.2078797711677263,0.4951822730326698,0.1328253729887016,0.2038581631417999,0.2848139508889976,0.0665616337893181,0.4038182983069771,0.3059614164184192,0.3184830553208938,0.4673237257866109,0.3171877223728997,0.6048090890677258,0.4319351150336678,0.4863071597774913,0.3351538291859953,0.1696678174973693,0.1086215720856243,0.1080270027764192,0.1459376149225122,0.4425280808619743,0.0412540885181232,0.3419718794925377,542.6137566137567,105.81746031746032,378.0,306.0
all,2026-03-02,0.3578276720695324,0.2572597134132018,0.2718821235611933,0.1857327695560253,0.1177207423067888,0.320102137655626,0.3052293164200141,0.6912898754991779,0.7171102654451491,0.2132004228329809,0.4944954662908151,0.1262509748649283,0.2182931642001409,0.2669048625792812,0.0603057082452431,0.4017651867512332,0.2996041813483673,0.3007764153159502,0.4544832980972516,0.3257948320413436,0.5778783180643646,0.4038315245478036,0.4760232558139535,0.3310069532534648,0.1663084801503406,0.0972281888653981,0.0976332158797275,0.1429149166079398,0.433516513976979,0.0492641296687808,0.3312192780518362,531.3695090439277,103.51679586563309,387.0,318.0
all,2026-03-09,0.3825085983688331,0.2697952164939844,0.2987845315864756,0.184144288001891,0.1061604967058849,0.3354565221022666,0.2999639655097346,0.7172205320412914,0.7519318672242402,0.228857017906527,0.5493574597478922,0.1160646138699322,0.2248425910844746,0.2726229084111579,0.0604129810563207,0.4090309837964696,0.2999761712392329,0.3114299201526609,0.4741704137412729,0.2874893743655844,0.6103605980331518,0.422469037202213,0.4766573428288497,0.3487765580856906,0.1534810119766342,0.1032019932240463,0.0930062687932293,0.145733381000005,0.445365630801985,0.0629996492087202,0.3715811690206314,535.3170731707318,104.46883468834687,369.0,306.0
all,2026-03-16,0.3854510474275179,0.2712989832970224,0.3037816742081448,0.1921777219149768,0.1068317412435059,0.3267812440645774,0.3065737277247081,0.7079456538740854,0.751676987319144,0.2304867186190715,0.5413643371878666,0.1459990307804033,0.2056717529746941,0.2804463521590973,0.0559673007094575,0.4158756354393609,0.3048426372828333,0.3179723674655047,0.4773028098988883,0.2918873638344226,0.6168321266968325,0.4406729540249148,0.4843204038880509,0.3439703312664097,0.1583758309591643,0.0976961901569744,0.0831732556840399,0.1464874308697838,0.4446336098541981,0.0713708640578738,0.373471495074763,528.6564102564103,102.53076923076924,390.0,315.0
all,2026-03-23,0.3872768361581921,0.2553305084745763,0.3090310734463277,0.1919435028248587,0.1182994350282485,0.3349406779661016,0.3100593220338983,0.7043700564971752,0.7199209039548022,0.21654802259887,0.5468163841807909,0.1115169491525423,0.2043841807909604,0.2800593220338983,0.0640677966101695,0.4114830508474575,0.2936610169491525,0.3224802259887005,0.4677118644067798,0.3094124293785311,0.6209463276836159,0.4405028248587571,0.4700790960451977,0.3375112994350282,0.1482231638418079,0.1008559322033898,0.0878757062146892,0.1444265536723163,0.435593220338983,0.0592754237288135,0.353776836158192,561.6073446327683,109.8361581920904,354.0,288.0
all,2026-03-30,0.3593810118649733,0.2620266377005347,0.2898894719251336,0.1854737675467914,0.1223728191844919,0.3435765332553476,0.3129585895721925,0.7107614346590909,0.7245607703877005,0.2226342914438503,0.5364918658088235,0.1380960018382352,0.2161813252005347,0.2810516168114973,0.0689923713235294,0.4047895220588235,0.3032202331216577,0.3118903826871658,0.4952278743315508,0.3293268507687166,0.6255858038101605,0.4599623036430481,0.4825922418114973,0.363725806316845,0.1615459893048128,0.1070557110628342,0.1071290650066845,0.1502485419451871,0.4472219126002673,0.0412180460394385,0.3355709322081105,585.309375,115.228125,320.0,273.0
all,2026-04-06,0.3812153663756925,0.2649493797812897,0.2973476177486271,0.2000293217463248,0.1086504547471162,0.3311977025827957,0.2983678880188973,0.7056230605050481,0.7319853968320583,0.2123400935873761,0.5316184815583107,0.1219998621070049,0.2152022575481426,0.2856570091608911,0.0594961180124223,0.4050301670903379,0.2991095140171226,0.2920026874145663,0.4702742391903884,0.309654041463824,0.5939804236912155,0.4159032710616562,0.4873419101777022,0.3624257116477613,0.1518145279263291,0.0980650330343653,0.0872887779083431,0.1484988369025636,0.4381807702223075,0.0659613427480275,0.3615323389050097,500.7472826086956,99.1358695652174,368.0,299.0
all,2026-04-13,0.3412641944311599,0.2384049165736755,0.2783417224613423,0.1843943753653222,0.1043496532759445,0.3192553934853074,0.2872584621924651,0.7095004649556299,0.7304158031776398,0.2042211860353897,0.5032936659758754,0.1186757465858972,0.2281557269249162,0.2582971597853233,0.056842067856953,0.3906605093256814,0.2932191003772783,0.2961841423561294,0.4624327275625697,0.3154176696423827,0.5982860871991074,0.4150285615601253,0.4881464410967638,0.3261307986609278,0.1553401150433073,0.103758462192465,0.1070861894893458,0.1350403315797864,0.4318379231096232,0.048798778827249,0.3456575867474361,436.5663956639567,85.60162601626017,369.0,310.0
all,2026-04-20,0.3476118269530034,0.2497734204793028,0.2886062869592281,0.1842295051353874,0.1150427637721755,0.3254975412387177,0.3044769374416433,0.7103333333333334,0.7319488328664798,0.2086487394957983,0.5310016184251478,0.1277150326797385,0.2200422657952069,0.2864888266417678,0.0675263616557734,0.4046765017117958,0.3041790849673202,0.323557734204793,0.469178835978836,0.3258117647058823,0.5876938064114534,0.4154088390911921,0.4760927482103952,0.3600527855586679,0.1602842826019296,0.1085026455026454,0.0949785869903517,0.14188023653906,0.4424273264861499,0.0472851073762838,0.3410128851540616,475.31111111111113,93.76190476190476,315.0,253.0
all,2026-04-27,0.3576619203747072,0.254623793911007,0.2783269320843091,0.1815930679156908,0.1275332084309133,0.3429913817330211,0.3106951756440281,0.7134667915690865,0.7219911007025761,0.2237964402810304,0.5348722248243559,0.1320672599531615,0.2101645901639344,0.2927346135831381,0.0644761592505854,0.4186993911007026,0.3166146135831382,0.3381448243559719,0.4909988758782201,0.3426883372365339,0.6103452927400469,0.4311144730679157,0.4729005152224824,0.346344074941452,0.1653378922716627,0.1229910070257611,0.0921979391100702,0.1379008899297424,0.4392555503512881,0.0327891334894613,0.3251267759562841,530.5868852459016,101.78688524590164,305.0,250.0
all,2026-05-04,0.3541434543470567,0.2774823861625575,0.3068984236758286,0.2041284529707837,0.1200110912862254,0.3360389288663442,0.3158793401753764,0.7183925499390509,0.7214947406708349,0.2098690574495694,0.5719042040226496,0.1250324308914317,0.2038512666627344,0.2743014455782313,0.0539518501042035,0.4217180483465062,0.2896827076206205,0.3355970911485981,0.4227399974440643,0.3215312536864457,0.6098080713499272,0.4079940967716566,0.4932172447013487,0.3743613896425622,0.1590407524281388,0.1036439507884078,0.1025584449097558,0.1474982993197278,0.4449998771184775,0.0576381692127718,0.3408344482783479,532.1763005780347,103.7398843930636,346.0,264.0
all,2026-05-11,0.3226024067956583,0.2285327984898537,0.2757595563945257,0.159667059933931,0.1297224319647632,0.3431002044989775,0.3146854648419065,0.7016061821613969,0.6980857322636463,0.2056250589900896,0.5279522573540978,0.1228053327041057,0.215189948088721,0.2793358502438257,0.0619992134654711,0.4006957684442347,0.3097641182947931,0.3279373131980493,0.4579405379896176,0.3848021079125374,0.6107376907346233,0.4281299355041686,0.4764524146610036,0.3465662262073304,0.1591836558124901,0.1163389177284882,0.1082973100519112,0.1375117193644801,0.4365394840333491,0.0102291371716218,0.3024267998531803,482.67484662576686,92.98159509202452,326.0,258.0
all,2026-05-18,0.3557748783724016,0.2594424296034203,0.2842156862745098,0.1984200943535309,0.1112835765885301,0.3310531475748194,0.286359501695415,0.7111180893409995,0.7358736547250478,0.2247936016511867,0.5318934837092733,0.1261680672268907,0.2084771487542385,0.2818062804068996,0.0581288515406162,0.3993356184579095,0.293187527642636,0.3053159369010761,0.4582768686421937,0.2967240896358544,0.6021513342178977,0.4153782986878962,0.4820650154798762,0.3598292790800531,0.15431291463954,0.0949118384195783,0.0893939259914492,0.1376303258145363,0.4324514963880289,0.0532949100692908,0.3473378298687897,500.6811145510836,98.20433436532508,323.0,269.0
all,2026-05-25,0.3763406631562881,0.2649206196581196,0.288631291971917,0.1897277014652014,0.1159163461538461,0.3385753853785104,0.3122814331501832,0.696917635836386,0.7163027052808303,0.2181310973748473,0.5394618551587301,0.1207870879120878,0.2253798534798534,0.2952838827838828,0.0642857486263736,0.413243044108669,0.3083875992063492,0.3362841384310134,0.4514227335164835,0.3103977373321123,0.6074821008852259,0.427320570054945,0.4744278273809524,0.3495262934981685,0.156984932081807,0.0932793116605616,0.101553144078144,0.1478156631562881,0.4488007974664225,0.0526592032967033,0.3445085406491656,540.9391025641025,105.92948717948718,312.0,261.0
all,2026-06-01,0.3878353667953668,0.2752134362934362,0.3096503474903475,0.187730888030888,0.1278959073359073,0.3629450965250965,0.3161837837837837,0.7277359845559845,0.7441397683397682,0.2299228571428571,0.5623715057915057,0.1369871042471042,0.2351568339768339,0.3133366795366795,0.0647215444015444,0.4231428571428571,0.3260134362934364,0.325996525096525,0.5114179922779923,0.3175776061776061,0.6326996138996138,0.4536775289575289,0.4666832432432432,0.3635664864864865,0.1589274903474903,0.0977370656370656,0.0937462548262548,0.1478494208494208,0.4641359845559846,0.0446870077220077,0.3526459202059201,531.3857142857142,103.41428571428573,350.0,245.0
all,2026-06-08,0.37415770609319,0.2621756272401433,0.3045519713261648,0.1954731182795699,0.1156917562724014,0.3614551971326165,0.3230716845878136,0.736921146953405,0.7573405017921148,0.2239641577060931,0.5586594982078854,0.1546594982078853,0.2363655913978494,0.3074551971326165,0.0780752688172043,0.4354946236559139,0.3219498207885304,0.3276594982078853,0.4842652329749103,0.3172078853046595,0.6240824372759857,0.4542437275985663,0.5047240143369176,0.3749641577060932,0.1726236559139785,0.1027311827956989,0.0899641577060932,0.1593620071684588,0.4594265232974912,0.045516129032258,0.3629916367980884,499.1218637992832,96.39426523297492,279.0,200.0
all,2026-06-15,0.3989353233830845,0.2666616915422886,0.3094378109452737,0.2058258706467662,0.1078606965174129,0.3506666666666667,0.3234975124378109,0.7355323383084577,0.7548756218905472,0.2262089552238805,0.5155771144278608,0.1330845771144278,0.2481442786069651,0.2994328358208956,0.0711044776119402,0.4373582089552239,0.3188706467661691,0.3438059701492537,0.4656069651741293,0.3107412935323383,0.6424029850746268,0.4604328358208955,0.5232636815920398,0.3519950248756219,0.1870796019900497,0.1111641791044776,0.0737512437810945,0.1531492537313432,0.4566169154228855,0.0659514925373134,0.3798888888888888,556.2985074626865,108.09452736318408,201.0,153.0
all,2026-06-22,0.403827027027027,0.3092432432432432,0.3439567567567568,0.2176486486486486,0.1031513513513513,0.3638162162162163,0.3236864864864865,0.7120756756756758,0.7537513513513513,0.2402648648648649,0.5666486486486487,0.1508972972972972,0.202881081081081,0.3382432432432433,0.0578972972972972,0.4550324324324325,0.3190108108108108,0.3660864864864865,0.4572,0.2969891891891892,0.6452,0.4861675675675675,0.4873783783783784,0.3690486486486486,0.1679621621621621,0.1017351351351351,0.0710432432432432,0.1573837837837838,0.4587243243243243,0.0851851351351351,0.3973603603603603,597.1243243243243,115.95675675675676,185.0,139.0
all,2026-06-29,0.3894782608695652,0.2379192546583851,0.3071055900621118,0.1954720496894409,0.124695652173913,0.3298136645962733,0.2900062111801242,0.727614906832298,0.7509813664596273,0.2179503105590061,0.5276708074534161,0.1414347826086956,0.2038198757763975,0.2802919254658385,0.06727950310559,0.4040310559006211,0.3019130434782608,0.3155714285714285,0.4699937888198757,0.2986211180124223,0.5944161490683231,0.4245527950310558,0.4867080745341615,0.3539813664596273,0.1511863354037267,0.0988012422360248,0.0768819875776397,0.1533788819875776,0.4529627329192546,0.0552391304347826,0.3578260869565217,613.0434782608696,118.54658385093168,161.0,140.0
all,2026-07-06,0.4300063775510204,0.3065242346938775,0.3444826530612244,0.2166533163265306,0.1161117346938775,0.3696969387755102,0.3410895408163265,0.7134272959183673,0.7624270408163266,0.2477025510204081,0.611098724489796,0.1362507653061224,0.1850198979591837,0.3324658163265305,0.0775821428571428,0.430081887755102,0.3104903061224489,0.3512857142857142,0.5197211734693877,0.3018635204081633,0.653897193877551,0.4697897959183673,0.4716117346938775,0.3682801020408163,0.1640244897959183,0.1443558673469387,0.0973877551020408,0.1571711734693877,0.4577206632653062,0.0815123086734694,0.3961936224489796,583.5178571428571,113.78571428571428,112.0,93.0
en,2023-04-10,,,,,,,,,,,,,,,,,,,,,,,,,,,,,,,,,,1.0,1.0
en,2023-05-08,,,,,,,,,,,,,,,,,,,,,,,,,,,,,,,,,,2.0,2.0
en,2023-06-26,,,,,,,,,,,,,,,,,,,,,,,,,,,,,,,,,,1.0,1.0
en,2023-07-10,,,,,,,,,,,,,,,,,,,,,,,,,,,,,,,,,,1.0,1.0
en,2023-07-17,,,,,,,,,,,,,,,,,,,,,,,,,,,,,,,,,,1.0,1.0
en,2023-07-31,,,,,,,,,,,,,,,,,,,,,,,,,,,,,,,,,,1.0,1.0
en,2023-08-14,,,,,,,,,,,,,,,,,,,,,,,,,,,,,,,,,,1.0,1.0
en,2023-09-11,,,,,,,,,,,,,,,,,,,,,,,,,,,,,,,,,,1.0,1.0
en,2023-09-18,,,,,,,,,,,,,,,,,,,,,,,,,,,,,,,,,,1.0,1.0
en,2023-09-25,,,,,,,,,,,,,,,,,,,,,,,,,,,,,,,,,,4.0,3.0
en,2023-10-02,,,,,,,,,,,,,,,,,,,,,,,,,,,,,,,,,,10.0,8.0
en,2023-10-09,,,,,,,,,,,,,,,,,,,,,,,,,,,,,,,,,,19.0,15.0
en,2023-10-16,,,,,,,,,,,,,,,,,,,,,,,,,,,,,,,,,,16.0,14.0
en,2023-10-23,,,,,,,,,,,,,,,,,,,,,,,,,,,,,,,,,,14.0,12.0
en,2023-10-30,,,,,,,,,,,,,,,,,,,,,,,,,,,,,,,,,,12.0,10.0
en,2023-11-06,0.2832916666666666,0.1207083333333333,0.1721249999999999,0.0998333333333333,0.17025,0.3404166666666666,0.295875,0.6265416666666667,0.6109166666666667,0.18675,0.3724166666666666,0.1569583333333333,0.1911249999999999,0.2444583333333333,0.0209583333333333,0.3740416666666666,0.2722916666666666,0.3175833333333333,0.4948749999999999,0.3177083333333333,0.6592916666666667,0.4489583333333333,0.5007083333333333,0.2669999999999999,0.1277916666666666,0.0302916666666666,0.0275,0.1095,0.4282499999999999,-0.0863437499999999,0.1851944444444444,487.875,92.5,24.0,21.0
en,2023-11-13,,,,,,,,,,,,,,,,,,,,,,,,,,,,,,,,,,19.0,15.0
en,2023-11-20,0.2273461538461538,0.1866923076923076,0.1471153846153846,0.1648461538461538,0.0742307692307692,0.2048076923076923,0.1840384615384615,0.5635769230769232,0.6154230769230769,0.1543076923076923,0.2963461538461538,0.0718846153846153,0.2037692307692307,0.1790769230769231,0.0531538461538461,0.3416153846153846,0.215576923076923,0.2870384615384615,0.328076923076923,0.1882692307692307,0.5647692307692307,0.3310769230769231,0.3848076923076923,0.1790384615384615,0.1526153846153846,0.0443846153846153,0.0786923076923076,0.0934230769230769,0.3900384615384615,0.0419807692307692,0.2557307692307692,349.0,65.15384615384616,26.0,24.0
en,2023-11-27,0.2883571428571428,0.1998214285714286,0.2368571428571428,0.1537857142857142,0.0820714285714285,0.2178214285714285,0.1867857142857143,0.5601071428571429,0.6918928571428572,0.1411428571428571,0.4084285714285714,0.0853928571428571,0.1458928571428571,0.1779285714285714,0.0214285714285714,0.314,0.1867857142857143,0.2083214285714286,0.4534642857142857,0.2366071428571428,0.5240714285714286,0.3774642857142857,0.3945714285714286,0.2413928571428571,0.1583214285714285,0.0125357142857142,0.0463571428571428,0.0938928571428571,0.3728214285714286,0.0697589285714285,0.3236309523809523,448.3928571428572,86.75,28.0,23.0
en,2023-12-04,0.33975,0.1534375,0.16009375,0.13503125,0.150125,0.20578125,0.2111249999999999,0.5795,0.65071875,0.19071875,0.3415,0.1051875,0.2214374999999999,0.17890625,0.0444375,0.3125624999999999,0.25459375,0.18165625,0.420875,0.24940625,0.49875,0.378875,0.44978125,0.25846875,0.1085,0.03875,0.07271875,0.08971875,0.3669375000000001,0.019125,0.2333958333333333,381.625,73.625,32.0,29.0
en,2023-12-11,0.32125,0.1484499999999999,0.2064,0.1221,0.0792,0.2478999999999999,0.1935,0.5506,0.6784,0.1553999999999999,0.4121999999999999,0.09845,0.1127,0.21445,0.0646499999999999,0.3212,0.2429,0.1885499999999999,0.4302499999999999,0.241,0.49405,0.3789,0.3818499999999999,0.3205,0.0985,0.0261,0.04185,0.0836,0.3911,0.036,0.3228166666666666,408.35,76.8,20.0,16.0
en,2023-12-18,,,,,,,,,,,,,,,,,,,,,,,,,,,,,,,,,,13.0,12.0
en,2023-12-25,,,,,,,,,,,,,,,,,,,,,,,,,,,,,,,,,,19.0,15.0
en,2024-01-01,,,,,,,,,,,,,,,,,,,,,,,,,,,,,,,,,,14.0,13.0
en,2024-01-08,0.3589090909090908,0.268,0.2202272727272727,0.1482272727272727,0.1246818181818181,0.3193636363636363,0.2731818181818181,0.569318181818182,0.6860909090909092,0.2880909090909091,0.4246363636363636,0.154590909090909,0.2422272727272727,0.2688181818181818,0.0324090909090909,0.3832727272727272,0.284,0.2843181818181818,0.6065909090909091,0.260409090909091,0.6620909090909091,0.5494545454545454,0.4188181818181817,0.2915454545454545,0.1403181818181818,0.0363181818181818,0.069590909090909,0.1266818181818181,0.4376363636363636,0.0268181818181818,0.2970606060606061,541.3636363636364,103.95454545454544,22.0,18.0
en,2024-01-15,0.2461739130434782,0.1597826086956522,0.2225217391304348,0.1138260869565217,0.104,0.2491304347826086,0.2082608695652174,0.5603478260869565,0.6710434782608696,0.1792608695652174,0.437086956521739,0.1207826086956521,0.3280869565217391,0.1923913043478261,0.0968695652173912,0.3032608695652173,0.2343043478260869,0.2215217391304348,0.5622173913043478,0.2487391304347826,0.6095652173913045,0.3941739130434782,0.3851739130434782,0.2889999999999999,0.1563043478260869,0.0219565217391304,0.0637391304347826,0.1070434782608695,0.4036086956521739,0.0090108695652173,0.2759130434782608,488.9565217391304,94.3913043478261,23.0,20.0
en,2024-01-22,0.1342333333333333,0.1112666666666666,0.0841666666666666,0.0736,0.1035666666666666,0.1253,0.132,0.5175,0.6251333333333334,0.1477,0.2824,0.0576666666666666,0.2526333333333333,0.0917666666666666,0.0375,0.2321,0.1865333333333333,0.1828333333333333,0.3734999999999999,0.1689666666666666,0.4087333333333333,0.2559666666666667,0.3403666666666666,0.1623666666666666,0.1711666666666666,0.0127,0.0732666666666666,0.0575,0.3164333333333333,-0.0136166666666666,0.1776111111111111,382.06666666666666,72.6,30.0,23.0
en,2024-01-29,0.2494,0.2170666666666666,0.1851666666666666,0.1198999999999999,0.1236333333333333,0.2317666666666666,0.2150999999999999,0.5675,0.6798333333333333,0.2596666666666666,0.4072666666666666,0.1214333333333333,0.1800999999999999,0.1935666666666667,0.044,0.3321666666666666,0.2286666666666666,0.2241,0.4534666666666666,0.1934333333333333,0.5588,0.4310333333333334,0.4064333333333333,0.2227666666666666,0.1678,0.0734666666666666,0.1139333333333333,0.1091,0.3854666666666667,0.0151833333333333,0.2478333333333333,489.56666666666666,93.0,30.0,26.0
en,2024-02-05,0.2464242424242424,0.1873030303030303,0.2336060606060605,0.1191515151515151,0.0846666666666666,0.275060606060606,0.2635757575757576,0.5948787878787879,0.5990909090909091,0.155,0.4114848484848484,0.0846666666666666,0.1885151515151515,0.2351515151515151,0.0394848484848484,0.3528484848484848,0.2074848484848484,0.268060606060606,0.3898181818181818,0.2511515151515152,0.6060909090909091,0.4125151515151515,0.3993030303030303,0.2523030303030303,0.1343636363636363,0.052060606060606,0.0832424242424242,0.1124242424242424,0.4072121212121212,0.0167575757575757,0.275040404040404,490.2121212121212,96.87878787878788,33.0,27.0
en,2024-02-12,0.32225,0.1522857142857143,0.1827142857142857,0.1341785714285714,0.1507142857142857,0.2907142857142857,0.2371071428571429,0.6328928571428571,0.6620357142857144,0.1631071428571428,0.5433928571428572,0.0884285714285714,0.1576071428571428,0.2323571428571428,0.0302142857142857,0.3603928571428571,0.241,0.2275714285714285,0.5426428571428572,0.27375,0.6729999999999999,0.4434999999999999,0.4655714285714286,0.3065357142857143,0.1244285714285714,0.02775,0.1461428571428571,0.1163571428571428,0.4045,-0.0228571428571428,0.2382857142857142,465.32142857142856,90.17857142857144,28.0,22.0
en,2024-02-19,0.3219166666666667,0.2097083333333333,0.2599583333333333,0.1381666666666666,0.06975,0.24825,0.221,0.5755833333333333,0.6885,0.20575,0.4296666666666667,0.0856666666666666,0.118625,0.223625,0.0239166666666666,0.3370416666666666,0.177,0.3104583333333333,0.3632916666666667,0.1805416666666666,0.6481666666666667,0.4377083333333333,0.3851666666666667,0.31575,0.1242083333333333,0.1535416666666666,0.101125,0.0994999999999999,0.3696666666666666,0.0734375,0.3537083333333333,509.625,99.625,24.0,21.0
en,2024-02-26,0.3301724137931034,0.240551724137931,0.2417931034482758,0.1354482758620689,0.0870344827586206,0.2656206896551724,0.2568620689655172,0.6029655172413794,0.6737586206896551,0.1944137931034482,0.5077241379310345,0.1218620689655172,0.2177931034482758,0.2019655172413793,0.0314482758620689,0.3203448275862068,0.195,0.2758965517241379,0.4868965517241379,0.2202758620689655,0.6116206896551725,0.4782413793103448,0.3902758620689655,0.2723793103448275,0.1559655172413793,0.0378275862068965,0.0999310344827586,0.1129310344827586,0.3921379310344827,0.0606637931034482,0.3282068965517241,767.0689655172414,153.6551724137931,29.0,24.0
en,2024-03-04,,,,,,,,,,,,,,,,,,,,,,,,,,,,,,,,,,19.0,17.0
en,2024-03-11,,,,,,,,,,,,,,,,,,,,,,,,,,,,,,,,,,17.0,16.0
en,2024-03-18,0.2353125,0.1225,0.182,0.0909375,0.148125,0.2369375,0.2085937499999999,0.60528125,0.6053124999999999,0.13909375,0.32840625,0.13353125,0.1407187499999999,0.1476875,0.02440625,0.2772187499999999,0.2480625,0.1673437499999999,0.5116875000000001,0.33125,0.5806562500000001,0.43990625,0.448125,0.21153125,0.0954062499999999,0.06515625,0.0653125,0.08821875,0.37571875,-0.03484375,0.19275,426.875,81.25,32.0,23.0
en,2024-03-25,0.2202564102564102,0.1111384615384615,0.1708923076923076,0.1146871794871794,0.1163589743589743,0.1762410256410256,0.1708410256410256,0.5889692307692307,0.6373230769230769,0.1134923076923077,0.3681589743589744,0.0921435897435897,0.1368615384615384,0.1333025641025641,0.0400564102564102,0.2556461538461538,0.2024871794871794,0.1558666666666666,0.3967435897435896,0.3272410256410256,0.434723076923077,0.2560974358974359,0.3860717948717949,0.2413025641025641,0.1233897435897435,0.0228717948717948,0.0571333333333333,0.0593641025641025,0.3382615384615384,0.0079435897435897,0.2264649572649572,226.35384615384612,43.57948717948718,195.0,154.0
en,2024-04-01,0.3193243243243243,0.1872297297297297,0.2184459459459459,0.1520135135135135,0.1394729729729729,0.2683783783783783,0.2356486486486486,0.620054054054054,0.6469864864864866,0.1627972972972972,0.3957432432432432,0.1058513513513513,0.1647972972972973,0.238527027027027,0.0699189189189189,0.3452702702702703,0.2421216216216216,0.256027027027027,0.4095,0.311054054054054,0.5675405405405406,0.439972972972973,0.4237567567567568,0.2773783783783783,0.1317297297297297,0.0656756756756756,0.1068783783783784,0.1189594594594594,0.4042432432432433,0.0153277027027027,0.2554459459459459,431.55405405405406,84.41891891891892,74.0,61.0
en,2024-04-08,0.3093625,0.152075,0.2355125,0.14125,0.0993,0.2396624999999999,0.207275,0.678425,0.6783374999999999,0.148075,0.3985499999999999,0.103175,0.1578999999999999,0.1864375,0.0472249999999999,0.3081,0.2051,0.1938625,0.378225,0.3285875,0.509375,0.387525,0.4800124999999999,0.24855,0.1093999999999999,0.0377625,0.0632874999999999,0.0920624999999999,0.361525,0.04006875,0.3084375,379.75,75.325,80.0,68.0
en,2024-04-15,0.2646172839506173,0.1769012345679012,0.223679012345679,0.1466543209876543,0.1184074074074074,0.2555185185185185,0.2032839506172839,0.6500123456790123,0.6518395061728394,0.1488888888888889,0.4637407407407406,0.1111111111111111,0.1734691358024691,0.1982592592592592,0.0588271604938271,0.3263086419753087,0.2322222222222222,0.2120123456790123,0.4312345679012345,0.2911604938271604,0.5692592592592592,0.4064938271604938,0.4699506172839506,0.2793827160493827,0.135,0.0511975308641975,0.0821604938271605,0.1031728395061728,0.3862716049382717,0.0159999999999999,0.2616378600823045,357.1975308641975,70.34567901234568,81.0,72.0
en,2024-04-22,0.2849370629370629,0.158048951048951,0.2167202797202797,0.1360979020979021,0.1093846153846153,0.2396013986013986,0.2084475524475524,0.6250279720279721,0.680972027972028,0.1756993006993007,0.4113846153846154,0.0863146853146853,0.1569230769230769,0.1705944055944056,0.0571328671328671,0.3046993006993007,0.220104895104895,0.2003776223776223,0.4249860139860139,0.3030349650349651,0.5284685314685316,0.3728671328671328,0.4341048951048951,0.3048881118881119,0.1347552447552447,0.0512377622377622,0.075993006993007,0.0960979020979021,0.3738181818181817,0.0244580419580419,0.2848251748251748,540.3916083916084,105.85314685314684,143.0,114.0
en,2024-04-29,0.3603725490196078,0.1867941176470588,0.2482450980392157,0.1576960784313725,0.1073333333333333,0.2721960784313725,0.2216274509803921,0.6633725490196078,0.7095098039215687,0.1942843137254902,0.4005980392156862,0.1101960784313725,0.184,0.2307058823529412,0.0472843137254902,0.3354999999999999,0.2424313725490196,0.2489411764705882,0.3725882352941177,0.2633627450980392,0.5477352941176471,0.3927156862745097,0.4546274509803921,0.2558333333333333,0.1312941176470588,0.0916666666666666,0.0890196078431372,0.1148823529411764,0.3932549019607843,0.0485122549019607,0.3320424836601307,460.1078431372549,91.81372549019608,102.0,89.0
en,2024-05-06,0.3594166666666667,0.2281547619047619,0.2644285714285714,0.190797619047619,0.1558095238095238,0.2917738095238095,0.2432142857142857,0.6404404761904763,0.6850238095238096,0.2016666666666667,0.4347499999999999,0.1230357142857142,0.2085714285714285,0.2682023809523809,0.0581785714285714,0.3761071428571428,0.2649761904761905,0.2447738095238095,0.4480595238095238,0.2988928571428572,0.5827499999999999,0.4216428571428571,0.4079047619047619,0.305547619047619,0.1552857142857142,0.0793452380952381,0.1067499999999999,0.1202261904761904,0.408952380952381,0.0369077380952381,0.2804801587301587,667.9404761904761,129.01190476190476,84.0,74.0
en,2024-05-13,0.3401338028169013,0.1663028169014084,0.2440140845070422,0.1420422535211267,0.1074366197183098,0.232112676056338,0.1955845070422535,0.6293169014084506,0.6988521126760563,0.1669929577464788,0.4308239436619718,0.0994577464788732,0.1456901408450704,0.1923591549295774,0.0450211267605633,0.3255704225352112,0.2165140845070422,0.2124014084507041,0.3879014084507042,0.2490352112676056,0.5457676056338028,0.3898028169014085,0.4396126760563381,0.2707746478873239,0.1052323943661971,0.0586549295774647,0.0734577464788732,0.0915070422535211,0.369725352112676,0.0533485915492957,0.3202300469483568,415.9366197183099,82.15492957746478,142.0,122.0
en,2024-05-20,0.2722932330827068,0.1731203007518797,0.2272932330827067,0.1432706766917293,0.0882330827067669,0.2359774436090225,0.2091052631578947,0.644578947368421,0.6568045112781955,0.157563909774436,0.3616390977443608,0.0864360902255639,0.1142706766917293,0.1924962406015037,0.0236315789473684,0.3054285714285714,0.2218045112781954,0.2150902255639097,0.4635338345864661,0.3057744360902255,0.552360902255639,0.3830902255639097,0.4637218045112782,0.2581127819548872,0.1227368421052631,0.0565187969924812,0.0708721804511278,0.0918120300751879,0.3839473684210526,0.0418890977443609,0.2972305764411027,435.6766917293233,85.47368421052632,133.0,106.0
en,2024-05-27,0.322801724137931,0.1573879310344827,0.2068706896551724,0.1495258620689655,0.1096551724137931,0.2064224137931034,0.1870689655172413,0.6327413793103448,0.6665775862068967,0.1473793103448276,0.394198275862069,0.0960862068965517,0.2000775862068965,0.1609310344827586,0.0241465517241379,0.3069051724137931,0.2067931034482758,0.2258189655172413,0.3504655172413793,0.2952413793103448,0.5197586206896552,0.3362327586206896,0.4506465517241379,0.2701034482758621,0.0978965517241379,0.0365172413793103,0.0576637931034482,0.0877672413793103,0.3766810344827586,0.0511077586206896,0.2890948275862068,360.5344827586207,70.8103448275862,116.0,87.0
en,2024-06-03,0.3331860465116279,0.1562558139534883,0.1985736434108527,0.1508527131782945,0.084906976744186,0.1927441860465116,0.172015503875969,0.6089534883720931,0.6855813953488373,0.1592170542635659,0.3607209302325581,0.0724496124031007,0.1525271317829457,0.1669999999999999,0.0251705426356589,0.2990077519379845,0.1833100775193798,0.205813953488372,0.326968992248062,0.255906976744186,0.4704883720930232,0.3228372093023255,0.4342790697674418,0.2417519379844961,0.1077984496124031,0.0331472868217054,0.043953488372093,0.0795193798449612,0.3474341085271318,0.070891472868217,0.3208733850129199,314.8759689922481,61.75968992248062,129.0,108.0
en,2024-06-10,0.2578917525773195,0.1497113402061855,0.1956701030927835,0.1329845360824742,0.0903247422680412,0.1801082474226804,0.1700567010309278,0.6103556701030928,0.6843144329896907,0.1476701030927834,0.3607371134020619,0.0816237113402061,0.1393092783505154,0.1486237113402062,0.0279948453608247,0.2682319587628866,0.1969381443298969,0.1686030927835051,0.4095309278350514,0.2686494845360825,0.4073247422680412,0.2723505154639175,0.411201030927835,0.2526494845360825,0.1277474226804123,0.0363298969072165,0.0579484536082474,0.0806237113402061,0.3486340206185567,0.0488479381443298,0.28896735395189,301.5360824742268,59.96907216494845,194.0,140.0
en,2024-06-17,0.2966333333333333,0.1531583333333333,0.196675,0.1438166666666666,0.1125333333333333,0.2297,0.1949916666666666,0.627875,0.6860583333333333,0.161075,0.3999166666666667,0.102775,0.1693666666666666,0.158,0.0240333333333333,0.3145833333333333,0.21415,0.220125,0.3895333333333333,0.298625,0.524425,0.3593,0.4399833333333333,0.2773666666666666,0.130125,0.0297833333333333,0.0571666666666666,0.0793333333333333,0.3675,0.0264541666666666,0.2805888888888889,363.2916666666667,70.78333333333333,120.0,104.0
en,2024-06-24,0.284,0.1349090909090909,0.1944195804195804,0.1445734265734265,0.1235734265734265,0.2223216783216783,0.2135034965034965,0.6402167832167831,0.6877412587412587,0.1425174825174825,0.41806993006993,0.104006993006993,0.1787062937062937,0.1721888111888111,0.0532727272727272,0.3121818181818182,0.2424475524475524,0.2121398601398601,0.4218881118881118,0.2869160839160839,0.4753706293706294,0.3113986013986014,0.4326923076923077,0.2867972027972028,0.1218951048951048,0.058,0.0871048951048951,0.0951678321678321,0.3694615384615384,0.016527972027972,0.2651468531468531,343.27972027972027,66.88111888111888,143.0,119.0
en,2024-07-01,0.328443396226415,0.1953018867924528,0.2758113207547169,0.1950849056603773,0.1206037735849056,0.2519905660377358,0.2210094339622641,0.6394056603773585,0.7006415094339623,0.1912075471698113,0.4428018867924528,0.1153207547169811,0.1873301886792453,0.2321132075471698,0.0503962264150943,0.3313962264150944,0.2284811320754717,0.2381792452830188,0.3838396226415094,0.2813679245283018,0.5037830188679245,0.3311698113207547,0.4495377358490565,0.2872169811320755,0.1289433962264151,0.0710188679245283,0.1010377358490565,0.1171509433962264,0.3947830188679245,0.0623632075471698,0.3143616352201258,411.8679245283019,81.50943396226415,106.0,92.0
en,2024-07-08,0.2941063829787234,0.2123829787234042,0.2704468085106383,0.1742765957446808,0.1066382978723404,0.2663936170212766,0.217127659574468,0.6847127659574468,0.6694787234042554,0.1743723404255319,0.4556702127659574,0.0991063829787234,0.172031914893617,0.2176382978723404,0.0514361702127659,0.3441382978723404,0.2356808510638297,0.2504680851063829,0.4383617021276596,0.3243617021276596,0.5877127659574468,0.4111063829787234,0.4782978723404255,0.3035212765957447,0.1220106382978723,0.0595425531914893,0.0614042553191489,0.0982553191489361,0.3988829787234042,0.0512872340425531,0.3047056737588652,476.0425531914894,92.04255319148936,94.0,80.0
en,2024-07-15,0.2932436974789916,0.1872605042016806,0.2168319327731092,0.1610588235294118,0.0897226890756302,0.2010336134453781,0.1910084033613445,0.6174117647058823,0.6872016806722688,0.1749579831932773,0.393016806722689,0.1027142857142857,0.1227478991596638,0.1638571428571428,0.0343949579831932,0.2988151260504201,0.1855966386554622,0.1981092436974789,0.3752941176470588,0.2619747899159664,0.4729243697478992,0.3386470588235294,0.4302016806722689,0.2483109243697479,0.1244957983193277,0.0398067226890756,0.1122605042016806,0.0858991596638655,0.3544789915966386,0.0692205882352941,0.3093697478991597,386.0924369747899,76.26050420168067,119.0,102.0
en,2024-07-22,0.2849252336448598,0.13603738317757,0.2087570093457944,0.1292803738317756,0.105607476635514,0.2174579439252336,0.211803738317757,0.6291869158878504,0.6519065420560748,0.1408130841121495,0.4010280373831776,0.0818878504672897,0.1808878504672897,0.152214953271028,0.0305794392523364,0.317392523364486,0.2082056074766355,0.2369813084112149,0.3758224299065421,0.3368224299065421,0.506392523364486,0.3125794392523364,0.4491962616822429,0.2591962616822429,0.1045046728971962,0.0405887850467289,0.065018691588785,0.0819345794392523,0.3595233644859813,0.0282172897196261,0.2762554517133956,374.06542056074767,74.42990654205607,107.0,91.0
en,2024-07-29,0.2548828828828829,0.1645315315315315,0.223045045045045,0.1367117117117116,0.1102882882882882,0.2333603603603603,0.1899279279279279,0.6611981981981983,0.6469189189189188,0.1354504504504504,0.4024054054054054,0.0716216216216216,0.1299549549549549,0.1706666666666667,0.0383153153153153,0.3201441441441441,0.1998738738738738,0.225036036036036,0.3815315315315315,0.2685675675675675,0.5496396396396396,0.418063063063063,0.4551081081081081,0.2756396396396396,0.1307387387387387,0.0434594594594594,0.0667927927927928,0.0848738738738738,0.3581801801801802,0.0229684684684684,0.2646606606606606,353.4684684684685,70.63063063063063,111.0,90.0
en,2024-08-05,0.2695301204819277,0.1620180722891566,0.2259819277108433,0.1547108433734939,0.0990301204819277,0.2078493975903614,0.1789939759036144,0.6018373493975904,0.6686867469879518,0.1435602409638554,0.4214698795180723,0.0970843373493975,0.1906506024096385,0.1658734939759036,0.0318433734939759,0.2983795180722891,0.1866987951807229,0.2252048192771084,0.3495361445783132,0.2747289156626505,0.4781746987951807,0.2943855421686747,0.3695120481927711,0.3034578313253012,0.114512048192771,0.0459156626506024,0.0918915662650602,0.0854457831325301,0.3618975903614458,0.0496204819277108,0.2890361445783133,263.7530120481928,53.01807228915663,166.0,124.0
en,2024-08-12,0.3013991031390134,0.1641076233183856,0.2382421524663676,0.166695067264574,0.1428116591928251,0.2601973094170403,0.229304932735426,0.6568340807174888,0.6896681614349777,0.1866636771300448,0.4521928251121076,0.1119506726457399,0.1562421524663677,0.2182645739910313,0.0594977578475336,0.3257982062780268,0.2291031390134529,0.2494798206278027,0.4040134529147983,0.3263363228699552,0.5203811659192825,0.3286502242152466,0.4469013452914798,0.2946143497757848,0.1588340807174888,0.1018699551569506,0.0943497757847533,0.100439461883408,0.3897937219730941,0.0161065022421524,0.2669581464872945,316.15695067264573,62.26457399103139,223.0,178.0
en,2024-08-19,0.254,0.1803021582733813,0.2135827338129496,0.1408489208633093,0.1192158273381294,0.2214604316546762,0.1989712230215827,0.627251798561151,0.6521079136690646,0.1507266187050359,0.4383669064748201,0.0910215827338129,0.1447266187050359,0.181863309352518,0.0444748201438848,0.3061870503597122,0.2064748201438848,0.2368201438848921,0.4122302158273381,0.2988129496402877,0.5033093525179856,0.3258561151079136,0.4052230215827337,0.2627338129496403,0.1296330935251798,0.0607266187050359,0.076410071942446,0.0883812949640287,0.3683093525179856,0.0268453237410071,0.2540143884892087,270.6043165467626,53.273381294964025,139.0,109.0
en,2024-08-26,0.31675,0.1639071428571428,0.2209499999999999,0.1798714285714286,0.0880857142857143,0.2174071428571428,0.1759642857142857,0.6367857142857144,0.7098357142857141,0.13405,0.4304214285714285,0.0824285714285714,0.1725642857142857,0.2025857142857142,0.04635,0.3043642857142857,0.1952428571428571,0.2434214285714285,0.3439142857142857,0.2427785714285714,0.5256142857142857,0.3195499999999999,0.4238928571428571,0.2681142857142857,0.1072357142857142,0.0705071428571428,0.0933357142857142,0.0896214285714285,0.36405,0.0676232142857143,0.3277595238095238,314.5785714285714,62.01428571428571,140.0,113.0
en,2024-09-02,0.3279871794871795,0.1756282051282051,0.2433589743589743,0.1559679487179487,0.1254358974358974,0.2566282051282051,0.2099615384615384,0.6581923076923076,0.6795064102564102,0.1662435897435897,0.4657371794871796,0.1019487179487179,0.2245192307692307,0.1903589743589744,0.0455448717948717,0.3123205128205127,0.2431923076923077,0.2008653846153846,0.462724358974359,0.2997564102564102,0.5457435897435897,0.329948717948718,0.4520769230769231,0.3334743589743589,0.1134102564102564,0.0560128205128205,0.088076923076923,0.1023333333333333,0.3901089743589743,0.0347035256410256,0.2915149572649573,378.9102564102564,76.13461538461539,156.0,118.0
en,2024-09-09,0.3417999999999999,0.1754,0.2532296296296296,0.1692888888888889,0.1124444444444444,0.2698518518518518,0.2400592592592592,0.6519111111111111,0.6789851851851851,0.1827555555555555,0.4622888888888889,0.110837037037037,0.2153481481481481,0.2366814814814814,0.0421851851851851,0.3609703703703704,0.2340814814814814,0.2725037037037037,0.3929407407407408,0.2916222222222221,0.5633333333333334,0.4125407407407407,0.4553703703703704,0.3283481481481481,0.1319259259259259,0.0905777777777777,0.1088518518518518,0.1158888888888889,0.391837037037037,0.0437814814814814,0.3122271604938271,501.2296296296296,100.25925925925924,135.0,121.0
en,2024-09-16,0.2974160583941606,0.1918175182481751,0.2355985401459854,0.1677445255474452,0.1407080291970803,0.2851897810218978,0.2452627737226277,0.6708394160583941,0.6694890510948905,0.1776861313868613,0.4597299270072993,0.1255182481751825,0.2017080291970803,0.2403941605839415,0.0416496350364963,0.3302773722627737,0.2394598540145985,0.255043795620438,0.4118905109489051,0.3335255474452555,0.5619124087591241,0.4173430656934306,0.4845328467153286,0.3132262773722628,0.1396861313868613,0.0848029197080291,0.1024452554744525,0.1210364963503649,0.4043357664233576,0.0101952554744525,0.2601265206812652,457.88321167883214,91.05109489051095,137.0,120.0
en,2024-09-23,0.3655508474576271,0.2311864406779661,0.2889067796610169,0.1888983050847457,0.1096864406779661,0.2672542372881356,0.220093220338983,0.6360169491525424,0.7202118644067796,0.1838559322033898,0.4416101694915254,0.1151271186440677,0.1739322033898305,0.2269406779661017,0.0616694915254237,0.3410593220338982,0.2256864406779661,0.2559237288135593,0.401457627118644,0.2648135593220339,0.5828135593220339,0.385457627118644,0.4369152542372881,0.3055677966101695,0.1279237288135593,0.062957627118644,0.112093220338983,0.1147711864406779,0.400864406779661,0.0801652542372881,0.3485367231638417,489.6779661016949,96.05084745762711,118.0,94.0
en,2024-09-30,0.3485275590551182,0.2267952755905512,0.2825905511811024,0.1978346456692913,0.1238661417322834,0.3060551181102362,0.2688031496062992,0.7070866141732284,0.7223385826771653,0.2224881889763779,0.4789055118110237,0.1605984251968503,0.1892283464566929,0.2526220472440945,0.0629212598425196,0.3676692913385826,0.2438188976377952,0.2918188976377953,0.4121496062992126,0.3225354330708662,0.6131259842519686,0.438023622047244,0.4899685039370078,0.3239370078740157,0.1601023622047244,0.0789921259842519,0.0937322834645669,0.1372992125984252,0.4293385826771654,0.0489763779527558,0.3272860892388451,549.2834645669292,108.11811023622047,127.0,104.0
en,2024-10-07,0.2820596026490066,0.1802715231788079,0.2616556291390728,0.1526357615894039,0.1401854304635761,0.2671523178807947,0.2064900662251655,0.6708476821192052,0.6627682119205298,0.152205298013245,0.4555165562913907,0.1149668874172185,0.174298013245033,0.1988543046357615,0.057933774834437,0.321635761589404,0.2210331125827814,0.2269933774834436,0.3908278145695364,0.3253973509933774,0.5244172185430465,0.3703112582781457,0.4593708609271524,0.3018741721854305,0.1174238410596026,0.0658940397350993,0.058728476821192,0.0958211920529801,0.3748476821192052,0.0154867549668874,0.2619757174392936,366.1788079470199,73.05960264900662,151.0,124.0
en,2024-10-14,0.3276842105263158,0.208625730994152,0.2545964912280702,0.1718362573099415,0.0972865497076023,0.2401929824561403,0.2033918128654971,0.6563976608187135,0.7093099415204678,0.1873333333333333,0.422327485380117,0.1018654970760234,0.1614619883040935,0.219298245614035,0.041251461988304,0.3248713450292398,0.2352807017543859,0.2232222222222221,0.3957017543859649,0.2592982456140351,0.5136491228070176,0.3724795321637427,0.444842105263158,0.3024561403508772,0.1360584795321637,0.0558070175438596,0.1022631578947368,0.1083216374269006,0.3843450292397661,0.0719459064327485,0.3332436647173489,421.97076023391816,83.84210526315789,171.0,142.0
en,2024-10-21,0.3715038759689923,0.2311240310077519,0.3123953488372093,0.2033798449612402,0.1123488372093023,0.2643720930232558,0.2193488372093023,0.661124031007752,0.7018294573643411,0.1924341085271317,0.4873798449612403,0.1115891472868216,0.2116124031007751,0.2303488372093023,0.039,0.3561007751937984,0.2362945736434109,0.2426279069767442,0.4088294573643411,0.2497286821705426,0.5618527131782945,0.391922480620155,0.4864806201550387,0.3168062015503877,0.1205038759689922,0.0541860465116279,0.0914186046511627,0.1334418604651162,0.4144883720930232,0.0912403100775193,0.3495607235142119,452.2170542635659,91.34883720930232,129.0,107.0
en,2024-10-28,0.342990990990991,0.2219909909909909,0.2694234234234234,0.1725225225225225,0.1169369369369369,0.2822612612612613,0.2402342342342342,0.6725945945945947,0.6936036036036035,0.1972792792792792,0.5068288288288288,0.09709009009009,0.2129279279279279,0.2373513513513513,0.0622792792792792,0.3653513513513514,0.2556396396396397,0.2473963963963963,0.4708828828828829,0.2579279279279279,0.5644684684684685,0.379027027027027,0.4922972972972974,0.3260540540540541,0.133081081081081,0.070045045045045,0.082054054054054,0.1165855855855855,0.4143243243243243,0.0521328828828828,0.3184024024024024,486.036036036036,96.47747747747748,111.0,94.0
en,2024-11-04,0.36375,0.2452142857142857,0.3037589285714285,0.1995803571428571,0.1169821428571428,0.3058303571428571,0.2553482142857142,0.6667500000000001,0.6956428571428572,0.1981785714285714,0.5272232142857143,0.1124999999999999,0.1972142857142857,0.2583482142857143,0.0404464285714285,0.3756428571428571,0.2613839285714286,0.2833124999999999,0.4749732142857143,0.2727410714285714,0.635017857142857,0.4517321428571428,0.4573035714285713,0.3171607142857143,0.1319196428571428,0.0773214285714285,0.1180446428571428,0.1335714285714285,0.4196428571428571,0.0666696428571428,0.3374017857142857,595.8839285714286,117.19642857142856,112.0,100.0
en,2024-11-11,0.3410296296296295,0.1995999999999999,0.2517777777777777,0.1832074074074074,0.1192518518518518,0.2715999999999999,0.2330444444444444,0.6607111111111111,0.7187851851851851,0.1904888888888888,0.5124740740740741,0.1252592592592592,0.1801481481481481,0.219637037037037,0.0567407407407407,0.3513407407407407,0.2426148148148148,0.2416444444444444,0.3991407407407407,0.2974074074074074,0.5306296296296297,0.3431777777777778,0.4528666666666666,0.3305037037037037,0.1327555555555555,0.069237037037037,0.1095925925925925,0.1154074074074074,0.3914222222222222,0.0484777777777777,0.3179456790123456,419.4814814814815,84.19259259259259,135.0,109.0
en,2024-11-18,0.3272101449275362,0.1852028985507246,0.2483478260869565,0.1640507246376811,0.099427536231884,0.2649492753623188,0.2177826086956522,0.681572463768116,0.6648695652173913,0.1571811594202898,0.5151159420289855,0.0814347826086956,0.1972608695652173,0.2033405797101449,0.0341376811594202,0.3328623188405797,0.2324927536231884,0.2559855072463768,0.4073115942028985,0.2829565217391304,0.5737608695652174,0.3664565217391304,0.4742246376811594,0.3221086956521739,0.1186304347826087,0.0628043478260869,0.1299492753623188,0.1127753623188405,0.4090942028985507,0.0490144927536232,0.314048309178744,475.8985507246377,95.35507246376812,138.0,111.0
en,2024-11-25,0.3344962406015037,0.1875338345864661,0.272593984962406,0.1678045112781954,0.1050075187969924,0.2620375939849624,0.2221127819548872,0.6835263157894738,0.6813308270676692,0.1657142857142857,0.4714135338345864,0.0940375939849624,0.2125338345864661,0.2284736842105263,0.0568345864661654,0.3435112781954887,0.2559248120300751,0.2453082706766917,0.4164060150375939,0.2842631578947368,0.5478872180451126,0.3840451127819549,0.4811428571428572,0.3074285714285714,0.1230451127819549,0.041563909774436,0.0746992481203007,0.1266165413533834,0.4120075187969924,0.0570845864661654,0.3244661654135337,518.5864661654135,104.52631578947368,133.0,110.0
en,2024-12-02,0.3722293577981651,0.2364495412844037,0.2977155963302752,0.2000366972477064,0.1215504587155963,0.3117064220183487,0.2692935779816514,0.6607706422018348,0.6886330275229359,0.1948715596330275,0.4987798165137615,0.152091743119266,0.1576788990825688,0.2592935779816513,0.0521651376146789,0.3715504587155963,0.2444311926605504,0.2729082568807339,0.4342110091743119,0.3008073394495412,0.5895504587155963,0.3704678899082568,0.4723211009174312,0.3155229357798165,0.1325504587155963,0.0778256880733945,0.1058532110091743,0.1352018348623853,0.4195596330275229,0.0599793577981651,0.3313088685015291,617.7706422018349,122.11926605504588,109.0,96.0
en,2024-12-09,0.2918615384615384,0.1955692307692307,0.183,0.1332923076923076,0.112076923076923,0.2421307692307692,0.1998615384615384,0.6395461538461538,0.6631461538461538,0.164776923076923,0.4319076923076923,0.0824230769230769,0.1735461538461538,0.1963923076923076,0.0584846153846153,0.3204153846153846,0.2158076923076922,0.2150692307692307,0.4242538461538461,0.2699076923076923,0.5432692307692307,0.3357384615384615,0.4450769230769231,0.2977153846153846,0.1099461538461538,0.0523153846153846,0.084776923076923,0.0934153846153846,0.3781153846153846,0.023826923076923,0.2672589743589744,394.3307692307693,78.27692307692308,130.0,111.0
en,2024-12-16,0.3281111111111111,0.2187777777777778,0.2614358974358974,0.1761880341880341,0.1214700854700854,0.2863247863247862,0.2616837606837606,0.6915726495726496,0.7140598290598289,0.1983846153846153,0.4848547008547008,0.1349059829059829,0.2071623931623931,0.2243418803418803,0.0456923076923076,0.3517521367521367,0.2475128205128204,0.2489316239316239,0.4124273504273504,0.3243247863247863,0.5538290598290598,0.3899572649572649,0.509102564102564,0.3051282051282051,0.1378205128205128,0.0835641025641025,0.127025641025641,0.1269829059829059,0.4194102564102563,0.0422307692307692,0.3130655270655271,494.017094017094,98.07692307692308,117.0,101.0
en,2024-12-23,0.2926666666666667,0.1885045045045045,0.2213243243243243,0.1472252252252252,0.0965585585585585,0.2437297297297297,0.208054054054054,0.6600540540540539,0.6652882882882882,0.1709009009009009,0.4568198198198198,0.0718288288288288,0.1581891891891892,0.2028738738738739,0.0277207207207207,0.3100900900900901,0.2101261261261261,0.2351981981981982,0.4226126126126125,0.2621801801801802,0.5347207207207207,0.3345585585585586,0.4691171171171171,0.2856576576576576,0.1166306306306306,0.0624504504504504,0.077027027027027,0.1003063063063063,0.3804864864864865,0.042286036036036,0.2965345345345345,395.3603603603604,79.43243243243244,111.0,97.0
en,2024-12-30,0.3740992907801418,0.2152624113475177,0.2946170212765957,0.199304964539007,0.0967872340425532,0.2809432624113475,0.2508156028368794,0.6822907801418441,0.7359858156028368,0.2059219858156028,0.5263262411347518,0.106354609929078,0.2288014184397163,0.2471347517730496,0.0371631205673758,0.3628652482269504,0.2519007092198582,0.2462978723404255,0.4378510638297872,0.2661843971631206,0.556290780141844,0.3835390070921986,0.4601843971631206,0.328886524822695,0.1325531914893617,0.0686382978723404,0.0968723404255319,0.1267163120567375,0.4250567375886524,0.0819556737588652,0.3714468085106382,528.2127659574468,106.3900709219858,141.0,117.0
en,2025-01-06,0.3284855072463768,0.2251159420289855,0.2807246376811594,0.1731449275362318,0.115891304347826,0.2931884057971014,0.2433260869565217,0.6681159420289854,0.6737753623188406,0.1884347826086956,0.5079057971014493,0.1048188405797101,0.1413188405797101,0.250768115942029,0.0574130434782608,0.3497391304347825,0.2268985507246376,0.2607971014492754,0.4157971014492754,0.2951304347826087,0.5805724637681159,0.4115507246376811,0.4847463768115941,0.3177826086956522,0.1276231884057971,0.092659420289855,0.1000144927536231,0.1172681159420289,0.3976739130434782,0.0473278985507246,0.3117705314009661,495.6231884057971,98.31884057971014,138.0,119.0
en,2025-01-13,0.2798015873015873,0.1740079365079365,0.2226428571428571,0.1572301587301587,0.1322539682539682,0.2802460317460317,0.257984126984127,0.6664920634920636,0.6541825396825396,0.1808412698412698,0.4329920634920635,0.109063492063492,0.1992222222222222,0.2471031746031745,0.0466428571428571,0.3397380952380952,0.260031746031746,0.2473571428571429,0.4240714285714285,0.3826984126984127,0.5308095238095238,0.3787539682539682,0.4891269841269842,0.2984444444444444,0.1408174603174603,0.0869523809523809,0.1429206349206349,0.1227063492063492,0.399531746031746,0.0021706349206349,0.2532883597883598,464.8253968253968,89.31746031746032,126.0,91.0
en,2025-01-20,0.3713915662650602,0.2241807228915662,0.2932168674698795,0.1996506024096385,0.1193012048192771,0.2966927710843374,0.2491506024096386,0.7090361445783133,0.6898915662650602,0.1968975903614458,0.5422590361445783,0.108867469879518,0.1975180722891566,0.2439036144578313,0.0432831325301204,0.3707469879518072,0.2610361445783132,0.2709939759036144,0.4476746987951807,0.2869096385542168,0.5879036144578313,0.3792168674698795,0.5022831325301205,0.3582289156626506,0.142933734939759,0.0660301204819277,0.085789156626506,0.1337771084337349,0.4331987951807229,0.0641129518072289,0.3321987951807229,567.7710843373494,111.69277108433737,166.0,133.0
en,2025-01-27,0.3712916666666667,0.2146944444444444,0.2635555555555555,0.1862013888888889,0.1243124999999999,0.3050277777777778,0.2642430555555555,0.6985347222222222,0.6855833333333332,0.2032777777777777,0.4820555555555555,0.1231041666666666,0.1916944444444444,0.2688541666666666,0.0563124999999999,0.364125,0.2660902777777778,0.2732569444444445,0.4090416666666667,0.323548611111111,0.5809027777777778,0.4151805555555555,0.5020972222222222,0.3340069444444444,0.1489513888888889,0.0966944444444444,0.1334166666666666,0.1346666666666666,0.4278194444444445,0.044265625,0.3158310185185186,532.9652777777778,105.40972222222224,144.0,120.0
en,2025-02-03,0.3417499999999999,0.2158571428571429,0.2243303571428571,0.1714017857142857,0.1033482142857143,0.25225,0.217625,0.7027142857142856,0.727017857142857,0.1866428571428571,0.4535178571428571,0.0959821428571428,0.1991428571428571,0.2031875,0.0414732142857142,0.3326517857142857,0.22875,0.2119285714285714,0.4312946428571428,0.2578214285714285,0.549767857142857,0.3664732142857143,0.4914910714285714,0.3233928571428572,0.1175892857142857,0.0409821428571428,0.1184285714285714,0.1224732142857143,0.4185446428571428,0.0605357142857142,0.3276845238095238,467.1071428571428,93.53571428571428,112.0,97.0
en,2025-02-10,0.33965625,0.2035390625,0.2754375,0.1708203125,0.12153125,0.2936328125,0.247578125,0.6749453124999999,0.6822109375,0.1694062499999999,0.51515625,0.1240234375,0.171375,0.2264140625,0.0791406249999999,0.3374765624999999,0.243921875,0.2434765625,0.4564921875,0.29678125,0.573828125,0.39625,0.4465625,0.366359375,0.121375,0.0987734374999999,0.1085312499999999,0.1180781249999999,0.411015625,0.03978125,0.3109036458333333,454.59375,90.6015625,128.0,111.0
en,2025-02-17,0.3194518518518519,0.1789481481481481,0.2848518518518519,0.1623555555555555,0.1272814814814814,0.3018518518518518,0.2620518518518518,0.6833407407407408,0.6603111111111111,0.181837037037037,0.4604962962962963,0.1256148148148148,0.1991999999999999,0.2342444444444444,0.0451259259259259,0.3652888888888888,0.2529703703703704,0.2650592592592592,0.4085481481481481,0.3327111111111112,0.5732592592592592,0.4270814814814814,0.4789333333333334,0.2889111111111111,0.1505111111111111,0.0934296296296296,0.0984962962962963,0.1291259259259259,0.4052962962962962,0.0218351851851851,0.2942567901234568,466.9851851851852,91.45925925925926,135.0,114.0
en,2025-02-24,0.3743102258251302,0.166008152866242,0.2531940706427331,0.151892090330052,0.1074330052113491,0.2942497510133179,0.2534768963520555,0.6866258714533873,0.7078608453966415,0.1890395830920671,0.4893903184713376,0.09898209612044,0.2030465083960625,0.2093508511870295,0.0531341053850608,0.362956965836711,0.2516305500868558,0.2441083497394325,0.4268585755645628,0.2877167805442965,0.5651028141285466,0.3661815865662999,0.4978972553561088,0.3201039490445859,0.1237125651418644,0.0444761088592935,0.0925021424435437,0.1241569426751592,0.4163600463231036,0.0355097568037058,0.3376887087434858,465.3566878980892,92.56050955414013,157.0,130.0
en,2025-03-03,0.3313121141975308,0.1891439525462963,0.2405230516975308,0.1722525077160493,0.1428621238425926,0.2852972125771605,0.2425339988425925,0.6798910590277777,0.6881988811728396,0.2050000482253086,0.4400554591049382,0.114804542824074,0.1655567611882716,0.2353563850308642,0.0601719714506172,0.3453987268518518,0.2418632330246913,0.2782187017746914,0.4115774016203704,0.3180096450617284,0.5544872202932098,0.3831116415895061,0.4459413097993827,0.273199363425926,0.1514063946759259,0.078471305941358,0.0948107638888888,0.1059527874228395,0.399895736882716,0.0192282383294753,0.2771492251800411,427.81944444444446,83.27083333333333,144.0,117.0
en,2025-03-10,0.340675492253873,0.210187956021989,0.2898190704647676,0.1767713343328335,0.1559010194902548,0.3331380309845077,0.2877975312343828,0.6841091054472764,0.6870801999000501,0.2072830184907546,0.5255128135932033,0.1476674662668665,0.2604871464267865,0.2808461769115442,0.095139940029985,0.3738993403298351,0.2946393403298351,0.2819133633183408,0.4852004497751124,0.3378415192403798,0.6082377711144428,0.435159740129935,0.5018379510244878,0.3791364117941029,0.1679530734632683,0.0981370014992503,0.1355123738130934,0.1652837381309345,0.4485296651674162,0.0098439380309845,0.2832905680493087,632.0402298850574,120.0919540229885,174.0,142.0
en,2025-03-17,0.3291775147928994,0.2107396449704141,0.2841005917159763,0.1682899408284023,0.1270177514792899,0.2889585798816567,0.245076923076923,0.6745384615384615,0.6694852071005918,0.1858047337278106,0.5181005917159762,0.1308343195266272,0.2062426035502958,0.2265088757396449,0.0533136094674556,0.3532544378698224,0.2522662721893491,0.2502603550295857,0.4218106508875739,0.2977159763313609,0.5688224852071005,0.4301005917159764,0.4306449704142012,0.3194852071005917,0.1326094674556213,0.0815798816568047,0.0979289940828402,0.1199881656804733,0.4178284023668639,0.0400887573964497,0.3005700197238659,501.0650887573965,97.79289940828404,169.0,145.0
en,2025-03-24,0.3134827586206897,0.1930862068965517,0.2598620689655172,0.163103448275862,0.1371609195402298,0.2833908045977011,0.2612183908045977,0.6806551724137931,0.6581896551724139,0.1742183908045977,0.5238218390804599,0.1257816091954023,0.1538448275862068,0.2260574712643678,0.0470459770114942,0.3430057471264368,0.2367931034482759,0.2309425287356321,0.4438735632183908,0.3278045977011494,0.5571149425287357,0.4042931034482758,0.469367816091954,0.3254310344827587,0.1392758620689655,0.0774942528735632,0.0769367816091954,0.1116954022988505,0.406551724137931,0.0221077586206896,0.2733505747126436,463.3908045977012,92.15517241379312,174.0,144.0
en,2025-03-31,0.3588116071428572,0.2405011160714285,0.2932919642857143,0.1919564732142857,0.0977843749999999,0.2923113839285714,0.2487089285714285,0.6895033482142857,0.7176129464285715,0.2078127232142857,0.5417937500000001,0.1230812499999999,0.1809491071428571,0.2560691964285714,0.0483660714285714,0.3633658482142857,0.2523263392857143,0.2616845982142857,0.4302015625,0.2782975446428571,0.5896151785714285,0.4038955357142856,0.481809375,0.3672323660714285,0.1271410714285714,0.0839674107142857,0.1216683035714285,0.1272323660714285,0.4176125,0.0760924107142857,0.3587877976190476,502.10625,98.91875,160.0,129.0
en,2025-04-07,0.3852666268418957,0.2369140496102861,0.2714327814757922,0.1789758348978779,0.1265900893212721,0.3004832167036468,0.260039753655345,0.683434900722535,0.7431286909028845,0.2252304005234112,0.5375525260283325,0.1079858337600273,0.2117045713147863,0.2463186835068555,0.045174034249303,0.3615903453376571,0.2468992291062183,0.26117106161461,0.4297647778346703,0.2748925869033395,0.5843302611367128,0.4081559850941571,0.4357387637253229,0.3426398418387665,0.1240013227513227,0.070139742276839,0.1055637196336121,0.1281221624850657,0.424997340274222,0.0546106701940035,0.3400192770855854,553.1375661375662,110.62433862433862,189.0,154.0
en,2025-04-14,0.349615763546798,0.2140541871921182,0.2645763546798029,0.1802068965517241,0.1056847290640393,0.2869458128078818,0.2455320197044335,0.6850640394088671,0.7209901477832513,0.195615763546798,0.5157044334975369,0.1065911330049261,0.1691724137931034,0.2349458128078818,0.0359901477832512,0.3479901477832512,0.2338128078817734,0.2506502463054187,0.4054679802955665,0.2804088669950739,0.5534039408866995,0.3650197044334975,0.4771625615763547,0.3291379310344827,0.1278965517241379,0.0706453201970443,0.1209261083743842,0.1129852216748768,0.4040591133004925,0.0557980295566502,0.3393760262725779,462.90147783251234,92.90147783251231,203.0,166.0
en,2025-04-21,0.3102548737774253,0.1950140926513349,0.260244614062913,0.1684630088554057,0.1151101804123711,0.2841187384351044,0.2430985989955062,0.6612224755485064,0.6715805412371133,0.2005990450700502,0.4893704566481628,0.1161083300290774,0.1624083234205657,0.2265675059476605,0.0627039551942902,0.3446094699973566,0.2356759846682527,0.2637020387258789,0.4343210415014539,0.2982727332804653,0.5733514736981231,0.3869169475284166,0.4654562020882897,0.3320413197197991,0.140098632038065,0.0802007996299233,0.1247371299233412,0.1202886763150938,0.4109696504097277,0.0338796879130319,0.2989164959467794,495.77319587628864,98.4639175257732,194.0,152.0
en,2025-04-28,0.3540346043555762,0.2102037510656436,0.2748456560489808,0.1885692862125086,0.11533465085639,0.2842439355188715,0.2451460513058979,0.6866000155002713,0.6863897155700224,0.1902489731070293,0.4559996512438968,0.1174496628691001,0.2092661784081221,0.2283865767650933,0.0379363326358211,0.3707184763233357,0.2611831357048749,0.2724411377199101,0.4123225993954894,0.3240349531116794,0.5724548942106488,0.4001067193675889,0.4951503913818492,0.2965592885375494,0.1254694644656281,0.0547118887080523,0.1001872820274354,0.128852786173758,0.4200785088739053,0.0571240312330465,0.3230886744684698,540.5828877005348,107.40641711229948,374.0,300.0
en,2025-05-05,0.3806803094777563,0.2568911411992263,0.3085760928433269,0.2093327659574468,0.1192341199226305,0.3250851063829787,0.2635841392649903,0.6952120696324952,0.7077999226305611,0.2118762088974854,0.513348162475822,0.1395622437137331,0.1886642166344294,0.282662746615087,0.0531311411992263,0.3917256479690522,0.2601563636363637,0.287935087040619,0.4256786847195358,0.3023226305609284,0.610644255319149,0.4331244100580271,0.47300332688588,0.3216909864603481,0.1478490522243713,0.0792423984526112,0.1036646808510638,0.1441627079303675,0.4394780657640231,0.0667104642166344,0.3464513217279175,627.4509090909091,123.98181818181818,275.0,236.0
en,2025-05-12,0.3913408521303257,0.2625363408521303,0.2874661654135338,0.1922055137844611,0.1242406015037593,0.3138170426065162,0.2689298245614035,0.6915162907268171,0.7040350877192981,0.211641604010025,0.4903784461152882,0.1440200501253132,0.1999949874686716,0.2655739348370927,0.04962656641604,0.3864812030075188,0.2662205513784461,0.2794611528822055,0.438641604010025,0.2776390977443609,0.6115238095238096,0.4407644110275689,0.4963959899749373,0.33,0.1509398496240601,0.0776390977443609,0.1080275689223057,0.1403182957393484,0.440032581453634,0.0643583959899749,0.3367067669172932,655.4962406015038,128.9674185463659,399.0,315.0
en,2025-05-19,0.3653909262572053,0.2366837109918505,0.2649845955078513,0.1877790697674418,0.1097208805406479,0.2998337060226595,0.2511626913138541,0.7024032250049692,0.7100712333532101,0.2082505714569668,0.4572987229179089,0.1286315344861856,0.1982775044722719,0.2433017044325184,0.053867098986285,0.3763612601868416,0.2530678791492745,0.2813126366527529,0.4065930729477241,0.2944911796859472,0.5804556251242298,0.4143063754720732,0.4959016100178891,0.2988562413039157,0.1349609421586166,0.0593725402504472,0.0918796213476445,0.1306227390180878,0.4247675163983303,0.0589322823494335,0.3370947044987742,593.6388888888889,115.27136752136752,468.0,384.0
en,2025-05-26,0.3466472222222222,0.2120805555555555,0.2765166666666667,0.1795166666666666,0.1034472222222222,0.2898749999999999,0.2453527777777777,0.6859527777777777,0.6984833333333332,0.1931833333333333,0.4948749999999999,0.1157555555555555,0.2057277777777777,0.2319277777777778,0.0555888888888888,0.3605555555555556,0.2462888888888888,0.2713527777777777,0.4112027777777776,0.3054083333333333,0.5889222222222222,0.3995749999999999,0.5016055555555555,0.3260777777777778,0.1239444444444444,0.0670416666666666,0.0911916666666666,0.1223194444444444,0.4128277777777777,0.0570291666666666,0.3371018518518519,533.1777777777778,105.0111111111111,360.0,262.0
en,2025-06-02,0.3526765957446808,0.2234297872340425,0.2895106382978724,0.1879872340425532,0.1205361702127659,0.3049702127659575,0.2445489361702127,0.6888553191489362,0.725663829787234,0.1918340425531914,0.4928085106382979,0.1393829787234042,0.2005531914893616,0.2424212765957446,0.0428425531914893,0.3561787234042553,0.2557574468085106,0.2657829787234042,0.4525021276595744,0.3165106382978723,0.5749021276595745,0.3864851063829787,0.4742297872340425,0.305263829787234,0.1445872340425531,0.1010553191489361,0.0954468085106383,0.1312,0.4174723404255319,0.0506478723404255,0.3354141843971631,517.936170212766,102.68510638297872,235.0,182.0
en,2025-06-09,0.3469411764705882,0.2011519607843137,0.2524313725490196,0.1813725490196078,0.1289705882352941,0.300735294117647,0.2441911764705882,0.6864950980392157,0.6892941176470587,0.1943480392156863,0.4520049019607842,0.1227254901960784,0.1934117647058823,0.2449460784313726,0.0495539215686274,0.3434362745098039,0.2563235294117647,0.243156862745098,0.4142745098039215,0.3177303921568627,0.547171568627451,0.3628921568627451,0.496906862745098,0.2923578431372549,0.137485294117647,0.0982549019607843,0.1217892156862745,0.1265,0.4183235294117646,0.0306213235294117,0.3005849673202614,495.0,98.5343137254902,204.0,160.0
en,2025-06-16,0.3528138116100766,0.2204236035049288,0.2705467031763418,0.1916370974808324,0.111650569550931,0.2958908762322015,0.2527328806133625,0.6915033077765607,0.7106158598028478,0.2088909309967141,0.4828597699890472,0.1051395947426067,0.1646541511500547,0.2724025410733844,0.052550339539978,0.3640198685651697,0.2473384665936472,0.2757841840087622,0.4040591128148959,0.2759462212486309,0.5649161226725081,0.3984667907995619,0.5072118729463309,0.3295350821467689,0.1324278422782037,0.08925,0.0902220810514786,0.1189111391018619,0.4106897152245345,0.0550845810514786,0.3330082219788244,564.1084337349398,113.03012048192772,166.0,143.0
en,2025-06-23,0.3207948487571128,0.1932948653954943,0.2291652856810089,0.1797819706498951,0.1325115636750856,0.2690030281854181,0.2386060696815413,0.6748296562510399,0.6883555289341454,0.1667733519683205,0.4926502279458254,0.1193136002129712,0.1841161691790622,0.2167121892782269,0.0370266214102692,0.3385475691324748,0.2297061994609164,0.2722138697547502,0.3956729892516056,0.3093033176932547,0.5587371135735916,0.3564651425909287,0.4514514991181658,0.3237097267977771,0.1519700509134471,0.0657174470067551,0.1029842933679411,0.1110869189045289,0.4039614322318724,0.0300019466906259,0.28026032411567,476.7358490566038,94.8616352201258,159.0,142.0
en,2025-06-30,0.3505742574257426,0.2244009900990099,0.2610891089108911,0.1749306930693069,0.1513168316831682,0.3178118811881187,0.2809356435643564,0.6979653465346535,0.6805792079207921,0.2096633663366336,0.4800742574257425,0.1616782178217821,0.2101287128712871,0.2670148514851485,0.0668415841584158,0.376970297029703,0.2724059405940593,0.2945445544554455,0.4363316831683168,0.3400445544554455,0.5764851485148516,0.408,0.5053069306930693,0.3430396039603959,0.1659752475247524,0.1037227722772277,0.1009752475247524,0.1444900990099009,0.4328465346534654,0.018184405940594,0.2794306930693069,561.1386138613861,108.45049504950497,202.0,166.0
en,2025-07-07,0.3624239130434782,0.2401249999999999,0.2875815217391305,0.2027391304347826,0.114641304347826,0.3247663043478261,0.2770815217391305,0.7187608695652175,0.7338858695652174,0.2232989130434782,0.5040597826086956,0.1313152173913043,0.2184239130434782,0.288125,0.0585217391304347,0.38025,0.2678369565217391,0.2771304347826087,0.4151195652173913,0.2977173913043478,0.5731902173913044,0.4000434782608695,0.5068967391304348,0.3279184782608695,0.1492119565217391,0.0888152173913043,0.1274184782608695,0.1484565217391304,0.4325978260869565,0.0535135869565217,0.3466557971014493,618.9836956521739,122.19021739130434,184.0,160.0
en,2025-07-14,0.3705287356321839,0.2401264367816092,0.2793218390804597,0.1839770114942528,0.1222931034482758,0.3276379310344827,0.2680574712643678,0.7001781609195402,0.7037011494252873,0.2264597701149425,0.5617701149425287,0.1459080459770114,0.1968563218390804,0.2527068965517242,0.0493275862068965,0.3764597701149424,0.2430574712643678,0.296396551724138,0.4401206896551724,0.2914252873563218,0.6078218390804598,0.4036149425287356,0.4617931034482759,0.3278218390804597,0.1599367816091954,0.1010689655172413,0.1063275862068965,0.1315632183908046,0.4219482758620689,0.0435229885057471,0.3288908045977011,601.0747126436781,119.06896551724138,174.0,143.0
en,2025-07-21,0.344632503192848,0.2122238186462324,0.2611772030651341,0.1809029374201788,0.1505044699872286,0.3235073435504471,0.266228288633461,0.6908001277139209,0.687103448275862,0.2112790549169859,0.499308429118774,0.1216858237547892,0.1978390804597701,0.2598400383141763,0.0563371647509578,0.3625185185185185,0.2576111111111111,0.2669600893997446,0.4311574074074074,0.3010545977011494,0.5777381864623244,0.4040102171136654,0.4878585568326947,0.3306724137931034,0.1576733716475095,0.1131864623243933,0.1291408045977011,0.1387950191570881,0.4326424010217113,0.0127282088122605,0.2804665815240528,546.8735632183908,108.82183908045975,174.0,142.0
en,2025-07-28,0.3873865469208211,0.2059380498533724,0.3054490469208211,0.1735573680351906,0.1113070014662756,0.3040139296187684,0.2381295821114369,0.6997507331378299,0.7124820381231671,0.2011235337243402,0.5231885997067448,0.1022613636363636,0.1915445381231671,0.2301677052785923,0.0487793255131964,0.35933284457478,0.2526803519061583,0.2623405425219941,0.4364681085043989,0.3026858504398826,0.5615808284457479,0.4115810117302053,0.4872230571847508,0.3028449413489736,0.1135427052785923,0.088912206744868,0.0941893328445747,0.1253321114369501,0.415379582111437,0.0604222873900293,0.3571322091886608,470.64772727272725,94.8125,176.0,154.0
en,2025-08-04,0.3455524938423646,0.1933569889162561,0.2546568657635468,0.1859804495073891,0.1091773399014778,0.2803577586206896,0.2356422413793103,0.6867657019704434,0.7165181650246306,0.1928292795566502,0.4537018165024631,0.1080106219211822,0.1658263546798029,0.2291253078817733,0.0357075123152709,0.3422238300492611,0.2323148091133005,0.255631157635468,0.3999528940886699,0.2818472906403941,0.5224470443349754,0.35265625,0.4774039408866994,0.3001599445812808,0.1486387007389162,0.1198509852216748,0.0787664716748768,0.1161791871921182,0.3986719519704433,0.0501191502463054,0.3297318349753694,486.3694581280788,97.48275862068964,203.0,157.0
en,2025-08-11,0.3727411690760527,0.2504172218730358,0.2890445003142677,0.2063576367064739,0.1228062853551226,0.3205774984286612,0.2780565681961031,0.6853774984286611,0.7096773098680075,0.2200913890634821,0.5149192960402261,0.131063230672533,0.1957538654934004,0.2813806411062224,0.0515648020113136,0.3810644877435575,0.2677366436203646,0.2809889377749843,0.428648774355751,0.2918292897548711,0.5771546197360151,0.4161719673161534,0.5048959145191703,0.3439616593337524,0.1421807668133249,0.1013512256442489,0.1087668133249528,0.1460896291640477,0.4310976744186047,0.0579482401005656,0.3343480410643201,670.446511627907,132.49302325581397,215.0,170.0
en,2025-08-18,0.3438785046728972,0.2300560747663551,0.2548177570093458,0.1779672897196261,0.1158971962616822,0.2966028037383177,0.2593411214953271,0.6774579439252336,0.7212663551401869,0.2043271028037383,0.5262710280373831,0.1216728971962616,0.1876495327102803,0.2498364485981308,0.0533878504672897,0.3637943925233645,0.2586869158878504,0.259107476635514,0.4294906542056075,0.2891915887850467,0.567411214953271,0.3991869158878505,0.4703971962616822,0.3337710280373831,0.1425140186915887,0.0845887850467289,0.1074065420560747,0.1274766355140187,0.4152009345794392,0.045429906542056,0.3240903426791277,544.3130841121496,108.696261682243,214.0,182.0
en,2025-08-25,0.3788194444444444,0.2421111111111111,0.2813148148148148,0.1985879629629629,0.122699074074074,0.304111111111111,0.267574074074074,0.686537037037037,0.7251944444444445,0.2222314814814815,0.5425462962962962,0.1257083333333333,0.2137916666666666,0.2504907407407407,0.0526944444444444,0.3575648148148148,0.2585046296296296,0.2656064814814814,0.4375972222222222,0.3009814814814814,0.5674259259259259,0.3788194444444444,0.4563657407407407,0.3383796296296296,0.1373657407407407,0.084787037037037,0.0961435185185185,0.1331666666666666,0.4221064814814814,0.0618032407407407,0.3390771604938272,560.3981481481482,111.1574074074074,216.0,176.0
en,2025-09-01,0.3528761147794897,0.2273856661503763,0.2963598978288633,0.2060018939702725,0.1217974375696312,0.3155251514904487,0.2684662943941741,0.6855374392000216,0.6977326050922528,0.2061848781283117,0.5175753838210918,0.1259026982962419,0.2144593434961006,0.2813853835493601,0.0508271650226895,0.3641061954838183,0.2602106491671421,0.28474648514986,0.4108112741501589,0.2891588788348143,0.5783881660824435,0.377948919866308,0.465146900899432,0.3315737806037879,0.1458183174370261,0.1081492296404989,0.1140867748159017,0.1403918317437026,0.4311342300480966,0.0519945986522105,0.327192101663904,570.4559386973181,112.22605363984674,261.0,217.0
en,2025-09-08,0.3589636637871933,0.2422778006307418,0.2855096668037845,0.1974279446044152,0.1319118332647744,0.3179902646373234,0.2660289318524612,0.69248128342246,0.7132735499794324,0.2292946661181955,0.5439152612093788,0.1446023584258878,0.2225391471273824,0.2620355135061017,0.0497132867132867,0.3870758261346497,0.2692498286027697,0.2919729877965172,0.4494286301933361,0.3062876731112025,0.5745974221856575,0.3940344165638283,0.4672714932126696,0.3290732208967503,0.1390143973673385,0.0845667078020019,0.1113389551624845,0.1422165089812148,0.434996160702043,0.0460937200054847,0.3206704602586955,513.5837104072398,102.710407239819,221.0,182.0
en,2025-09-15,0.3815268292682927,0.2445756097560975,0.2973317073170731,0.2026097560975609,0.1436634146341463,0.3527073170731707,0.303009756097561,0.7112878048780489,0.7076,0.2349512195121951,0.5527560975609755,0.1428146341463414,0.2048829268292683,0.2995512195121951,0.066760975609756,0.3862341463414634,0.2810390243902439,0.3162048780487805,0.4585756097560975,0.3104048780487805,0.6141268292682928,0.4125902439024391,0.4981365853658537,0.3661170731707316,0.164770731707317,0.1359121951219512,0.1057853658536585,0.157390243902439,0.4442926829268293,0.0333256097560975,0.318489430894309,642.7073170731708,126.42439024390244,205.0,160.0
en,2025-09-22,0.3249333333333333,0.1967761904761905,0.2524476190476191,0.1832333333333333,0.1352428571428571,0.3177047619047619,0.2765952380952381,0.6773619047619048,0.6878714285714286,0.2018571428571428,0.5022428571428571,0.1198238095238095,0.1788952380952381,0.2704285714285714,0.0522428571428571,0.3670809523809524,0.2615714285714285,0.2662238095238096,0.408195238095238,0.3143571428571428,0.5682904761904761,0.4059571428571428,0.5083619047619047,0.330047619047619,0.164547619047619,0.1196523809523809,0.1335571428571428,0.1336809523809524,0.424795238095238,0.0128738095238095,0.2865079365079365,554.0333333333333,109.5,210.0,171.0
en,2025-09-29,0.383763440860215,0.231005376344086,0.2673118279569892,0.1940913978494623,0.115510752688172,0.3219569892473118,0.2878602150537634,0.7059731182795698,0.7256720430107526,0.2057526881720429,0.5121720430107527,0.1196559139784946,0.2273924731182796,0.2679677419354838,0.0558387096774193,0.3850430107526882,0.2773870967741935,0.261989247311828,0.4576827956989248,0.2922526881720431,0.6115376344086022,0.3989193548387096,0.5327741935483871,0.3410215053763441,0.1444569892473118,0.0829677419354838,0.1283655913978494,0.1520376344086021,0.4448978494623656,0.0503091397849462,0.3434050179211469,568.8387096774194,112.9247311827957,186.0,158.0
en,2025-10-06,0.3464757007461181,0.2291489211534583,0.2664888082274652,0.1943011695906432,0.1204270014115749,0.3063740673522887,0.2662852389594676,0.6906074813470456,0.6769478725549506,0.202389594676346,0.4816721113127646,0.1085907441016333,0.2141792700141157,0.2730808630772333,0.0432337164750957,0.3657841298648921,0.2677625529340593,0.2861557773744707,0.4036056664650131,0.283189856825973,0.5766564831619279,0.3742622504537205,0.5132760637225248,0.3273760838878806,0.1531359144988909,0.0796699939503932,0.1078077233313168,0.1426176648517846,0.4364708610606977,0.0457031155474894,0.3095437924312697,551.1149425287356,109.39463601532567,261.0,205.0
en,2025-10-13,0.3543571070533477,0.226656283566058,0.2864484067311135,0.1930366630862871,0.1113498746867167,0.3025603293949159,0.254627067669173,0.7106615109201576,0.7154635875402793,0.2027704260651629,0.513650626566416,0.1147053347654851,0.1723415682062298,0.2473043322592195,0.044678052273541,0.3704756176154672,0.2475203723594701,0.2701237379162191,0.4182823487289652,0.286587253848908,0.5710875044754744,0.3809322592194772,0.5247402076620121,0.3280125313283207,0.134281775868242,0.0762021482277121,0.1082123165055495,0.1316550662370211,0.4315277479412818,0.0581695130683852,0.3407398257548633,499.9368421052632,98.93684210526315,285.0,223.0
en,2025-10-20,0.3059226290684623,0.1948912037037037,0.2299882154882155,0.1691177048260381,0.123334315375982,0.2751692620650954,0.2507307800224467,0.6863274410774411,0.6871671576879911,0.1851134960718294,0.4372803030303031,0.1243836279461279,0.1723289141414141,0.2220763888888889,0.0535485409652076,0.34065705667789,0.2582743406285073,0.2375769500561166,0.4300845258136925,0.3087188552188552,0.5414539141414142,0.3615712682379349,0.5057582772166105,0.3060007014590348,0.1342596801346801,0.0805676206509539,0.0999969837261504,0.1183181116722783,0.41328205667789,0.0257281495510662,0.2843583520389076,499.0942760942761,97.61616161616162,297.0,232.0
en,2025-10-27,0.3152183406113537,0.1929781659388646,0.2496812227074235,0.161061135371179,0.1262532751091703,0.2936375545851529,0.2597379912663756,0.677410480349345,0.6662489082969433,0.1855764192139738,0.4882270742358078,0.1146550218340611,0.19217903930131,0.2262663755458515,0.0386943231441048,0.3714410480349345,0.2445283842794759,0.2517947598253275,0.4113711790393014,0.3209519650655021,0.5703930131004367,0.382113537117904,0.5037205240174673,0.3315109170305677,0.1353275109170305,0.0723275109170305,0.0879082969432314,0.1258558951965065,0.421353711790393,0.0197893013100436,0.2841295487627365,476.06113537117903,94.92576419213974,229.0,183.0
en,2025-11-03,0.3051286307053942,0.2035352697095436,0.2589419087136929,0.1725850622406639,0.1005601659751037,0.2805228215767634,0.2506846473029046,0.6684730290456431,0.6738423236514522,0.1674730290456431,0.4523775933609958,0.1023817427385892,0.1679004149377593,0.2300539419087136,0.0386473029045643,0.3437800829875518,0.225759336099585,0.2476514522821577,0.375103734439834,0.2991493775933609,0.5531576763485477,0.3684730290456431,0.5066639004149377,0.2992946058091286,0.1270995850622406,0.0802282157676348,0.1317385892116182,0.122356846473029,0.3983817427385892,0.04450622406639,0.3120774550484094,479.149377593361,95.27800829875518,241.0,197.0
en,2025-11-10,0.3437473309608541,0.2152562277580071,0.2502348754448398,0.1791886120996441,0.1084519572953736,0.2865338078291815,0.2509786476868327,0.6955658362989324,0.6903131672597865,0.191355871886121,0.4649928825622775,0.1137935943060498,0.1716049822064057,0.2275836298932384,0.0400320284697508,0.3504804270462634,0.2520320284697508,0.2322597864768683,0.4228861209964413,0.3163914590747331,0.5362811387900356,0.3476085409252669,0.5118505338078291,0.3226797153024911,0.1264982206405694,0.0792348754448398,0.1238113879003558,0.1241387900355872,0.4186263345195729,0.0496138790035587,0.3196465005931198,469.2384341637011,93.88612099644128,281.0,206.0
en,2025-11-17,0.3544307116104869,0.2253932584269662,0.2749438202247191,0.1877752808988764,0.1151198501872659,0.2829588014981273,0.2540187265917603,0.6823033707865168,0.7141722846441948,0.1996516853932584,0.4818838951310861,0.1463483146067415,0.1781310861423221,0.2350973782771536,0.0397453183520599,0.3638239700374531,0.2409176029962546,0.2675393258426966,0.3881947565543071,0.2788314606741572,0.5467977528089888,0.348378277153558,0.5069438202247192,0.3321760299625468,0.1425243445692884,0.0923895131086142,0.1076516853932584,0.1324307116104869,0.4189063670411985,0.0615964419475655,0.332729088639201,517.6179775280899,103.08988764044943,267.0,200.0
en,2025-11-24,0.3347699776785714,0.2320731026785714,0.2762703125,0.2004215401785714,0.1140342633928571,0.2925024553571429,0.2618274553571428,0.6804552455357142,0.6916642857142857,0.2000151785714285,0.4793754464285714,0.1092989955357142,0.2037191964285714,0.2397170758928571,0.0461165178571428,0.3589233258928571,0.2448060267857142,0.2950016741071428,0.3880860491071428,0.3039362723214286,0.5537925223214286,0.3810265624999999,0.4724861607142857,0.2986265624999999,0.1503345982142857,0.07960703125,0.1012297991071428,0.1335665178571428,0.4167986607142856,0.0576153738839285,0.3202005952380952,535.45703125,105.9765625,256.0,203.0
en,2025-12-01,0.3497488076311605,0.2315078497615262,0.27593740063593,0.1926131259936407,0.110499950317965,0.3086906299682034,0.267418620826709,0.705272853736089,0.727670806836248,0.2155651828298887,0.5089512122416533,0.1113308326709062,0.1892937698728139,0.2518754968203497,0.0445314487281399,0.36428134936407,0.252899890699523,0.2736407492050874,0.4529878775834658,0.2728883147853735,0.5927948628775834,0.3866663354531001,0.481135631955485,0.3127718104133545,0.1459571244038156,0.0886045310015898,0.1354642289348171,0.1293191573926868,0.4267887023052464,0.0528565058624801,0.3406190547164812,523.4695945945946,104.88851351351352,296.0,210.0
en,2025-12-08,0.3084870794375322,0.1972789516307148,0.240754914231024,0.1669628947949643,0.1204283295295589,0.3019326363837149,0.2544211882500183,0.7072240300375469,0.6754714716925568,0.1833063388058602,0.4827450489582566,0.1086589854965766,0.1868958256644334,0.2393372598100566,0.0357178826474269,0.3654404770669218,0.2407566811455495,0.2711658691010822,0.4010315099757049,0.3118713833468306,0.5597037473312229,0.3879267466686299,0.4801980416697342,0.2911805933887948,0.124362291099168,0.0764388573952735,0.1019285872045939,0.1239459618640948,0.42622233674446,0.0171904770669218,0.2878094922574787,488.038062283737,97.78200692041524,289.0,231.0
en,2025-12-15,0.303936329588015,0.2004906367041198,0.249,0.1812397003745318,0.0955955056179775,0.2674569288389513,0.2381573033707865,0.6854307116104869,0.6936254681647941,0.1886591760299625,0.4665917602996254,0.0980112359550561,0.1659250936329588,0.211692883895131,0.0345730337078651,0.3442921348314606,0.2314082397003745,0.250314606741573,0.398565543071161,0.2749138576779026,0.5614719101123596,0.3682584269662921,0.4994082397003744,0.2927228464419475,0.1342808988764045,0.0734681647940074,0.121250936329588,0.1225468164794007,0.4087715355805243,0.0521404494382022,0.3199250936329588,454.1760299625468,90.7940074906367,267.0,213.0
en,2025-12-22,0.3655502008032129,0.2310441767068272,0.2967751004016064,0.1957269076305221,0.1089477911646586,0.321578313253012,0.2600361445783132,0.7190883534136547,0.7095863453815262,0.2031967871485943,0.5139437751004016,0.1119357429718875,0.1580281124497992,0.2430642570281124,0.0355863453815261,0.3670522088353413,0.2252449799196787,0.277995983935743,0.3963132530120483,0.2904939759036145,0.5865341365461848,0.4067469879518073,0.5008755020080321,0.327020080321285,0.1344859437751003,0.0877550200803212,0.0956787148594377,0.1254056224899598,0.4174538152610442,0.0570110441767068,0.3483560910307898,574.2730923694779,114.81526104417672,249.0,219.0
en,2025-12-29,0.3767238745768091,0.2481498889123995,0.3182979902842431,0.2108883261038228,0.1127842674389899,0.3344017513930032,0.2773371729087318,0.7019455670757511,0.7418246182465792,0.230922143902525,0.5619111188989985,0.1413114265940189,0.1850430905275779,0.2863232935710255,0.0652563765164339,0.3963007652701368,0.2761046185110735,0.2952521886902243,0.4514857393496967,0.2934155557906615,0.5936939029658626,0.4006975441705459,0.4914559617012273,0.3460681293200733,0.1595571990936662,0.0966480903512484,0.1347830617858654,0.144546037434758,0.4406909935287064,0.064922010553322,0.3661645602635539,623.9604316546763,124.2841726618705,278.0,228.0
en,2026-01-05,0.371642673992674,0.2401672161172161,0.2946789987789988,0.20007442002442,0.1122157509157509,0.3162467643467643,0.2719766788766788,0.7056111111111112,0.7134269230769231,0.2092936507936507,0.5359504884004884,0.117784249084249,0.182114652014652,0.2637738705738706,0.0538504884004884,0.3875906593406593,0.2610717338217338,0.2722260073260074,0.4210487789987789,0.2954911477411477,0.594697619047619,0.3969186813186813,0.5199534188034188,0.347796336996337,0.1420037851037851,0.0880588522588522,0.1182165445665445,0.1413376678876678,0.4380572649572649,0.0624095695970696,0.3477004477004476,574.1428571428571,113.93015873015872,315.0,255.0
en,2026-01-12,0.333041790618056,0.213371226268285,0.2685796980290824,0.1953694203779703,0.1094658527493684,0.2918254257775461,0.2481901667643801,0.7034414153258204,0.688537042465565,0.1868874032817261,0.4947627697073662,0.1138341602790987,0.2314878636209005,0.2392791493858525,0.0519969636433384,0.3555194558443533,0.255953667513517,0.2412817152700873,0.4198190544951831,0.3137711224024493,0.5452810330850687,0.3712224176492302,0.4887404892189435,0.3295276004458631,0.1265451454483602,0.0850501288370645,0.1168017881571232,0.12892819505063,0.4224610521211068,0.0519448945598911,0.320586990954866,509.2647058823529,102.50980392156865,306.0,243.0
en,2026-01-19,0.3650965909090908,0.2235284090909091,0.2486988636363636,0.1802670454545454,0.1210142045454545,0.2995,0.2590710227272728,0.6861903409090909,0.7118636363636365,0.2150056818181818,0.5004034090909091,0.1242613636363636,0.2412443181818182,0.2431732954545454,0.0473068181818181,0.3710596590909091,0.2605767045454545,0.2592329545454546,0.4369829545454545,0.2874857954545455,0.5804886363636363,0.4132954545454545,0.4792130681818182,0.3307159090909091,0.1461477272727273,0.0728011363636363,0.0975426136363636,0.129653409090909,0.4252613636363636,0.044140625,0.3208721590909091,568.2386363636364,113.8721590909091,352.0,277.0
en,2026-01-26,0.3669305993690852,0.2539716088328075,0.3164132492113565,0.2080189274447949,0.1080347003154574,0.320365930599369,0.2768927444794952,0.7165047318611989,0.7055741324921135,0.200577287066246,0.5453817034700316,0.1204258675078864,0.1940378548895899,0.2733659305993691,0.0594700315457413,0.3827476340694006,0.2627413249211357,0.2963501577287066,0.4240725552050473,0.2716624605678233,0.6014700315457413,0.4069022082018927,0.5153249211356467,0.3383753943217666,0.140564668769716,0.0847381703470031,0.1282776025236593,0.1496182965299684,0.4407381703470031,0.0721332807570978,0.3549379600420609,632.8328075709779,126.64668769716089,317.0,251.0
en,2026-02-02,0.3576928571428572,0.2480428571428571,0.3051357142857143,0.2083821428571428,0.12055,0.3193928571428571,0.2688214285714285,0.7136357142857144,0.6985714285714285,0.2072678571428571,0.553607142857143,0.1235642857142857,0.1964714285714285,0.2463428571428571,0.052175,0.3849535714285714,0.24285,0.2881,0.4033535714285714,0.3113178571428572,0.6083999999999999,0.384075,0.5058821428571428,0.3387642857142857,0.1373607142857142,0.0905535714285714,0.1309857142857142,0.1433571428571428,0.43115,0.0598419642857142,0.33325,592.4642857142857,118.60714285714286,280.0,230.0
en,2026-02-09,0.3316487455197132,0.2230967741935484,0.2535591397849462,0.200179211469534,0.1164336917562724,0.2917347670250896,0.2433046594982078,0.6811935483870968,0.7090537634408602,0.1960537634408602,0.4956129032258063,0.1208387096774193,0.2176236559139785,0.2579139784946236,0.060584229390681,0.3569964157706092,0.2351612903225806,0.2656487455197132,0.3880681003584229,0.2747921146953405,0.5541397849462365,0.3655519713261649,0.4645663082437276,0.3183082437275985,0.143584229390681,0.0831433691756272,0.1139820788530465,0.1329462365591397,0.4148924731182795,0.0480367383512544,0.3149868578255675,558.236559139785,110.8853046594982,279.0,233.0
en,2026-02-16,0.3355540983606557,0.2275147540983606,0.2922655737704918,0.1913868852459016,0.1081672131147541,0.2998524590163934,0.2503081967213115,0.697039344262295,0.7125016393442622,0.2037475409836065,0.4981934426229508,0.1299245901639344,0.1881409836065574,0.2516459016393443,0.0426754098360655,0.363255737704918,0.2502983606557377,0.2730131147540983,0.4004819672131147,0.2688688524590163,0.5664360655737705,0.3862688524590164,0.497416393442623,0.2994196721311475,0.1344918032786885,0.0856032786885245,0.1201606557377049,0.1369803278688524,0.4264229508196722,0.0576704918032786,0.3386065573770492,530.2032786885246,105.41967213114754,305.0,255.0
en,2026-02-23,0.3348267262656383,0.2098256888166956,0.2506847854654391,0.1782290865113852,0.1066760432290153,0.2838337453487706,0.2582127797900993,0.7020407490183758,0.7082604135172682,0.1818920025531124,0.45699939333938,0.1171483611270845,0.1787217838588753,0.2362268317890164,0.0462863359081828,0.3548699770180358,0.2451585123179771,0.25610469539511,0.4053835596948122,0.2874523751652507,0.5525771219783066,0.3728431159828396,0.5052424449015807,0.3088925617874949,0.1453562421820812,0.0742295647259455,0.126272295765825,0.1291101158188239,0.4229064596511405,0.0481366774758965,0.3245812651870998,522.6116838487973,105.58762886597938,291.0,239.0
en,2026-03-02,0.3358942307692308,0.2184871794871794,0.2366089743589743,0.1823141025641025,0.1101057692307692,0.2681474358974359,0.2521410256410256,0.6734551282051282,0.6948814102564103,0.1870384615384615,0.451801282051282,0.1077211538461538,0.1951955128205127,0.2138173076923077,0.0394038461538461,0.354823717948718,0.2415544871794871,0.2399711538461538,0.3934615384615385,0.3003461538461538,0.522775641025641,0.342051282051282,0.4826282051282051,0.3000320512820513,0.1424134615384615,0.0623237179487179,0.1025833333333333,0.1236282051282051,0.4081538461538462,0.0541995192307692,0.3123557692307692,477.125,96.01602564102564,312.0,252.0
en,2026-03-09,0.3615065465678872,0.2321597489059048,0.270215806728611,0.181739230136029,0.0957956049058101,0.2858609591320672,0.2442171628736061,0.7011045963247878,0.7364945811051693,0.2046074655485873,0.5181051733674442,0.095025526557346,0.2033725900000592,0.2188855382829664,0.0408322243738933,0.3619158233102966,0.2408502320843771,0.2527175870094338,0.4180381511420635,0.2564852717915919,0.5586973116350135,0.3632374708191945,0.4788762739768212,0.3210796798550286,0.1272465363819946,0.0719088126920958,0.1012002147328275,0.1293643795784698,0.4204912249720184,0.0705770510656693,0.3602767065614125,513.5348837209302,103.27574750830564,301.0,243.0
en,2026-03-16,0.3743584958981813,0.2379693832531945,0.2781173150623659,0.198404023543524,0.0981078468247755,0.2712670421160708,0.248834953390735,0.6933489178721371,0.7343431153490357,0.2118071260839068,0.5089215114210489,0.1354926736538207,0.1799548789785607,0.2290272092384951,0.0314193552978011,0.3668660804505393,0.2385490703561008,0.2517402649154731,0.4099512295290278,0.2561243862520458,0.5599368940033139,0.3772536377590956,0.501905059417918,0.3183597665978794,0.1313637515121326,0.061433804678208,0.0943169633326895,0.1303787864309603,0.424075550721249,0.0875248599688932,0.364165128611752,532.0301003344482,106.6086956521739,299.0,237.0
en,2026-03-23,0.3757864768683274,0.2197508896797153,0.2869359430604982,0.1952028469750889,0.1117010676156583,0.2851281138790035,0.2571743772241993,0.6888790035587188,0.6965338078291815,0.1947366548042704,0.5155124555160142,0.0904733096085409,0.1833131672597865,0.2318291814946619,0.0443345195729537,0.3649608540925267,0.2330711743772242,0.2602989323843416,0.4056049822064057,0.2817437722419929,0.570423487544484,0.3837793594306049,0.4781245551601423,0.3104341637010676,0.1208291814946619,0.0654733096085409,0.0988185053380782,0.1297793594306049,0.4139750889679716,0.0710044483985765,0.3413843416370107,580.4804270462633,116.18505338078292,281.0,221.0
en,2026-03-30,0.3398601792279412,0.2305345818014705,0.2608497242647059,0.1859590992647058,0.1185906479779412,0.2997346047794118,0.2668682215073529,0.6970654871323528,0.7029309512867646,0.2049221047794117,0.506423943014706,0.1272537913602941,0.1962227711397058,0.2342254136029412,0.0524265854779411,0.3596405101102941,0.248324103860294,0.25639453125,0.4438528262867647,0.3091830193014706,0.5793312270220587,0.4085597426470588,0.4941382123161765,0.3444715073529412,0.140330997242647,0.0794611672794117,0.1229778262867647,0.1378129595588235,0.4283663832720588,0.0451382697610294,0.315956303615196,585.05078125,118.40625,256.0,212.0
en,2026-04-06,0.369634004237288,0.2336060381355932,0.2731130296610169,0.2046977754237288,0.099910063559322,0.283973411016949,0.2487625,0.693611970338983,0.7115153601694916,0.1894813559322033,0.4989404661016948,0.1018341101694915,0.2005094279661017,0.242060593220339,0.0384604872881355,0.3611959745762712,0.2464294491525423,0.2323485169491525,0.4165549788135593,0.2841159957627118,0.5430103813559322,0.3600793432203389,0.4989152542372881,0.3433667372881356,0.1266884533898305,0.064447033898305,0.092403813559322,0.1364953389830508,0.4196610169491525,0.0783209745762711,0.3515107344632768,504.5593220338983,101.7864406779661,295.0,238.0
en,2026-04-13,0.3238351555929353,0.205184188393608,0.2512960470984021,0.1893096719932716,0.0987992430613961,0.2702502102607233,0.2353872161480235,0.6958699747687133,0.7096306980656013,0.1864620689655172,0.4669761984861227,0.1072260723296888,0.2173835155592935,0.2122803195962994,0.0395815811606391,0.3429825063078217,0.2376216148023549,0.2346495374264087,0.4041203532380151,0.2905726661059714,0.5432341463414634,0.3563065601345668,0.5068576955424726,0.304415306980656,0.1358167367535744,0.0778842724978974,0.1263676198486123,0.1241387720773759,0.413926408746846,0.0578815391084945,0.3294547238575833,420.4068965517241,84.61379310344827,290.0,238.0
en,2026-04-20,0.3198305084745763,0.199228813559322,0.2515550847457627,0.186135593220339,0.1045169491525423,0.2557033898305085,0.2336864406779661,0.6936186440677966,0.7066313559322035,0.1773474576271186,0.4830169491525423,0.1079110169491525,0.1937584745762711,0.2236694915254237,0.0438093220338983,0.3412966101694915,0.2264872881355932,0.2451398305084745,0.3880466101694915,0.2956525423728813,0.51075,0.3328983050847457,0.4901355932203389,0.329728813559322,0.1299830508474576,0.070843220338983,0.1116440677966101,0.1210169491525423,0.4128813559322034,0.0590773305084745,0.3214887005649717,488.8516949152543,99.0,236.0,188.0
en,2026-04-27,0.3290909090909091,0.2058354978354978,0.2344242424242424,0.180073593073593,0.1221904761904762,0.2803722943722943,0.242077922077922,0.6927142857142858,0.6937705627705627,0.196025974025974,0.4878744588744588,0.1126406926406926,0.1789177489177489,0.2319393939393939,0.0404372294372294,0.3592121212121212,0.2436493506493506,0.2646233766233766,0.4165844155844155,0.3169264069264069,0.5425064935064935,0.357995670995671,0.4812857142857142,0.310961038961039,0.1348658008658008,0.0875454545454545,0.1059220779220779,0.1139134199134199,0.4071601731601731,0.0360746753246753,0.2969047619047619,485.7878787878788,96.55411255411256,231.0,186.0
en,2026-05-04,0.3279747406053347,0.2399677520587805,0.2756177014927619,0.2068722640189756,0.1104212503321891,0.2788551491494572,0.2567986318956227,0.7030590863481848,0.6969899000640417,0.1803780827250955,0.543279979747849,0.1047995117760306,0.173812375169164,0.2161031063100291,0.0268534928078824,0.3721041214919143,0.2197838960151957,0.2737949561807378,0.3445260730847787,0.2908987709794025,0.5518631182727988,0.3374167189456128,0.5036458645967373,0.3486823250526651,0.1294114509506649,0.0642178823600934,0.1150819723975085,0.1284309756023663,0.4185738727253213,0.06796991480314,0.3231061970551903,483.9202898550725,97.17391304347828,276.0,200.0
en,2026-05-11,0.288464,0.176668,0.235428,0.153392,0.125936,0.285808,0.25454,0.680576,0.665456,0.1768399999999999,0.4885919999999999,0.103904,0.190932,0.2175,0.039752,0.342184,0.2410279999999999,0.258812,0.3824919999999999,0.372648,0.5474640000000001,0.355648,0.4852640000000001,0.315572,0.130948,0.084324,0.12728,0.117532,0.408024,0.0076159999999999,0.2705133333333333,461.412,91.376,250.0,191.0
en,2026-05-18,0.3361973627323822,0.2252397319498486,0.254958495460441,0.2030217250324254,0.1022829658452226,0.2810593385214008,0.2294033722438391,0.6960152399481194,0.7188143104193689,0.2071681798530047,0.5013579766536965,0.1119114785992217,0.1863815391266753,0.2354697362732382,0.0376636402939904,0.3527482706441851,0.2340936013834846,0.2412824254215304,0.4005185905750108,0.2647297881539127,0.5493896454820579,0.3569282317336792,0.4944367704280156,0.3386728274967575,0.1300292909641158,0.0583258754863813,0.0987628620838737,0.1217519455252918,0.4093650021616947,0.0631831766104626,0.334373757025508,471.7859922178988,95.147859922179,257.0,210.0
en,2026-05-25,0.3593018932874355,0.2302721744119334,0.2546512908777969,0.1912784853700516,0.1101357429718875,0.2893858864027538,0.2603763625932301,0.677183935742972,0.6936050487664946,0.1974481927710843,0.5058406196213425,0.1037957544463568,0.207677337923121,0.2501095811818703,0.0456133103843947,0.3661878370625359,0.2524718301778542,0.2787787722317843,0.3910411933448078,0.2841142857142857,0.5532954675846242,0.3675994262765347,0.4810017211703959,0.3236567986230637,0.1332321285140562,0.0614314400458978,0.1167702811244979,0.1350978772231784,0.4287560527825588,0.0591151462994836,0.3257170013386881,534.8755020080321,106.53413654618474,249.0,204.0
en,2026-06-01,0.3665267175572519,0.2391145038167939,0.2819656488549618,0.1895916030534351,0.1261145038167939,0.3132328244274809,0.2555992366412213,0.7182900763358779,0.7198053435114504,0.2086870229007633,0.5395000000000001,0.122267175572519,0.2198091603053435,0.2647595419847328,0.042148854961832,0.3687099236641221,0.2602290076335878,0.2517404580152672,0.4537824427480916,0.2899923664122137,0.576793893129771,0.3918091603053436,0.4764618320610687,0.3422290076335877,0.1303282442748091,0.0585687022900763,0.1114160305343511,0.1312022900763359,0.4438931297709924,0.0496259541984732,0.3299847328244275,547.6526717557252,109.293893129771,262.0,195.0
en,2026-06-08,0.3491877934272301,0.2137230046948356,0.2675258215962441,0.1979765258215962,0.1055211267605633,0.3031784037558685,0.2580046948356807,0.7219014084507043,0.7399201877934274,0.1988403755868544,0.5183708920187793,0.143150234741784,0.2135446009389671,0.2501549295774647,0.0568122065727699,0.3793286384976526,0.2485821596244131,0.2552863849765258,0.4081502347417841,0.2827417840375587,0.5574647887323944,0.3823427230046949,0.5209483568075117,0.3449577464788732,0.1461173708920187,0.0639906103286385,0.1033896713615023,0.1446103286384976,0.4335070422535211,0.0527535211267605,0.3466901408450704,493.5023474178404,98.09389671361502,213.0,156.0
en,2026-06-15,0.3671836734693878,0.2055510204081632,0.2628843537414966,0.2087142857142856,0.0917414965986394,0.2706666666666666,0.2394353741496598,0.7142448979591837,0.7310612244897959,0.1877755102040816,0.4479319727891157,0.1028027210884353,0.2266122448979591,0.2254829931972789,0.0424217687074829,0.3703197278911564,0.2319251700680272,0.2544013605442177,0.3763333333333333,0.2664149659863945,0.5690544217687075,0.3709047619047619,0.5356326530612245,0.3099183673469387,0.154843537414966,0.0647619047619047,0.0816530612244898,0.1268571428571429,0.4201428571428571,0.0798792517006802,0.361968253968254,543.2380952380952,108.8843537414966,147.0,113.0
en,2026-06-22,0.394375,0.2776691176470588,0.3181470588235294,0.2309632352941176,0.0875073529411764,0.3022867647058823,0.253110294117647,0.6944852941176469,0.7405073529411763,0.2174411764705882,0.5335441176470588,0.1373161764705882,0.1694117647058823,0.28675,0.0283308823529411,0.4038676470588235,0.2415147058823529,0.2995661764705882,0.3676617647058823,0.2552867647058823,0.5807867647058824,0.4237499999999999,0.4995294117647059,0.3381544117647059,0.1363382352941176,0.0553897058823529,0.0799999999999999,0.1385955882352941,0.4324044117647059,0.110391544117647,0.3968357843137255,605.6838235294117,122.08088235294116,136.0,102.0
en,2026-06-29,0.3667846153846153,0.1852,0.2728846153846154,0.1939461538461538,0.1129307692307692,0.2666153846153846,0.2179692307692307,0.7106,0.7355307692307692,0.1843384615384615,0.489176923076923,0.112376923076923,0.1725153846153846,0.2182,0.0438615384615384,0.3469923076923076,0.2324153846153846,0.2482,0.4013,0.2552153846153846,0.5319538461538462,0.3553615384615385,0.4891846153846153,0.3202769230769231,0.1152307692307692,0.0545153846153846,0.0787384615384615,0.1324615384615384,0.4232923076923077,0.0649307692307692,0.3454692307692308,505.54615384615386,101.22307692307692,130.0,115.0
en,2026-07-06,0.4177225340817962,0.2733857257417802,0.3099125902165196,0.221000801924619,0.1116535685645549,0.3196655974338412,0.2911339214113873,0.6925669607056937,0.7468171611868485,0.2306054530874098,0.5834791499599037,0.1222766639935845,0.1513283881315156,0.2900256615878108,0.0613769045709703,0.375565757818765,0.2420004009623095,0.2905958299919807,0.4541936647955092,0.2709286287089014,0.6030713712910987,0.4145954290296713,0.4805408981555733,0.3351315156375301,0.1422185244587009,0.1189843624699278,0.1135425020048115,0.1433259823576583,0.4343708901363272,0.0898458299919807,0.3798305265971665,598.4651162790698,119.25581395348836,86.0,71.0
other,2024-10-14,,,,,,,,,,,,,,,,,,,,,,,,,,,,,,,,,,1.0,1.0
other,2025-03-10,,,,,,,,,,,,,,,,,,,,,,,,,,,,,,,,,,1.0,1.0
other,2025-06-02,,,,,,,,,,,,,,,,,,,,,,,,,,,,,,,,,,1.0,1.0
other,2025-06-30,,,,,,,,,,,,,,,,,,,,,,,,,,,,,,,,,,1.0,1.0
other,2025-08-25,,,,,,,,,,,,,,,,,,,,,,,,,,,,,,,,,,1.0,1.0
other,2025-12-01,,,,,,,,,,,,,,,,,,,,,,,,,,,,,,,,,,2.0,1.0
other,2025-12-08,,,,,,,,,,,,,,,,,,,,,,,,,,,,,,,,,,4.0,2.0
other,2025-12-29,,,,,,,,,,,,,,,,,,,,,,,,,,,,,,,,,,2.0,2.0
other,2026-01-05,,,,,,,,,,,,,,,,,,,,,,,,,,,,,,,,,,2.0,2.0
other,2026-01-12,,,,,,,,,,,,,,,,,,,,,,,,,,,,,,,,,,1.0,1.0
other,2026-01-19,,,,,,,,,,,,,,,,,,,,,,,,,,,,,,,,,,3.0,3.0
other,2026-01-26,,,,,,,,,,,,,,,,,,,,,,,,,,,,,,,,,,1.0,1.0
other,2026-02-09,,,,,,,,,,,,,,,,,,,,,,,,,,,,,,,,,,3.0,3.0
other,2026-02-16,,,,,,,,,,,,,,,,,,,,,,,,,,,,,,,,,,3.0,2.0
other,2026-03-09,,,,,,,,,,,,,,,,,,,,,,,,,,,,,,,,,,2.0,2.0
other,2026-03-16,,,,,,,,,,,,,,,,,,,,,,,,,,,,,,,,,,1.0,1.0
other,2026-03-23,,,,,,,,,,,,,,,,,,,,,,,,,,,,,,,,,,3.0,3.0
other,2026-04-06,,,,,,,,,,,,,,,,,,,,,,,,,,,,,,,,,,7.0,5.0
other,2026-04-13,,,,,,,,,,,,,,,,,,,,,,,,,,,,,,,,,,1.0,1.0
other,2026-04-20,,,,,,,,,,,,,,,,,,,,,,,,,,,,,,,,,,2.0,2.0
other,2026-05-04,,,,,,,,,,,,,,,,,,,,,,,,,,,,,,,,,,1.0,1.0
other,2026-05-25,,,,,,,,,,,,,,,,,,,,,,,,,,,,,,,,,,1.0,1.0
other,2026-06-15,,,,,,,,,,,,,,,,,,,,,,,,,,,,,,,,,,1.0,1.0
other,2026-06-29,,,,,,,,,,,,,,,,,,,,,,,,,,,,,,,,,,1.0,1.0
ru,2023-01-16,,,,,,,,,,,,,,,,,,,,,,,,,,,,,,,,,,1.0,1.0
ru,2023-11-27,,,,,,,,,,,,,,,,,,,,,,,,,,,,,,,,,,2.0,2.0
ru,2024-03-25,,,,,,,,,,,,,,,,,,,,,,,,,,,,,,,,,,2.0,2.0
ru,2024-04-29,,,,,,,,,,,,,,,,,,,,,,,,,,,,,,,,,,3.0,3.0
ru,2024-05-06,,,,,,,,,,,,,,,,,,,,,,,,,,,,,,,,,,2.0,2.0
ru,2024-05-13,,,,,,,,,,,,,,,,,,,,,,,,,,,,,,,,,,1.0,1.0
ru,2024-05-20,,,,,,,,,,,,,,,,,,,,,,,,,,,,,,,,,,2.0,2.0
ru,2024-05-27,,,,,,,,,,,,,,,,,,,,,,,,,,,,,,,,,,1.0,1.0
ru,2024-07-08,,,,,,,,,,,,,,,,,,,,,,,,,,,,,,,,,,1.0,1.0
ru,2024-07-15,,,,,,,,,,,,,,,,,,,,,,,,,,,,,,,,,,1.0,1.0
ru,2024-08-05,,,,,,,,,,,,,,,,,,,,,,,,,,,,,,,,,,1.0,1.0
ru,2024-08-12,,,,,,,,,,,,,,,,,,,,,,,,,,,,,,,,,,1.0,1.0
ru,2024-09-02,,,,,,,,,,,,,,,,,,,,,,,,,,,,,,,,,,1.0,1.0
ru,2024-09-23,,,,,,,,,,,,,,,,,,,,,,,,,,,,,,,,,,1.0,1.0
ru,2024-10-07,,,,,,,,,,,,,,,,,,,,,,,,,,,,,,,,,,2.0,1.0
ru,2024-10-28,,,,,,,,,,,,,,,,,,,,,,,,,,,,,,,,,,1.0,1.0
ru,2024-11-04,,,,,,,,,,,,,,,,,,,,,,,,,,,,,,,,,,1.0,1.0
ru,2024-11-18,,,,,,,,,,,,,,,,,,,,,,,,,,,,,,,,,,1.0,1.0
ru,2024-12-02,,,,,,,,,,,,,,,,,,,,,,,,,,,,,,,,,,1.0,1.0
ru,2024-12-16,,,,,,,,,,,,,,,,,,,,,,,,,,,,,,,,,,1.0,1.0
ru,2025-01-06,,,,,,,,,,,,,,,,,,,,,,,,,,,,,,,,,,2.0,2.0
ru,2025-01-27,,,,,,,,,,,,,,,,,,,,,,,,,,,,,,,,,,1.0,1.0
ru,2025-02-03,,,,,,,,,,,,,,,,,,,,,,,,,,,,,,,,,,1.0,1.0
ru,2025-02-17,,,,,,,,,,,,,,,,,,,,,,,,,,,,,,,,,,3.0,3.0
ru,2025-03-03,,,,,,,,,,,,,,,,,,,,,,,,,,,,,,,,,,1.0,1.0
ru,2025-03-10,,,,,,,,,,,,,,,,,,,,,,,,,,,,,,,,,,1.0,1.0
ru,2025-03-31,,,,,,,,,,,,,,,,,,,,,,,,,,,,,,,,,,2.0,2.0
ru,2025-04-07,,,,,,,,,,,,,,,,,,,,,,,,,,,,,,,,,,2.0,2.0
ru,2025-04-14,,,,,,,,,,,,,,,,,,,,,,,,,,,,,,,,,,2.0,2.0
ru,2025-04-21,,,,,,,,,,,,,,,,,,,,,,,,,,,,,,,,,,1.0,1.0
ru,2025-04-28,0.48324,0.4650399999999999,0.43608,0.1978,0.16712,0.60256,0.60284,0.7972,0.8171200000000001,0.36568,0.6956800000000001,0.2484,0.344,0.5614,0.1670799999999999,0.6485600000000001,0.62768,0.6188800000000001,0.78892,0.4491999999999999,0.86164,0.7262,0.48916,0.50456,0.30888,0.25396,0.06188,0.26196,0.6025600000000001,0.0107,0.4116933333333333,790.12,135.88,25.0,22.0
ru,2025-05-05,0.5383714285714286,0.5297714285714287,0.4907714285714286,0.2257714285714285,0.1919142857142857,0.6477142857142858,0.6653714285714286,0.8223142857142857,0.8290571428571428,0.4136571428571429,0.7353714285714286,0.2840571428571428,0.3833714285714286,0.6242857142857143,0.1857714285714285,0.6999142857142856,0.6630571428571429,0.672342857142857,0.7884285714285715,0.4822571428571429,0.8992571428571428,0.7645428571428572,0.5187714285714287,0.5505714285714286,0.3461142857142857,0.2884571428571428,0.0714857142857142,0.296,0.6429142857142858,0.0263571428571428,0.4274857142857143,1081.6571428571428,180.68571428571428,35.0,27.0
ru,2025-05-12,0.5458039215686276,0.5396274509803922,0.4884313725490195,0.2297843137254901,0.1946470588235294,0.6577647058823529,0.6758627450980392,0.8217647058823531,0.83121568627451,0.4219411764705882,0.7520784313725489,0.2912941176470588,0.3956274509803921,0.6295686274509803,0.1890196078431372,0.7143137254901961,0.6764705882352942,0.6781764705882354,0.8039019607843138,0.4903333333333333,0.9024313725490196,0.7789019607843138,0.509764705882353,0.562313725490196,0.3509803921568628,0.2948039215686274,0.0764117647058823,0.2995294117647059,0.6469607843137256,0.0247058823529411,0.4271699346405229,1302.1764705882354,222.68627450980392,51.0,37.0
ru,2025-05-19,0.4897575757575757,0.4642727272727272,0.4423484848484849,0.2001818181818182,0.161,0.5982121212121212,0.6018333333333333,0.8068484848484849,0.8203787878787878,0.3622878787878788,0.7160454545454545,0.2383636363636363,0.3634393939393939,0.5594696969696971,0.1559545454545454,0.6653636363636363,0.614469696969697,0.6359242424242424,0.7640454545454546,0.4451212121212122,0.8672575757575758,0.7247272727272727,0.4848181818181818,0.5078333333333334,0.3001818181818181,0.2431818181818182,0.0654696969696969,0.2596818181818182,0.6078484848484847,0.0195340909090909,0.4231616161616162,954.5,164.0909090909091,66.0,54.0
ru,2025-05-26,0.469275,0.4474,0.427125,0.1923,0.157625,0.5864499999999999,0.5878500000000001,0.79695,0.815325,0.3472749999999999,0.71255,0.229725,0.334175,0.535975,0.150575,0.6502749999999999,0.5970500000000001,0.619425,0.7639,0.444025,0.87135,0.722925,0.4647500000000001,0.49085,0.29125,0.234825,0.05435,0.2404249999999999,0.587725,0.0119874999999999,0.41295,772.725,132.675,40.0,37.0
ru,2025-06-02,0.4415060240963855,0.4165421686746988,0.4016385542168674,0.1810602409638554,0.1498313253012048,0.5416867469879519,0.5360240963855422,0.7678915662650603,0.8067469879518071,0.3221566265060241,0.6704698795180722,0.2060843373493975,0.3127349397590361,0.491578313253012,0.1447108433734939,0.6006385542168675,0.5532650602409639,0.5686746987951807,0.7064096385542169,0.4366024096385542,0.8199156626506023,0.6707108433734941,0.4437469879518073,0.453578313253012,0.2705060240963855,0.2346024096385542,0.0507951807228915,0.2238554216867469,0.5442530120481928,0.0144277108433734,0.4001325301204819,643.710843373494,108.92771084337348,83.0,75.0
ru,2025-06-09,0.452659793814433,0.4268969072164949,0.4176701030927835,0.1827835051546391,0.1492371134020619,0.5574639175257732,0.5572474226804124,0.7751340206185567,0.8075360824742267,0.3268041237113402,0.6790515463917526,0.2068041237113402,0.3194329896907216,0.5097422680412372,0.143360824742268,0.6208762886597938,0.5759175257731959,0.5766907216494844,0.7335360824742269,0.4410515463917525,0.834257731958763,0.6959896907216494,0.4531443298969071,0.4750927835051546,0.2743505154639175,0.2309484536082474,0.0491649484536082,0.227020618556701,0.5606494845360825,0.0166520618556701,0.4100515463917525,615.4432989690722,106.340206185567,97.0,80.0
ru,2025-06-16,0.4551875,0.423765625,0.41578125,0.1848125,0.14834375,0.5590468749999999,0.5502734375,0.7824687499999999,0.8152109375000001,0.320140625,0.693640625,0.205203125,0.317953125,0.506171875,0.1468359375,0.6213046874999999,0.5721171875,0.5829609374999999,0.733921875,0.4281484375,0.843203125,0.6916796875000001,0.450453125,0.4714765625,0.2700781249999999,0.2306640625,0.0483203125,0.2232109374999999,0.555515625,0.01619140625,0.4137161458333334,575.109375,98.7578125,128.0,111.0
ru,2025-06-23,0.4426875,0.4176111111111111,0.4138402777777777,0.1825902777777777,0.1465833333333333,0.5473125,0.5385763888888889,0.7707222222222223,0.8120416666666667,0.3194444444444445,0.6740972222222221,0.2032430555555555,0.3114027777777777,0.4946180555555556,0.1454166666666666,0.6105763888888889,0.5562013888888888,0.5722777777777777,0.7245555555555556,0.4336875,0.8268125000000001,0.6771180555555555,0.4413541666666666,0.4610972222222222,0.2700694444444445,0.2393819444444444,0.0483958333333333,0.2211527777777777,0.5444791666666667,0.017234375,0.4096064814814815,706.2152777777778,122.43055555555556,144.0,117.0
ru,2025-06-30,0.4316592592592593,0.3994222222222222,0.4043185185185185,0.1755777777777777,0.1425777777777777,0.5299481481481481,0.5178814814814816,0.7622296296296296,0.8098592592592592,0.304,0.6589481481481482,0.190837037037037,0.3023407407407407,0.4726888888888889,0.1423851851851852,0.5957555555555556,0.5392074074074074,0.5552962962962962,0.7084962962962963,0.4231925925925926,0.8157703703703705,0.6582222222222223,0.4370074074074074,0.4482148148148148,0.2575481481481481,0.2337777777777777,0.0451185185185185,0.2084518518518518,0.5282148148148149,0.0164814814814814,0.4060345679012346,572.0814814814814,99.6074074074074,135.0,118.0
ru,2025-07-07,0.4161608391608392,0.3827272727272727,0.3901538461538462,0.1672867132867133,0.1327062937062937,0.5169370629370629,0.5012167832167833,0.761076923076923,0.8072097902097903,0.2869090909090909,0.6473146853146853,0.1782727272727272,0.2869230769230769,0.4541258741258741,0.1301818181818181,0.5815874125874126,0.5277342657342657,0.5402797202797203,0.6982377622377622,0.4130979020979021,0.8102797202797203,0.6575034965034965,0.4270209790209791,0.4281188811188812,0.2467972027972028,0.210055944055944,0.0393986013986013,0.1951398601398601,0.5177622377622377,0.0142604895104895,0.4051351981351982,554.4755244755245,96.25174825174824,143.0,119.0
ru,2025-07-14,0.4353360071301247,0.4063270944741532,0.3999924242424242,0.1747486631016042,0.1404897504456328,0.5347018716577541,0.5262905525846704,0.768813725490196,0.81050623885918,0.3041693404634581,0.6634621212121212,0.1894171122994652,0.3034799465240642,0.4794812834224599,0.136385918003565,0.6025343137254903,0.5486256684491979,0.5606991978609626,0.7198983957219252,0.4174786096256684,0.8266991978609626,0.6715396613190731,0.433313725490196,0.4477419786096256,0.2605200534759358,0.2190427807486631,0.0440298573975044,0.2081176470588235,0.5370338680926917,0.0165052361853832,0.4081218062982769,625.6363636363636,108.87878787878788,132.0,109.0
ru,2025-07-21,0.4153488372093023,0.3805271317829458,0.3875658914728682,0.1698217054263565,0.1341705426356589,0.5156589147286823,0.4953023255813953,0.7532093023255813,0.8061007751937984,0.289046511627907,0.6515348837209303,0.1763488372093023,0.2870930232558139,0.4522015503875968,0.1327984496124031,0.5793643410852714,0.5182248062015504,0.5447906976744186,0.6963488372093024,0.410031007751938,0.8066589147286821,0.6493875968992247,0.4198992248062015,0.4256124031007752,0.2441162790697674,0.2166976744186046,0.0406666666666666,0.1948062015503875,0.5133255813953489,0.0134011627906976,0.4021679586563307,531.8449612403101,93.24806201550388,129.0,102.0
ru,2025-07-28,0.4105742574257426,0.3739504950495049,0.3813366336633663,0.1655643564356435,0.1315247524752475,0.5054158415841584,0.4885049504950495,0.7562376237623762,0.8068316831683167,0.2826534653465347,0.6473267326732672,0.1687722772277227,0.2849900990099009,0.4428415841584158,0.1288712871287128,0.5721980198019803,0.5146831683168317,0.53409900990099,0.6968811881188118,0.4088019801980198,0.8030396039603961,0.6411188118811881,0.4238019801980198,0.4233069306930693,0.238049504950495,0.2171485148514851,0.0384851485148514,0.1905643564356436,0.5076633663366338,0.0143861386138613,0.4013894389438943,521.4356435643564,91.78217821782178,101.0,82.0
ru,2025-08-04,0.4402831858407079,0.4079380530973452,0.4138938053097344,0.1825840707964601,0.1429734513274336,0.5421061946902654,0.5277168141592921,0.7755752212389381,0.8130176991150442,0.3045309734513274,0.6739469026548673,0.1879911504424778,0.3076017699115044,0.4845221238938053,0.1420884955752212,0.608433628318584,0.5485309734513274,0.5656371681415928,0.7169823008849556,0.4238495575221238,0.8308318584070797,0.6721061946902656,0.4407699115044248,0.4560176991150442,0.2569646017699115,0.2342389380530973,0.0428141592920354,0.2063539823008849,0.5368672566371682,0.0186349557522123,0.4127581120943953,566.5486725663717,99.02654867256638,113.0,98.0
ru,2025-08-11,0.4295891472868217,0.3892248062015503,0.3990155038759689,0.1741395348837209,0.1380542635658914,0.5250232558139535,0.5089767441860465,0.7579999999999999,0.8117596899224806,0.2925503875968992,0.6544961240310077,0.180813953488372,0.2964806201550388,0.464906976744186,0.1368837209302325,0.5876899224806202,0.5320620155038759,0.5474263565891473,0.7097054263565892,0.4148527131782945,0.8197829457364342,0.6587286821705426,0.4293953488372092,0.4391007751937984,0.2507751937984496,0.2200930232558139,0.041875968992248,0.2028682170542635,0.5226744186046511,0.016453488372093,0.408733850129199,468.2170542635659,81.82945736434108,129.0,109.0
ru,2025-08-18,0.4454311926605505,0.4151467889908257,0.42,0.1867706422018348,0.1472477064220183,0.5439816513761467,0.5347339449541284,0.7735321100917429,0.8144862385321102,0.3102018348623853,0.6723577981651376,0.1956880733944954,0.310908256880734,0.4900550458715596,0.1487706422018348,0.6122018348623852,0.554,0.5694770642201835,0.7193669724770643,0.4255504587155964,0.8297247706422018,0.6714495412844037,0.4445504587155963,0.4632660550458715,0.2642935779816514,0.2413394495412844,0.0456605504587156,0.2149357798165137,0.5404311926605504,0.0212224770642201,0.4127247706422018,524.1926605504588,93.04587155963304,109.0,103.0
ru,2025-08-25,0.4387310924369748,0.4031848739495798,0.4153781512605042,0.1797058823529411,0.1421344537815126,0.5383025210084033,0.5217899159663866,0.7757058823529412,0.8139159663865546,0.3011764705882353,0.6788823529411765,0.185798319327731,0.3066470588235294,0.4824285714285714,0.1411428571428571,0.6043193277310924,0.5477731092436975,0.5596470588235293,0.721201680672269,0.4202941176470588,0.8301344537815126,0.6704621848739496,0.4378235294117647,0.4542268907563025,0.2552605042016806,0.2251764705882353,0.0418319327731092,0.2053865546218487,0.5353529411764706,0.019031512605042,0.413873949579832,499.15966386554624,87.09243697478992,119.0,103.0
ru,2025-09-01,0.4469423076923077,0.4133341346153846,0.4115408653846154,0.182150641025641,0.1454102564102564,0.5474142628205129,0.5370008012820512,0.7730785256410256,0.8147812499999999,0.3122748397435897,0.6775184294871794,0.1981842948717948,0.3054503205128205,0.4877636217948718,0.1439134615384615,0.609391826923077,0.5544767628205127,0.5751338141025641,0.7262732371794871,0.4262051282051282,0.8341586538461538,0.6755288461538462,0.4425352564102564,0.461963141025641,0.2628814102564103,0.2307283653846153,0.0448902243589743,0.2089535256410256,0.5416514423076924,0.0170797275641025,0.4123445512820513,641.1794871794872,113.6153846153846,78.0,65.0
ru,2025-09-08,0.4622555555555555,0.4327111111111111,0.4329333333333333,0.1910555555555555,0.1526888888888889,0.5712333333333334,0.5544333333333333,0.7886111111111112,0.8197777777777778,0.3270555555555556,0.6989777777777778,0.2043777777777777,0.3231777777777778,0.515688888888889,0.1519888888888888,0.6314666666666667,0.5768333333333333,0.5877222222222223,0.7387666666666667,0.4403,0.8476222222222223,0.6984333333333335,0.4541777777777778,0.4766777777777777,0.2741222222222222,0.2471555555555555,0.0463777777777777,0.2201444444444444,0.5586555555555556,0.0177777777777777,0.4189666666666666,641.5111111111111,114.53333333333332,90.0,77.0
ru,2025-09-15,0.4241184210526316,0.3830131578947368,0.3922236842105263,0.1717763157894737,0.1346578947368421,0.5151710526315789,0.495421052631579,0.7618815789473684,0.8075,0.2901578947368421,0.6464473684210527,0.1800131578947368,0.2958815789473684,0.4507894736842105,0.1345263157894737,0.5779605263157894,0.5193421052631578,0.5279473684210526,0.6912236842105264,0.4049473684210526,0.8051184210526316,0.6509605263157895,0.4258947368421052,0.428578947368421,0.24025,0.2125921052631579,0.0406842105263157,0.1977236842105263,0.5141315789473684,0.0178684210526315,0.4066228070175439,440.17105263157896,76.48684210526316,76.0,65.0
ru,2025-09-22,0.4471851851851852,0.4149999999999999,0.4143580246913581,0.189395061728395,0.1501975308641975,0.5448271604938272,0.5346172839506174,0.7657654320987655,0.8108518518518518,0.3159753086419753,0.6683333333333334,0.2037654320987654,0.3173086419753086,0.4883086419753086,0.1478518518518518,0.6031481481481482,0.5533703703703705,0.5635925925925926,0.7214814814814815,0.425358024691358,0.8232592592592592,0.6733333333333332,0.4475185185185185,0.4639135802469136,0.2722098765432099,0.2389629629629629,0.0478395061728395,0.2163827160493827,0.5390493827160494,0.0189722222222222,0.4072674897119341,712.3703703703703,127.1358024691358,81.0,72.0
ru,2025-09-29,0.3872881355932203,0.3426016949152542,0.3616525423728814,0.1526694915254237,0.1195169491525423,0.4717542372881356,0.4510508474576271,0.7434152542372882,0.8013389830508474,0.2536101694915254,0.6222881355932203,0.1498050847457627,0.2644915254237288,0.4087881355932203,0.1187118644067796,0.5452881355932203,0.4848728813559321,0.5016525423728814,0.6762033898305086,0.392457627118644,0.7796355932203389,0.6108305084745762,0.4103983050847457,0.3974067796610169,0.2184745762711864,0.1960338983050847,0.0338559322033898,0.1734406779661017,0.4813983050847457,0.0154173728813559,0.3972429378531074,388.5169491525424,67.87288135593221,118.0,101.0
ru,2025-10-06,0.4299122807017544,0.3951929824561404,0.3983157894736842,0.1735964912280701,0.1377982456140351,0.5262017543859648,0.5102894736842105,0.7672105263157895,0.8118333333333334,0.2966315789473684,0.6664736842105264,0.1838508771929825,0.2988333333333333,0.4676315789473684,0.1361666666666666,0.591017543859649,0.5375087719298246,0.5508333333333335,0.7118508771929825,0.4184561403508772,0.8195877192982456,0.6604824561403508,0.4295877192982456,0.4414122807017543,0.2499561403508771,0.2216228070175438,0.0418157894736842,0.1989035087719298,0.5232105263157895,0.0172543859649122,0.4088888888888888,467.14912280701753,82.5,114.0,94.0
ru,2025-10-13,0.4121260504201681,0.3656386554621849,0.3831176470588234,0.1650252100840336,0.1259327731092437,0.5014957983193277,0.4819495798319328,0.7553529411764706,0.8106890756302522,0.2747226890756302,0.6459579831932774,0.1638823529411764,0.2799075630252101,0.444436974789916,0.1250924369747899,0.5704453781512605,0.5127226890756302,0.5302605042016807,0.6947731092436975,0.3992605042016807,0.8032352941176472,0.6394537815126051,0.4176974789915965,0.4166302521008404,0.2310252100840336,0.207890756302521,0.033781512605042,0.1819159663865546,0.5054705882352941,0.0177626050420168,0.4093781512605042,411.30252100840335,73.31932773109244,119.0,99.0
ru,2025-10-20,0.4189117647058824,0.3845441176470588,0.3923897058823529,0.170735294117647,0.1339044117647058,0.5128235294117647,0.5017205882352941,0.7615588235294117,0.8091544117647059,0.2875808823529412,0.6491544117647059,0.1776985294117647,0.2905661764705882,0.4523014705882352,0.1334485294117647,0.5861029411764707,0.5297941176470587,0.5409044117647058,0.7050588235294118,0.4128308823529412,0.8102941176470587,0.6487205882352941,0.4263014705882353,0.4340588235294118,0.2454264705882352,0.2184485294117647,0.0413308823529411,0.1966470588235294,0.5156323529411764,0.01828125,0.4062475490196078,475.4191176470589,83.88970588235294,136.0,113.0
ru,2025-10-27,0.4349383561643836,0.3936095890410959,0.3995616438356165,0.1721232876712329,0.1362534246575342,0.5287191780821918,0.5133561643835617,0.7708082191780823,0.8134931506849314,0.2937808219178082,0.6660205479452055,0.1785684931506849,0.2913493150684931,0.4697465753424657,0.1328561643835616,0.5954931506849315,0.5423424657534246,0.5598356164383562,0.7169452054794521,0.4138082191780822,0.8257739726027398,0.6752534246575342,0.4334657534246575,0.4407876712328767,0.2462808219178082,0.2129109589041095,0.0391232876712328,0.1975342465753424,0.5308356164383561,0.0175719178082191,0.4130776255707762,507.67123287671234,89.86301369863014,146.0,123.0
ru,2025-11-03,0.4582920353982301,0.4248672566371682,0.4228230088495575,0.1900088495575221,0.1503982300884956,0.5500973451327432,0.5401592920353983,0.778646017699115,0.8153893805309734,0.3166725663716814,0.6827168141592921,0.202646017699115,0.3159292035398229,0.4958849557522125,0.153362831858407,0.6160530973451328,0.5665486725663716,0.5758318584070795,0.726991150442478,0.4301858407079645,0.8364070796460177,0.6841061946902655,0.450353982300885,0.4713893805309734,0.2689911504424779,0.2391150442477876,0.0465398230088495,0.2175929203539823,0.5453008849557522,0.02375,0.4151032448377581,614.8761061946902,108.65486725663716,113.0,103.0
ru,2025-11-10,0.4368524590163934,0.3979836065573771,0.4044999999999999,0.175844262295082,0.1390573770491803,0.5294918032786885,0.5125491803278689,0.7640081967213114,0.8110819672131148,0.2980327868852458,0.6654180327868853,0.1864098360655737,0.2994836065573771,0.4725983606557378,0.140327868852459,0.5916311475409837,0.5390081967213115,0.5524672131147542,0.7092950819672131,0.4169590163934425,0.8170983606557377,0.6588606557377049,0.4338032786885246,0.4473524590163934,0.2533360655737705,0.223983606557377,0.0422622950819672,0.2037622950819672,0.5259098360655738,0.0195204918032786,0.4117540983606557,589.9262295081967,104.38524590163937,122.0,107.0
ru,2025-11-17,0.4337868852459017,0.3935819672131148,0.4008852459016394,0.1757049180327868,0.1396311475409836,0.5226885245901639,0.511516393442623,0.763844262295082,0.8089918032786886,0.2975081967213114,0.6562540983606557,0.1850819672131147,0.2975819672131148,0.4670737704918032,0.1408934426229508,0.585983606557377,0.535016393442623,0.5509344262295082,0.7058852459016393,0.4208524590163934,0.809655737704918,0.6536311475409836,0.4398770491803278,0.4441475409836065,0.2512131147540984,0.2335901639344262,0.0441967213114754,0.2024344262295082,0.5210573770491803,0.0198299180327868,0.4082568306010929,564.5,100.86065573770492,122.0,108.0
ru,2025-11-24,0.4465581395348837,0.4043255813953488,0.407062015503876,0.1800930232558139,0.1440387596899224,0.5338294573643411,0.5267829457364341,0.7675116279069767,0.8097596899224806,0.3057519379844961,0.6663798449612403,0.188984496124031,0.3071317829457364,0.4777131782945736,0.142875968992248,0.6011472868217055,0.5483488372093024,0.5582558139534883,0.7136356589147287,0.4274961240310078,0.8211162790697675,0.6683023255813954,0.4426899224806201,0.4568837209302325,0.2568217054263566,0.2434883720930233,0.0451705426356589,0.2109767441860465,0.5373255813953488,0.0205755813953488,0.4104211886304909,658.2868217054264,116.05426356589147,129.0,113.0
ru,2025-12-01,0.4409572649572649,0.4022222222222222,0.405965811965812,0.1791025641025641,0.1418888888888889,0.5357948717948717,0.5215641025641026,0.771042735042735,0.8128888888888889,0.3014871794871795,0.6719914529914529,0.1878461538461538,0.3032222222222223,0.4797692307692308,0.1406923076923076,0.6013247863247863,0.5478034188034189,0.5609743589743591,0.7165811965811966,0.4248034188034187,0.8216239316239315,0.6653333333333334,0.4365641025641026,0.4538888888888888,0.2550512820512821,0.2291025641025641,0.0427606837606837,0.2052735042735043,0.5334017094017095,0.0182200854700854,0.4113817663817664,561.4358974358975,99.64102564102564,117.0,105.0
ru,2025-12-08,0.4268547008547008,0.3874700854700855,0.3935982905982906,0.1725555555555555,0.1347692307692307,0.5195470085470085,0.5046410256410256,0.763897435897436,0.8094957264957264,0.2895470085470085,0.6587179487179486,0.1763675213675213,0.2950427350427351,0.4589145299145299,0.1328461538461538,0.5838290598290597,0.5331794871794873,0.5458547008547008,0.7067692307692307,0.4064871794871796,0.8138376068376068,0.6561538461538462,0.4235042735042735,0.4322222222222222,0.244034188034188,0.2163589743589743,0.0402478632478632,0.1963076923076923,0.5206752136752137,0.0179615384615384,0.4085470085470085,535.017094017094,93.98290598290598,117.0,102.0
ru,2025-12-15,0.4048173076923076,0.363201923076923,0.3830576923076923,0.1631442307692307,0.1258846153846154,0.4975384615384615,0.4739230769230769,0.7481634615384615,0.8056442307692306,0.2718365384615385,0.6317019230769231,0.1634615384615384,0.2747596153846153,0.4360096153846154,0.1261442307692308,0.5634134615384616,0.5017884615384616,0.5216442307692308,0.6817884615384616,0.4034519230769231,0.7944423076923077,0.6293846153846154,0.4151057692307691,0.4091634615384615,0.2305096153846153,0.212125,0.0362115384615384,0.1816538461538461,0.4963173076923077,0.0168437499999999,0.4052884615384614,422.21153846153845,75.38461538461539,104.0,84.0
ru,2025-12-22,0.4502483146067416,0.4207775280898876,0.4192629213483146,0.1865617977528089,0.1461876404494382,0.5472370786516854,0.5354674157303371,0.7734842696629213,0.8144101123595506,0.315523595505618,0.6669078651685393,0.2027865168539326,0.3142078651685393,0.4926977528089887,0.1502213483146067,0.6089662921348314,0.558152808988764,0.5655966292134831,0.7153033707865168,0.4280696629213483,0.8262292134831462,0.675741573033708,0.4449033707865168,0.4633314606741573,0.2677629213483146,0.2372247191011235,0.0474932584269662,0.216314606741573,0.5403280898876405,0.0225002808988764,0.4151194756554307,648.943820224719,114.62921348314607,89.0,77.0
ru,2025-12-29,0.4287578947368421,0.3897052631578947,0.3948,0.1710105263157895,0.1377578947368421,0.5162526315789474,0.503821052631579,0.7576421052631579,0.8057368421052632,0.2914631578947368,0.6512105263157895,0.1823684210526315,0.2964105263157894,0.4621157894736841,0.1364736842105263,0.5823578947368421,0.5321789473684211,0.5431368421052631,0.7019263157894736,0.4147473684210526,0.8036210526315789,0.6514,0.4363789473684211,0.439378947368421,0.2479894736842105,0.2194736842105263,0.0424842105263157,0.2004315789473684,0.5186631578947368,0.0190631578947368,0.405340350877193,532.9684210526316,92.12631578947368,95.0,83.0
ru,2026-01-05,0.4707478260869565,0.4381478260869564,0.4363478260869564,0.1966,0.1555304347826087,0.5673826086956523,0.5598782608695652,0.7892260869565217,0.8190782608695651,0.3294,0.6937391304347826,0.2119304347826087,0.3247913043478261,0.5153565217391305,0.1568521739130435,0.6304521739130435,0.582,0.5919652173913043,0.7373999999999999,0.4401565217391304,0.8492956521739131,0.6957826086956522,0.4636,0.4820434782608696,0.2791217391304348,0.2543565217391304,0.0489652173913043,0.2265652173913043,0.5599304347826086,0.0240043478260869,0.4198608695652174,673.408695652174,116.1391304347826,115.0,101.0
ru,2026-01-12,0.4202549019607843,0.3799509803921569,0.3849117647058823,0.1704019607843137,0.133235294117647,0.5129313725490195,0.4965882352941176,0.7601470588235294,0.8079509803921568,0.280421568627451,0.6499803921568628,0.1738823529411764,0.2874117647058823,0.4483725490196077,0.1328431372549019,0.5739803921568628,0.5259117647058824,0.5365980392156863,0.7037352941176471,0.410029411764706,0.8120098039215686,0.6516372549019608,0.4234019607843137,0.4353431372549019,0.2420882352941176,0.2111960784313725,0.0403431372549019,0.1915588235294117,0.514078431372549,0.0157965686274509,0.4044705882352941,495.3921568627451,86.29411764705883,102.0,93.0
ru,2026-01-19,0.4371889763779527,0.3974960629921259,0.4053464566929133,0.176267716535433,0.1414645669291338,0.5295511811023622,0.5177637795275589,0.7770472440944882,0.810779527559055,0.2974803149606299,0.6592677165354331,0.1871417322834645,0.2998661417322835,0.4737952755905513,0.1411102362204724,0.5938188976377953,0.5417874015748033,0.5567795275590551,0.7139055118110237,0.4226456692913387,0.8220078740157482,0.6641102362204724,0.4437716535433071,0.4484960629921259,0.2563543307086613,0.2263858267716536,0.0437322834645669,0.2057086614173228,0.5291102362204725,0.0185669291338582,0.4096404199475066,652.6220472440945,114.84251968503936,127.0,102.0
ru,2026-01-26,0.446365158178465,0.4078868633848773,0.413270463895588,0.1854916300184423,0.1455910058164278,0.5437738686338488,0.5312099588594128,0.7774282167683357,0.8123413959426871,0.308403887076181,0.6745281600226983,0.1969282167683359,0.305616966945666,0.4872078308979997,0.1423126684636118,0.6079765924244573,0.5494421903816145,0.5746323591998864,0.7170475954036033,0.4230239040998723,0.8327343594836147,0.6736451269683644,0.4448092637253511,0.4587791176053341,0.2599120442615973,0.236561001560505,0.0471293091218612,0.2077871329266562,0.5395219889346006,0.0185710916442048,0.4117346668558189,644.3018867924528,112.97169811320757,106.0,97.0
ru,2026-02-02,0.4390091743119266,0.3925045871559633,0.4000366972477064,0.1761376146788991,0.1385137614678899,0.5288715596330275,0.5094587155963302,0.7696697247706422,0.8116605504587157,0.292788990825688,0.6680275229357798,0.1805229357798165,0.2995779816513761,0.4682477064220183,0.1342018348623853,0.5892844036697248,0.5379082568807338,0.5470642201834862,0.708605504587156,0.4123669724770642,0.8207614678899082,0.6641743119266056,0.4382935779816514,0.4471100917431193,0.2492568807339449,0.2158990825688073,0.0423394495412844,0.2030091743119266,0.5275045871559633,0.0182293577981651,0.4117217125382262,564.5321100917431,99.04587155963304,109.0,91.0
ru,2026-02-09,0.4638165554881747,0.4430914695775217,0.4388371235091974,0.1989025672124519,0.1552600565999596,0.5669459773600161,0.5555726703052355,0.7825299171214878,0.8145589751364464,0.3317911360420457,0.6910411360420458,0.2121049120679199,0.3214944916110774,0.5107956842530826,0.1555128865979381,0.6282825449767536,0.57076980998585,0.5833661309884779,0.7315486658580957,0.4394396604002425,0.8428907418637558,0.6867156357388317,0.4566050636749545,0.4762524762482313,0.2767092682433798,0.2528824034768546,0.049525975338589,0.2244694259146957,0.5569514857489387,0.0250589119668485,0.4171441614446466,686.5670103092783,120.55670103092784,97.0,83.0
ru,2026-02-16,0.4798504748338081,0.4497302943969611,0.4393503798670465,0.2011997150997151,0.1589436847103513,0.5759438271604937,0.5636843304843305,0.7929343779677114,0.8218160968660968,0.3356424501424501,0.7035068850902184,0.2192943969610636,0.3276591168091168,0.5236874643874644,0.1584052231718898,0.6357622032288698,0.5850367046533713,0.5948917853751186,0.7384496201329535,0.4355145773979107,0.8565838081671413,0.7047128679962014,0.4635012345679012,0.4949878917378917,0.2849413105413105,0.2465639601139601,0.0556981956315289,0.2302457739791073,0.5650423551756885,0.0250889601139601,0.4213952991452991,703.5092592592592,123.02777777777776,108.0,89.0
ru,2026-02-23,0.4193539019963702,0.3837600120992135,0.3863988505747127,0.1685919540229885,0.1361366001209921,0.5075750756200847,0.4948333938294011,0.7416064730792499,0.8061113732607381,0.2955355111917725,0.6239854204476709,0.1853563218390804,0.2890870538415003,0.4493800362976407,0.1352905626134301,0.5693860254083485,0.5119390804597701,0.5295656382335149,0.6770078039927405,0.4173851784633999,0.7814973381730188,0.6320245614035088,0.4216929219600726,0.4235728977616455,0.2515892316999395,0.224668300060496,0.0452050816696914,0.202598245614035,0.5088554748941319,0.0176703418027828,0.4011514418229481,609.5172413793103,106.58620689655172,87.0,68.0
ru,2026-03-02,0.4498180952380952,0.4200409523809523,0.4195647619047619,0.1996657142857142,0.14992,0.5389657142857144,0.5289838095238095,0.7665571428571428,0.8098238095238095,0.3231342857142857,0.6740371428571428,0.2039504761904761,0.3147990476190477,0.4904971428571428,0.1476866666666666,0.5996609523809524,0.5442133333333333,0.5568285714285715,0.7115085714285715,0.4338904761904762,0.8101904761904762,0.6642990476190477,0.448312380952381,0.4611457142857143,0.2663695238095238,0.243847619047619,0.076267619047619,0.2239552380952381,0.5405352380952381,0.0278295238095238,0.4098155555555555,757.0266666666666,134.72,75.0,66.0
ru,2026-03-09,0.4759571969696969,0.4375005050505051,0.4310488636363636,0.193344696969697,0.150602904040404,0.5599988636363636,0.5541027777777778,0.7898926767676766,0.8188181818181818,0.331970202020202,0.686883712121212,0.2025362373737373,0.3259790404040403,0.515520202020202,0.1471215909090909,0.6241390151515152,0.5714933080808082,0.5837689393939395,0.7311486111111112,0.4280753787878788,0.8474443181818182,0.6934989898989898,0.4609704545454545,0.4730059343434343,0.268858207070707,0.2422313131313131,0.046290909090909,0.2194444444444444,0.5595933080808082,0.0291619318181818,0.4246718434343434,637.9090909090909,110.71212121212122,66.0,62.0
ru,2026-03-16,0.4182888888888889,0.377111111111111,0.3851,0.1693777777777777,0.1330999999999999,0.5042777777777777,0.4915666666666666,0.7544222222222222,0.8069222222222223,0.2861222222222223,0.6442222222222223,0.1742444444444444,0.2889222222222222,0.4440555555555556,0.1337666666666666,0.5736555555555556,0.5194,0.5324666666666668,0.6957222222222221,0.4058777777777777,0.8012444444444444,0.6454111111111112,0.4241333333333333,0.4245777777777778,0.2428555555555555,0.2120111111111111,0.0419444444444444,0.1969444444444444,0.5096555555555556,0.0187805555555555,0.4036703703703704,509.75555555555553,87.55555555555556,90.0,77.0
ru,2026-03-23,0.4288142857142857,0.3911857142857142,0.3987428571428571,0.1799571428571428,0.1406142857142857,0.5259571428571429,0.5148,0.7644428571428571,0.8092,0.2940428571428572,0.6622428571428571,0.1830857142857143,0.2915571428571428,0.4652857142857143,0.1400428571428571,0.5923285714285715,0.5323142857142857,0.5680999999999999,0.7100000000000001,0.4154142857142857,0.8215142857142858,0.6612,0.4379857142857142,0.4446714285714285,0.2516571428571428,0.2321142857142857,0.0414714285714285,0.2029571428571428,0.5228142857142858,0.0163892857142857,0.4049714285714285,502.1857142857143,87.47142857142858,70.0,64.0
ru,2026-03-30,0.4384062500000001,0.3893169642857142,0.4068839285714285,0.1835178571428571,0.1379620535714285,0.5208415178571428,0.4994375,0.7659575892857142,0.8122589285714286,0.2939665178571428,0.6588169642857142,0.1816450892857142,0.2965066964285713,0.4699107142857143,0.1360424107142857,0.58746875,0.524921875,0.5364598214285715,0.7024508928571429,0.4104464285714285,0.8122745535714286,0.6665,0.4346562499999999,0.4420915178571428,0.2470424107142857,0.2189888392857143,0.0427254464285714,0.2004866071428571,0.5232678571428571,0.0251294642857142,0.4145543154761905,586.34375,102.515625,64.0,61.0
ru,2026-04-06,0.4125,0.3755361305361305,0.390981351981352,0.1691806526806527,0.132513986013986,0.5080862470862471,0.4912878787878787,0.747632867132867,0.8065547785547785,0.2788811188811189,0.6429510489510489,0.1699405594405594,0.281027972027972,0.4459755244755244,0.1341060606060606,0.575986013986014,0.513932400932401,0.5379300699300699,0.6918205128205127,0.4075244755244755,0.7994219114219113,0.6352808857808858,0.4203496503496504,0.429997668997669,0.2389312354312354,0.2233310023310023,0.0372960372960372,0.1898286713286713,0.5081398601398602,0.0167494172494172,0.4041647241647241,492.3333333333333,88.22727272727273,66.0,56.0
ru,2026-04-13,0.4058504273504273,0.3638226495726496,0.381534188034188,0.1665042735042735,0.1250235042735042,0.5013012820512821,0.4806901709401709,0.7598311965811966,0.8068418803418803,0.2681517094017094,0.635568376068376,0.1586346153846153,0.2723632478632479,0.4303311965811965,0.1224679487179487,0.5689893162393164,0.5035619658119659,0.526638888888889,0.6830363247863247,0.408482905982906,0.802948717948718,0.6339145299145299,0.4186495726495726,0.4077905982905983,0.2281388888888889,0.2014038461538461,0.0332863247863247,0.177326923076923,0.4994978632478632,0.0162654914529914,0.4063853276353276,498.1538461538461,89.58974358974359,78.0,71.0
ru,2026-04-20,0.4306899350649351,0.401163961038961,0.401913961038961,0.1774837662337662,0.1409788961038961,0.535,0.5205876623376624,0.7621136363636364,0.8098636363636365,0.2995860389610389,0.6681152597402596,0.1863685064935065,0.3024237012987013,0.4788181818181818,0.1414172077922078,0.5963441558441559,0.5442353896103895,0.5627613636363636,0.7159642857142857,0.4197727272727272,0.820887987012987,0.6672224025974026,0.4320048701298701,0.4493344155844155,0.2527110389610389,0.2247175324675324,0.0414188311688311,0.2043181818181818,0.5321525974025975,0.0148234577922077,0.4065102813852814,423.4415584415584,75.3896103896104,77.0,63.0
ru,2026-04-27,0.4480754504504505,0.4092184684684685,0.416509009009009,0.1863141891891891,0.1441722972972972,0.5411768018018018,0.5277815315315315,0.7791092342342342,0.8103772522522522,0.3117207207207207,0.6835934684684684,0.1936903153153152,0.3083896396396396,0.4851756756756757,0.1402635135135135,0.6073063063063063,0.5470630630630632,0.5711385135135135,0.725981981981982,0.4243164414414415,0.8257286036036038,0.6626734234234233,0.4461531531531532,0.4580213963963965,0.261626126126126,0.2345551801801801,0.0490078828828828,0.2135686936936936,0.5407387387387387,0.0223547297297297,0.4141482732732733,670.4324324324324,118.12162162162164,74.0,64.0
ru,2026-05-04,0.4520724637681159,0.4195507246376811,0.4239710144927536,0.1904347826086956,0.1518405797101449,0.5543623188405797,0.5421159420289854,0.7769565217391304,0.8166086956521739,0.3168985507246377,0.6810724637681158,0.1946376811594203,0.3179420289855073,0.4963768115942029,0.1505797101449275,0.6122608695652173,0.559072463768116,0.5740000000000001,0.7256231884057971,0.4355072463768115,0.8343913043478259,0.6793913043478262,0.4472898550724637,0.4696956521739131,0.2689565217391304,0.2498695652173913,0.0450869565217391,0.2144057971014492,0.5444347826086956,0.0184057971014492,0.4123768115942029,714.927536231884,128.2608695652174,69.0,63.0
ru,2026-05-11,0.4375,0.4025375939849624,0.4110676691729323,0.1810507518796992,0.1428157894736842,0.5353928571428572,0.5159887218045113,0.7724285714285714,0.8071015037593985,0.3026654135338346,0.6595921052631578,0.1862913533834586,0.296625939849624,0.4875093984962406,0.1364154135338345,0.5971033834586466,0.5396635338345865,0.5594699248120301,0.7098082706766917,0.425656015037594,0.8236296992481204,0.6720808270676691,0.4478721804511278,0.4501278195488721,0.2538890977443609,0.2234041353383458,0.0446372180451127,0.2048853383458646,0.5328045112781955,0.0189346804511278,0.4090739348370927,552.6184210526316,98.26315789473684,76.0,67.0
ru,2026-05-18,0.4317121212121212,0.3922727272727273,0.3976969696969696,0.1804848484848485,0.1461969696969697,0.5252272727272728,0.5075909090909091,0.7698939393939395,0.8021666666666666,0.2931818181818182,0.6502878787878787,0.1815,0.294030303030303,0.4617121212121212,0.1375454545454545,0.5802272727272727,0.5226666666666667,0.5539848484848485,0.6825909090909091,0.4209696969696969,0.8071818181818182,0.6422727272727273,0.4341212121212121,0.4418333333333333,0.2485454545454545,0.2369393939393939,0.0530454545454545,0.1992424242424242,0.5220909090909092,0.0148295454545454,0.3976616161616162,613.1969696969697,110.1060606060606,66.0,59.0
ru,2026-05-25,0.4439585253456221,0.4039539170506912,0.4262073732718893,0.1823341013824884,0.139516129032258,0.5383041474654378,0.5225161290322581,0.7761751152073733,0.8082188940092165,0.3009654377880184,0.6754032258064516,0.1895645161290322,0.2957880184331797,0.4783110599078342,0.1400276497695853,0.6034009216589861,0.5346889400921658,0.56986866359447,0.6974700460829493,0.4179124423963133,0.827463133640553,0.669357142857143,0.4461359447004608,0.4537188940092165,0.2532834101382488,0.2233248847926267,0.0400023041474654,0.1991520737327189,0.5296497695852536,0.0252033410138248,0.4199454685099847,561.4032258064516,102.0,62.0,57.0
ru,2026-06-01,0.45115,0.3834159090909091,0.3931181818181818,0.1818772727272727,0.1336090909090909,0.5131136363636364,0.4992636363636364,0.7564386363636363,0.8169340909090909,0.2934863636363636,0.6315977272727271,0.181565909090909,0.2816454545454545,0.4600022727272728,0.1329568181818182,0.5874886363636364,0.525090909090909,0.5501136363636363,0.6862318181818182,0.4013795454545455,0.8016954545454547,0.6405318181818181,0.4375340909090908,0.4281977272727272,0.2455249999999999,0.2159068181818182,0.0403568181818181,0.1983568181818182,0.5255704545454546,0.0290289772727272,0.420125,482.95454545454544,85.9090909090909,88.0,50.0
ru,2026-06-08,0.4547424242424242,0.4185454545454545,0.4240454545454544,0.1873939393939394,0.1485151515151515,0.549530303030303,0.533060606060606,0.7853939393939394,0.813560606060606,0.3050454545454545,0.6886818181818182,0.1918030303030302,0.3100151515151514,0.4923787878787878,0.1466969696969697,0.6167575757575758,0.5587272727272727,0.5612272727272727,0.729909090909091,0.4284393939393939,0.8390757575757575,0.6862878787878788,0.4523636363636363,0.4718030303030303,0.2581666666666667,0.2277575757575757,0.0466363636363636,0.2069696969696969,0.5430757575757577,0.0221590909090909,0.41560101010101,517.2575757575758,90.9090909090909,66.0,45.0
ru,2026-06-15,0.4828679245283018,0.429188679245283,0.4357547169811321,0.1966981132075471,0.1493396226415094,0.5658867924528301,0.5502830188679246,0.7922264150943397,0.8177735849056603,0.3252075471698113,0.6954716981132075,0.2076415094339622,0.3086981132075472,0.4966037735849056,0.1473396226415094,0.6180377358490566,0.5555471698113207,0.5871320754716982,0.7081698113207547,0.429622641509434,0.841622641509434,0.7028490566037735,0.4876037735849056,0.4644339622641509,0.2714716981132075,0.2337358490566037,0.0468679245283018,0.2242452830188679,0.5555094339622642,0.0285141509433962,0.4294591194968553,599.9622641509434,107.43396226415096,53.0,39.0
ru,2026-06-22,0.4300612244897959,0.3968775510204081,0.4155918367346939,0.1806938775510204,0.1465714285714285,0.5345918367346939,0.5195714285714287,0.7608979591836733,0.7905102040816328,0.3036122448979592,0.658530612244898,0.1885918367346939,0.2957755102040816,0.4811632653061224,0.1399591836734694,0.5970408163265305,0.5341020408163266,0.5507142857142858,0.7057142857142856,0.412734693877551,0.8239795918367347,0.6594081632653062,0.4536530612244898,0.454795918367347,0.255734693877551,0.2303673469387755,0.0461836734693877,0.2095306122448979,0.5317755102040818,0.0152244897959183,0.3988163265306123,573.3673469387755,98.95918367346938,49.0,38.0
ru,2026-06-29,0.4757333333333333,0.4500666666666666,0.4453666666666666,0.1954,0.1675,0.5866,0.5856333333333333,0.7963666666666666,0.8115,0.3446666666666667,0.6814333333333332,0.2460666666666666,0.336,0.5312666666666667,0.1580666666666667,0.6384333333333334,0.5895666666666667,0.5950333333333333,0.7555666666666667,0.4749333333333334,0.8537,0.7100333333333333,0.4691,0.4889333333333334,0.2916666666666667,0.2744333333333333,0.0532666666666666,0.2350999999999999,0.5731333333333333,0.0145916666666666,0.4100333333333334,1069.6666666666667,192.4,30.0,24.0
ru,2026-07-06,0.4703076923076922,0.4150384615384614,0.4577692307692308,0.2021923076923076,0.1307307692307692,0.5335,0.5046538461538461,0.7816923076923078,0.8135000000000001,0.3035384615384616,0.7015384615384617,0.1819230769230769,0.2956923076923077,0.4713076923076923,0.1307307692307692,0.6087692307692308,0.5351538461538461,0.5497307692307692,0.7345384615384615,0.4031923076923077,0.8200000000000001,0.650423076923077,0.4424230769230769,0.4772307692307693,0.2354230769230769,0.2272307692307692,0.0444615384615384,0.2025384615384615,0.5342692307692307,0.0542115384615384,0.4497948717948717,534.0769230769231,95.6923076923077,26.0,23.0
