lang,date,n_dreams,n_users,fear_mean,anger_mean,sadness_mean,disgust_mean,joy_mean,trust_mean,anticipation_mean,surprise_mean,danger_mean,weapon_mean,family_mean,flying_mean,animal_mean,health_mean,swimming_mean,place_house_mean,place_nature_mean,indoors_mean,outdoors_mean,romantic_mean,social_mean,friend_mean,stranger_mean,situation_childhood_mean,game_mean,music_mean,food_mean,object_inanimate_mean,object_animate_mean,negativity_mean,nightmare_index_mean,textlen_mean,words_mean
all,2023-01-20,1.0,1.0,,,,,,,,,,,,,,,,,,,,,,,,,,,,,,,,,
all,2023-04-15,1.0,1.0,,,,,,,,,,,,,,,,,,,,,,,,,,,,,,,,,
all,2023-05-08,1.0,1.0,,,,,,,,,,,,,,,,,,,,,,,,,,,,,,,,,
all,2023-05-09,1.0,1.0,,,,,,,,,,,,,,,,,,,,,,,,,,,,,,,,,
all,2023-06-26,1.0,1.0,,,,,,,,,,,,,,,,,,,,,,,,,,,,,,,,,
all,2023-07-12,1.0,1.0,,,,,,,,,,,,,,,,,,,,,,,,,,,,,,,,,
all,2023-07-22,1.0,1.0,,,,,,,,,,,,,,,,,,,,,,,,,,,,,,,,,
all,2023-08-01,1.0,1.0,,,,,,,,,,,,,,,,,,,,,,,,,,,,,,,,,
all,2023-08-14,1.0,1.0,,,,,,,,,,,,,,,,,,,,,,,,,,,,,,,,,
all,2023-09-14,1.0,1.0,,,,,,,,,,,,,,,,,,,,,,,,,,,,,,,,,
all,2023-09-23,1.0,1.0,,,,,,,,,,,,,,,,,,,,,,,,,,,,,,,,,
all,2023-09-25,2.0,1.0,,,,,,,,,,,,,,,,,,,,,,,,,,,,,,,,,
all,2023-09-28,2.0,2.0,,,,,,,,,,,,,,,,,,,,,,,,,,,,,,,,,
all,2023-10-02,1.0,1.0,,,,,,,,,,,,,,,,,,,,,,,,,,,,,,,,,
all,2023-10-03,1.0,1.0,,,,,,,,,,,,,,,,,,,,,,,,,,,,,,,,,
all,2023-10-05,5.0,3.0,,,,,,,,,,,,,,,,,,,,,,,,,,,,,,,,,
all,2023-10-06,1.0,1.0,,,,,,,,,,,,,,,,,,,,,,,,,,,,,,,,,
all,2023-10-07,1.0,1.0,,,,,,,,,,,,,,,,,,,,,,,,,,,,,,,,,
all,2023-10-08,1.0,1.0,,,,,,,,,,,,,,,,,,,,,,,,,,,,,,,,,
all,2023-10-09,1.0,1.0,,,,,,,,,,,,,,,,,,,,,,,,,,,,,,,,,
all,2023-10-10,2.0,2.0,,,,,,,,,,,,,,,,,,,,,,,,,,,,,,,,,
all,2023-10-11,6.0,4.0,,,,,,,,,,,,,,,,,,,,,,,,,,,,,,,,,
all,2023-10-13,7.0,5.0,,,,,,,,,,,,,,,,,,,,,,,,,,,,,,,,,
all,2023-10-14,2.0,2.0,,,,,,,,,,,,,,,,,,,,,,,,,,,,,,,,,
all,2023-10-15,1.0,1.0,,,,,,,,,,,,,,,,,,,,,,,,,,,,,,,,,
all,2023-10-16,4.0,4.0,,,,,,,,,,,,,,,,,,,,,,,,,,,,,,,,,
all,2023-10-17,1.0,1.0,,,,,,,,,,,,,,,,,,,,,,,,,,,,,,,,,
all,2023-10-18,3.0,2.0,,,,,,,,,,,,,,,,,,,,,,,,,,,,,,,,,
all,2023-10-19,1.0,1.0,,,,,,,,,,,,,,,,,,,,,,,,,,,,,,,,,
all,2023-10-20,1.0,1.0,,,,,,,,,,,,,,,,,,,,,,,,,,,,,,,,,
all,2023-10-21,4.0,3.0,,,,,,,,,,,,,,,,,,,,,,,,,,,,,,,,,
all,2023-10-22,2.0,2.0,,,,,,,,,,,,,,,,,,,,,,,,,,,,,,,,,
all,2023-10-23,1.0,1.0,,,,,,,,,,,,,,,,,,,,,,,,,,,,,,,,,
all,2023-10-24,2.0,1.0,,,,,,,,,,,,,,,,,,,,,,,,,,,,,,,,,
all,2023-10-25,2.0,2.0,,,,,,,,,,,,,,,,,,,,,,,,,,,,,,,,,
all,2023-10-26,3.0,3.0,,,,,,,,,,,,,,,,,,,,,,,,,,,,,,,,,
all,2023-10-27,1.0,1.0,,,,,,,,,,,,,,,,,,,,,,,,,,,,,,,,,
all,2023-10-28,2.0,2.0,,,,,,,,,,,,,,,,,,,,,,,,,,,,,,,,,
all,2023-10-29,3.0,2.0,,,,,,,,,,,,,,,,,,,,,,,,,,,,,,,,,
all,2023-10-30,2.0,2.0,,,,,,,,,,,,,,,,,,,,,,,,,,,,,,,,,
all,2023-10-31,1.0,1.0,,,,,,,,,,,,,,,,,,,,,,,,,,,,,,,,,
all,2023-11-01,2.0,1.0,,,,,,,,,,,,,,,,,,,,,,,,,,,,,,,,,
all,2023-11-02,3.0,2.0,,,,,,,,,,,,,,,,,,,,,,,,,,,,,,,,,
all,2023-11-03,2.0,2.0,,,,,,,,,,,,,,,,,,,,,,,,,,,,,,,,,
all,2023-11-04,1.0,1.0,,,,,,,,,,,,,,,,,,,,,,,,,,,,,,,,,
all,2023-11-05,1.0,1.0,,,,,,,,,,,,,,,,,,,,,,,,,,,,,,,,,
all,2023-11-06,1.0,1.0,,,,,,,,,,,,,,,,,,,,,,,,,,,,,,,,,
all,2023-11-07,2.0,2.0,,,,,,,,,,,,,,,,,,,,,,,,,,,,,,,,,
all,2023-11-08,5.0,5.0,,,,,,,,,,,,,,,,,,,,,,,,,,,,,,,,,
all,2023-11-09,3.0,3.0,,,,,,,,,,,,,,,,,,,,,,,,,,,,,,,,,
all,2023-11-10,3.0,3.0,,,,,,,,,,,,,,,,,,,,,,,,,,,,,,,,,
all,2023-11-11,4.0,3.0,,,,,,,,,,,,,,,,,,,,,,,,,,,,,,,,,
all,2023-11-12,6.0,4.0,,,,,,,,,,,,,,,,,,,,,,,,,,,,,,,,,
all,2023-11-13,4.0,3.0,,,,,,,,,,,,,,,,,,,,,,,,,,,,,,,,,
all,2023-11-14,2.0,2.0,,,,,,,,,,,,,,,,,,,,,,,,,,,,,,,,,
all,2023-11-15,2.0,2.0,,,,,,,,,,,,,,,,,,,,,,,,,,,,,,,,,
all,2023-11-16,4.0,3.0,,,,,,,,,,,,,,,,,,,,,,,,,,,,,,,,,
all,2023-11-17,4.0,3.0,,,,,,,,,,,,,,,,,,,,,,,,,,,,,,,,,
all,2023-11-18,2.0,1.0,,,,,,,,,,,,,,,,,,,,,,,,,,,,,,,,,
all,2023-11-19,1.0,1.0,,,,,,,,,,,,,,,,,,,,,,,,,,,,,,,,,
all,2023-11-20,5.0,5.0,,,,,,,,,,,,,,,,,,,,,,,,,,,,,,,,,
all,2023-11-21,4.0,4.0,,,,,,,,,,,,,,,,,,,,,,,,,,,,,,,,,
all,2023-11-22,3.0,3.0,,,,,,,,,,,,,,,,,,,,,,,,,,,,,,,,,
all,2023-11-23,4.0,4.0,,,,,,,,,,,,,,,,,,,,,,,,,,,,,,,,,
all,2023-11-24,3.0,2.0,,,,,,,,,,,,,,,,,,,,,,,,,,,,,,,,,
all,2023-11-25,3.0,3.0,,,,,,,,,,,,,,,,,,,,,,,,,,,,,,,,,
all,2023-11-26,4.0,3.0,,,,,,,,,,,,,,,,,,,,,,,,,,,,,,,,,
all,2023-11-27,3.0,3.0,,,,,,,,,,,,,,,,,,,,,,,,,,,,,,,,,
all,2023-11-28,2.0,2.0,,,,,,,,,,,,,,,,,,,,,,,,,,,,,,,,,
all,2023-11-29,3.0,2.0,,,,,,,,,,,,,,,,,,,,,,,,,,,,,,,,,
all,2023-11-30,4.0,4.0,,,,,,,,,,,,,,,,,,,,,,,,,,,,,,,,,
all,2023-12-01,8.0,5.0,,,,,,,,,,,,,,,,,,,,,,,,,,,,,,,,,
all,2023-12-02,4.0,4.0,,,,,,,,,,,,,,,,,,,,,,,,,,,,,,,,,
all,2023-12-03,6.0,4.0,,,,,,,,,,,,,,,,,,,,,,,,,,,,,,,,,
all,2023-12-04,3.0,3.0,,,,,,,,,,,,,,,,,,,,,,,,,,,,,,,,,
all,2023-12-05,7.0,6.0,,,,,,,,,,,,,,,,,,,,,,,,,,,,,,,,,
all,2023-12-06,7.0,6.0,,,,,,,,,,,,,,,,,,,,,,,,,,,,,,,,,
all,2023-12-07,5.0,4.0,,,,,,,,,,,,,,,,,,,,,,,,,,,,,,,,,
all,2023-12-08,3.0,3.0,,,,,,,,,,,,,,,,,,,,,,,,,,,,,,,,,
all,2023-12-09,3.0,3.0,,,,,,,,,,,,,,,,,,,,,,,,,,,,,,,,,
all,2023-12-10,4.0,4.0,,,,,,,,,,,,,,,,,,,,,,,,,,,,,,,,,
all,2023-12-11,5.0,3.0,,,,,,,,,,,,,,,,,,,,,,,,,,,,,,,,,
all,2023-12-12,4.0,3.0,,,,,,,,,,,,,,,,,,,,,,,,,,,,,,,,,
all,2023-12-13,4.0,3.0,,,,,,,,,,,,,,,,,,,,,,,,,,,,,,,,,
all,2023-12-14,2.0,2.0,,,,,,,,,,,,,,,,,,,,,,,,,,,,,,,,,
all,2023-12-15,2.0,2.0,,,,,,,,,,,,,,,,,,,,,,,,,,,,,,,,,
all,2023-12-16,2.0,2.0,,,,,,,,,,,,,,,,,,,,,,,,,,,,,,,,,
all,2023-12-17,1.0,1.0,,,,,,,,,,,,,,,,,,,,,,,,,,,,,,,,,
all,2023-12-18,1.0,1.0,,,,,,,,,,,,,,,,,,,,,,,,,,,,,,,,,
all,2023-12-19,2.0,2.0,,,,,,,,,,,,,,,,,,,,,,,,,,,,,,,,,
all,2023-12-20,5.0,4.0,,,,,,,,,,,,,,,,,,,,,,,,,,,,,,,,,
all,2023-12-21,1.0,1.0,,,,,,,,,,,,,,,,,,,,,,,,,,,,,,,,,
all,2023-12-22,1.0,1.0,,,,,,,,,,,,,,,,,,,,,,,,,,,,,,,,,
all,2023-12-23,2.0,2.0,,,,,,,,,,,,,,,,,,,,,,,,,,,,,,,,,
all,2023-12-24,1.0,1.0,,,,,,,,,,,,,,,,,,,,,,,,,,,,,,,,,
all,2023-12-25,2.0,2.0,,,,,,,,,,,,,,,,,,,,,,,,,,,,,,,,,
all,2023-12-26,5.0,3.0,,,,,,,,,,,,,,,,,,,,,,,,,,,,,,,,,
all,2023-12-27,4.0,4.0,,,,,,,,,,,,,,,,,,,,,,,,,,,,,,,,,
all,2023-12-28,3.0,1.0,,,,,,,,,,,,,,,,,,,,,,,,,,,,,,,,,
all,2023-12-29,3.0,3.0,,,,,,,,,,,,,,,,,,,,,,,,,,,,,,,,,
all,2023-12-30,1.0,1.0,,,,,,,,,,,,,,,,,,,,,,,,,,,,,,,,,
all,2023-12-31,1.0,1.0,,,,,,,,,,,,,,,,,,,,,,,,,,,,,,,,,
all,2024-01-01,2.0,1.0,,,,,,,,,,,,,,,,,,,,,,,,,,,,,,,,,
all,2024-01-02,2.0,2.0,,,,,,,,,,,,,,,,,,,,,,,,,,,,,,,,,
all,2024-01-03,2.0,2.0,,,,,,,,,,,,,,,,,,,,,,,,,,,,,,,,,
all,2024-01-04,5.0,5.0,,,,,,,,,,,,,,,,,,,,,,,,,,,,,,,,,
all,2024-01-05,1.0,1.0,,,,,,,,,,,,,,,,,,,,,,,,,,,,,,,,,
all,2024-01-07,2.0,2.0,,,,,,,,,,,,,,,,,,,,,,,,,,,,,,,,,
all,2024-01-08,5.0,3.0,,,,,,,,,,,,,,,,,,,,,,,,,,,,,,,,,
all,2024-01-09,2.0,2.0,,,,,,,,,,,,,,,,,,,,,,,,,,,,,,,,,
all,2024-01-10,4.0,3.0,,,,,,,,,,,,,,,,,,,,,,,,,,,,,,,,,
all,2024-01-11,3.0,2.0,,,,,,,,,,,,,,,,,,,,,,,,,,,,,,,,,
all,2024-01-12,1.0,1.0,,,,,,,,,,,,,,,,,,,,,,,,,,,,,,,,,
all,2024-01-13,4.0,4.0,,,,,,,,,,,,,,,,,,,,,,,,,,,,,,,,,
all,2024-01-14,3.0,3.0,,,,,,,,,,,,,,,,,,,,,,,,,,,,,,,,,
all,2024-01-15,3.0,2.0,,,,,,,,,,,,,,,,,,,,,,,,,,,,,,,,,
all,2024-01-16,3.0,3.0,,,,,,,,,,,,,,,,,,,,,,,,,,,,,,,,,
all,2024-01-17,5.0,3.0,,,,,,,,,,,,,,,,,,,,,,,,,,,,,,,,,
all,2024-01-19,5.0,5.0,,,,,,,,,,,,,,,,,,,,,,,,,,,,,,,,,
all,2024-01-20,3.0,3.0,,,,,,,,,,,,,,,,,,,,,,,,,,,,,,,,,
all,2024-01-21,4.0,4.0,,,,,,,,,,,,,,,,,,,,,,,,,,,,,,,,,
all,2024-01-22,5.0,3.0,,,,,,,,,,,,,,,,,,,,,,,,,,,,,,,,,
all,2024-01-23,6.0,4.0,,,,,,,,,,,,,,,,,,,,,,,,,,,,,,,,,
all,2024-01-24,6.0,5.0,,,,,,,,,,,,,,,,,,,,,,,,,,,,,,,,,
all,2024-01-25,2.0,2.0,,,,,,,,,,,,,,,,,,,,,,,,,,,,,,,,,
all,2024-01-26,2.0,2.0,,,,,,,,,,,,,,,,,,,,,,,,,,,,,,,,,
all,2024-01-27,6.0,4.0,,,,,,,,,,,,,,,,,,,,,,,,,,,,,,,,,
all,2024-01-28,3.0,3.0,,,,,,,,,,,,,,,,,,,,,,,,,,,,,,,,,
all,2024-01-29,4.0,4.0,,,,,,,,,,,,,,,,,,,,,,,,,,,,,,,,,
all,2024-01-30,3.0,3.0,,,,,,,,,,,,,,,,,,,,,,,,,,,,,,,,,
all,2024-01-31,2.0,2.0,,,,,,,,,,,,,,,,,,,,,,,,,,,,,,,,,
all,2024-02-01,5.0,4.0,,,,,,,,,,,,,,,,,,,,,,,,,,,,,,,,,
all,2024-02-02,6.0,6.0,,,,,,,,,,,,,,,,,,,,,,,,,,,,,,,,,
all,2024-02-03,5.0,3.0,,,,,,,,,,,,,,,,,,,,,,,,,,,,,,,,,
all,2024-02-04,5.0,4.0,,,,,,,,,,,,,,,,,,,,,,,,,,,,,,,,,
all,2024-02-05,5.0,5.0,,,,,,,,,,,,,,,,,,,,,,,,,,,,,,,,,
all,2024-02-06,3.0,2.0,,,,,,,,,,,,,,,,,,,,,,,,,,,,,,,,,
all,2024-02-07,6.0,6.0,,,,,,,,,,,,,,,,,,,,,,,,,,,,,,,,,
all,2024-02-08,4.0,3.0,,,,,,,,,,,,,,,,,,,,,,,,,,,,,,,,,
all,2024-02-09,4.0,2.0,,,,,,,,,,,,,,,,,,,,,,,,,,,,,,,,,
all,2024-02-10,7.0,6.0,,,,,,,,,,,,,,,,,,,,,,,,,,,,,,,,,
all,2024-02-11,4.0,3.0,,,,,,,,,,,,,,,,,,,,,,,,,,,,,,,,,
all,2024-02-12,2.0,2.0,,,,,,,,,,,,,,,,,,,,,,,,,,,,,,,,,
all,2024-02-13,2.0,2.0,,,,,,,,,,,,,,,,,,,,,,,,,,,,,,,,,
all,2024-02-14,5.0,3.0,,,,,,,,,,,,,,,,,,,,,,,,,,,,,,,,,
all,2024-02-15,5.0,3.0,,,,,,,,,,,,,,,,,,,,,,,,,,,,,,,,,
all,2024-02-16,5.0,4.0,,,,,,,,,,,,,,,,,,,,,,,,,,,,,,,,,
all,2024-02-17,3.0,3.0,,,,,,,,,,,,,,,,,,,,,,,,,,,,,,,,,
all,2024-02-18,6.0,5.0,,,,,,,,,,,,,,,,,,,,,,,,,,,,,,,,,
all,2024-02-19,4.0,4.0,,,,,,,,,,,,,,,,,,,,,,,,,,,,,,,,,
all,2024-02-20,5.0,5.0,,,,,,,,,,,,,,,,,,,,,,,,,,,,,,,,,
all,2024-02-21,2.0,2.0,,,,,,,,,,,,,,,,,,,,,,,,,,,,,,,,,
all,2024-02-22,5.0,4.0,,,,,,,,,,,,,,,,,,,,,,,,,,,,,,,,,
all,2024-02-23,2.0,2.0,,,,,,,,,,,,,,,,,,,,,,,,,,,,,,,,,
all,2024-02-24,3.0,3.0,,,,,,,,,,,,,,,,,,,,,,,,,,,,,,,,,
all,2024-02-25,3.0,1.0,,,,,,,,,,,,,,,,,,,,,,,,,,,,,,,,,
all,2024-02-26,4.0,4.0,,,,,,,,,,,,,,,,,,,,,,,,,,,,,,,,,
all,2024-02-27,4.0,4.0,,,,,,,,,,,,,,,,,,,,,,,,,,,,,,,,,
all,2024-02-28,5.0,3.0,,,,,,,,,,,,,,,,,,,,,,,,,,,,,,,,,
all,2024-02-29,1.0,1.0,,,,,,,,,,,,,,,,,,,,,,,,,,,,,,,,,
all,2024-03-01,4.0,3.0,,,,,,,,,,,,,,,,,,,,,,,,,,,,,,,,,
all,2024-03-02,8.0,6.0,,,,,,,,,,,,,,,,,,,,,,,,,,,,,,,,,
all,2024-03-03,3.0,3.0,,,,,,,,,,,,,,,,,,,,,,,,,,,,,,,,,
all,2024-03-04,5.0,4.0,,,,,,,,,,,,,,,,,,,,,,,,,,,,,,,,,
all,2024-03-05,4.0,3.0,,,,,,,,,,,,,,,,,,,,,,,,,,,,,,,,,
all,2024-03-06,3.0,3.0,,,,,,,,,,,,,,,,,,,,,,,,,,,,,,,,,
all,2024-03-07,2.0,2.0,,,,,,,,,,,,,,,,,,,,,,,,,,,,,,,,,
all,2024-03-08,3.0,3.0,,,,,,,,,,,,,,,,,,,,,,,,,,,,,,,,,
all,2024-03-09,1.0,1.0,,,,,,,,,,,,,,,,,,,,,,,,,,,,,,,,,
all,2024-03-10,1.0,1.0,,,,,,,,,,,,,,,,,,,,,,,,,,,,,,,,,
all,2024-03-11,3.0,2.0,,,,,,,,,,,,,,,,,,,,,,,,,,,,,,,,,
all,2024-03-12,4.0,4.0,,,,,,,,,,,,,,,,,,,,,,,,,,,,,,,,,
all,2024-03-14,3.0,3.0,,,,,,,,,,,,,,,,,,,,,,,,,,,,,,,,,
all,2024-03-15,2.0,2.0,,,,,,,,,,,,,,,,,,,,,,,,,,,,,,,,,
all,2024-03-16,2.0,2.0,,,,,,,,,,,,,,,,,,,,,,,,,,,,,,,,,
all,2024-03-17,3.0,3.0,,,,,,,,,,,,,,,,,,,,,,,,,,,,,,,,,
all,2024-03-18,1.0,1.0,,,,,,,,,,,,,,,,,,,,,,,,,,,,,,,,,
all,2024-03-19,4.0,3.0,,,,,,,,,,,,,,,,,,,,,,,,,,,,,,,,,
all,2024-03-20,2.0,2.0,,,,,,,,,,,,,,,,,,,,,,,,,,,,,,,,,
all,2024-03-21,14.0,7.0,,,,,,,,,,,,,,,,,,,,,,,,,,,,,,,,,
all,2024-03-22,5.0,5.0,,,,,,,,,,,,,,,,,,,,,,,,,,,,,,,,,
all,2024-03-23,2.0,2.0,,,,,,,,,,,,,,,,,,,,,,,,,,,,,,,,,
all,2024-03-24,4.0,3.0,,,,,,,,,,,,,,,,,,,,,,,,,,,,,,,,,
all,2024-03-25,70.0,55.0,0.2101428571428571,0.0855714285714285,0.1747,0.0926142857142856,0.1182857142857142,0.1713142857142857,0.1684999999999999,0.5422428571428571,0.5990142857142857,0.0988857142857142,0.4321428571428572,0.0599714285714285,0.1433857142857142,0.0986714285714285,0.0382571428571428,0.2413571428571428,0.1987,0.1282857142857142,0.3734285714285714,0.3463571428571429,0.4142,0.2222714285714286,0.3434714285714286,0.2728,0.1264857142857142,0.0222285714285714,0.0487285714285714,0.0539571428571428,0.3218142857142856,-0.0040428571428571,0.2096666666666666,187.32857142857145,36.98571428571429
all,2024-03-26,36.0,28.0,0.2306944444444444,0.0893888888888888,0.1723055555555555,0.127,0.11475,0.1456944444444444,0.1664166666666666,0.6233611111111111,0.6874444444444445,0.0764166666666666,0.3299166666666666,0.0931388888888889,0.1291666666666666,0.1681944444444444,0.0405833333333333,0.2395277777777778,0.2051388888888888,0.1205555555555555,0.4033333333333332,0.2880833333333333,0.3666944444444444,0.2169722222222222,0.413861111111111,0.2163888888888888,0.0958055555555555,0.0393333333333333,0.0456944444444444,0.0567222222222222,0.3509722222222222,0.024625,0.2487314814814814,132.44444444444446,26.27777777777778
all,2024-03-27,23.0,21.0,0.1405217391304347,0.1000869565217391,0.158695652173913,0.1093478260869565,0.1460434782608695,0.1727826086956521,0.1471739130434782,0.5570869565217391,0.5635652173913044,0.1044782608695652,0.4797391304347827,0.0727391304347826,0.1111304347826086,0.1319565217391304,0.016,0.2816086956521739,0.1891739130434782,0.1938695652173913,0.417304347826087,0.3633913043478261,0.4875217391304347,0.2761304347826087,0.3233913043478261,0.3023478260869565,0.1051304347826087,0.0145652173913043,0.0569999999999999,0.0460434782608695,0.3260869565217392,-0.0322499999999999,0.1415507246376811,181.6086956521739,35.34782608695652
all,2024-03-28,9.0,8.0,,,,,,,,,,,,,,,,,,,,,,,,,,,,,,,,,
all,2024-03-29,17.0,13.0,,,,,,,,,,,,,,,,,,,,,,,,,,,,,,,,,
all,2024-03-30,21.0,14.0,0.2519999999999999,0.0974761904761904,0.1286666666666666,0.1223809523809523,0.0944761904761904,0.2020952380952381,0.2193333333333333,0.634047619047619,0.7192380952380952,0.1809523809523809,0.286,0.1607142857142857,0.2374761904761904,0.1442857142857142,0.0172857142857142,0.3059523809523809,0.2488571428571428,0.1692380952380952,0.4529047619047618,0.3341904761904761,0.4515714285714286,0.302952380952381,0.4783809523809523,0.1966190476190476,0.1241428571428571,0.017047619047619,0.0248571428571428,0.0743809523809523,0.3753333333333333,0.001845238095238,0.2721587301587302,447.57142857142856,81.0
all,2024-03-31,21.0,16.0,0.2750476190476191,0.1601428571428571,0.2148095238095238,0.1753809523809524,0.0823809523809523,0.2063333333333334,0.1714761904761905,0.6530952380952381,0.7205714285714284,0.1441904761904762,0.2558095238095237,0.131,0.1540952380952381,0.1523333333333333,0.1148571428571428,0.2679999999999999,0.1948571428571429,0.1904761904761905,0.4429523809523809,0.2295714285714285,0.5030476190476192,0.3325238095238095,0.4416190476190477,0.2418095238095238,0.1449523809523809,0.0222857142857142,0.1386190476190476,0.0811428571428571,0.3418095238095238,0.0619880952380952,0.321095238095238,282.3809523809524,54.142857142857146
all,2024-04-01,14.0,9.0,,,,,,,,,,,,,,,,,,,,,,,,,,,,,,,,,
all,2024-04-02,11.0,10.0,,,,,,,,,,,,,,,,,,,,,,,,,,,,,,,,,
all,2024-04-03,10.0,7.0,,,,,,,,,,,,,,,,,,,,,,,,,,,,,,,,,
all,2024-04-04,11.0,10.0,,,,,,,,,,,,,,,,,,,,,,,,,,,,,,,,,
all,2024-04-05,8.0,7.0,,,,,,,,,,,,,,,,,,,,,,,,,,,,,,,,,
all,2024-04-06,12.0,10.0,,,,,,,,,,,,,,,,,,,,,,,,,,,,,,,,,
all,2024-04-07,8.0,8.0,,,,,,,,,,,,,,,,,,,,,,,,,,,,,,,,,
all,2024-04-08,13.0,12.0,,,,,,,,,,,,,,,,,,,,,,,,,,,,,,,,,
all,2024-04-09,17.0,10.0,,,,,,,,,,,,,,,,,,,,,,,,,,,,,,,,,
all,2024-04-10,11.0,10.0,,,,,,,,,,,,,,,,,,,,,,,,,,,,,,,,,
all,2024-04-11,16.0,14.0,,,,,,,,,,,,,,,,,,,,,,,,,,,,,,,,,
all,2024-04-12,5.0,5.0,,,,,,,,,,,,,,,,,,,,,,,,,,,,,,,,,
all,2024-04-13,12.0,11.0,,,,,,,,,,,,,,,,,,,,,,,,,,,,,,,,,
all,2024-04-14,6.0,6.0,,,,,,,,,,,,,,,,,,,,,,,,,,,,,,,,,
all,2024-04-15,8.0,8.0,,,,,,,,,,,,,,,,,,,,,,,,,,,,,,,,,
all,2024-04-16,13.0,12.0,,,,,,,,,,,,,,,,,,,,,,,,,,,,,,,,,
all,2024-04-17,9.0,7.0,,,,,,,,,,,,,,,,,,,,,,,,,,,,,,,,,
all,2024-04-18,9.0,7.0,,,,,,,,,,,,,,,,,,,,,,,,,,,,,,,,,
all,2024-04-19,16.0,16.0,,,,,,,,,,,,,,,,,,,,,,,,,,,,,,,,,
all,2024-04-20,15.0,14.0,,,,,,,,,,,,,,,,,,,,,,,,,,,,,,,,,
all,2024-04-21,11.0,8.0,,,,,,,,,,,,,,,,,,,,,,,,,,,,,,,,,
all,2024-04-22,15.0,13.0,,,,,,,,,,,,,,,,,,,,,,,,,,,,,,,,,
all,2024-04-23,16.0,15.0,,,,,,,,,,,,,,,,,,,,,,,,,,,,,,,,,
all,2024-04-24,34.0,26.0,0.3077941176470588,0.1550294117647059,0.2567647058823529,0.1545588235294117,0.0726176470588235,0.2296176470588235,0.1865882352941176,0.6341470588235294,0.7196470588235294,0.188735294117647,0.3866470588235294,0.0792058823529412,0.1558823529411764,0.1489411764705882,0.0319411764705882,0.309735294117647,0.1976764705882352,0.1984705882352941,0.4427058823529411,0.2441176470588235,0.5160882352941175,0.334,0.4178529411764706,0.273,0.1346176470588235,0.0686470588235294,0.0557647058823529,0.0909117647058823,0.3779705882352941,0.0674191176470588,0.3554509803921569,621.6470588235294,121.26470588235294
all,2024-04-25,12.0,10.0,,,,,,,,,,,,,,,,,,,,,,,,,,,,,,,,,
all,2024-04-26,28.0,15.0,0.3442857142857143,0.2272857142857142,0.2542142857142858,0.1716428571428571,0.148,0.3465000000000001,0.3116071428571428,0.6587142857142857,0.7131785714285713,0.3058214285714285,0.4431428571428571,0.1565,0.2678928571428571,0.2803214285714285,0.1224285714285714,0.3632142857142856,0.2844642857142857,0.2584642857142857,0.5075714285714285,0.3552857142857143,0.6476785714285714,0.4873214285714286,0.4685714285714285,0.3368214285714286,0.2005714285714285,0.1059642857142857,0.1344285714285714,0.1469642857142857,0.4417857142857143,0.0021071428571428,0.2892261904761905,1233.9642857142858,239.6071428571429
all,2024-04-27,22.0,20.0,0.2015,0.1378636363636363,0.1926818181818181,0.1064090909090909,0.0860454545454545,0.1945,0.1752727272727272,0.5916363636363635,0.648,0.1205,0.3803181818181818,0.0433181818181818,0.0581363636363636,0.1172272727272727,0.0240454545454545,0.2444999999999999,0.1838636363636363,0.1474545454545454,0.3217727272727273,0.2614545454545455,0.4742727272727272,0.2805454545454545,0.4184545454545454,0.2818181818181818,0.1086818181818181,0.0103636363636363,0.0416818181818181,0.0742727272727272,0.3385454545454545,0.019340909090909,0.2613484848484848,224.95454545454547,45.04545454545455
all,2024-04-28,16.0,15.0,,,,,,,,,,,,,,,,,,,,,,,,,,,,,,,,,
all,2024-04-29,19.0,18.0,,,,,,,,,,,,,,,,,,,,,,,,,,,,,,,,,
all,2024-04-30,12.0,11.0,,,,,,,,,,,,,,,,,,,,,,,,,,,,,,,,,
all,2024-05-01,13.0,10.0,,,,,,,,,,,,,,,,,,,,,,,,,,,,,,,,,
all,2024-05-02,13.0,13.0,,,,,,,,,,,,,,,,,,,,,,,,,,,,,,,,,
all,2024-05-03,14.0,12.0,,,,,,,,,,,,,,,,,,,,,,,,,,,,,,,,,
all,2024-05-04,15.0,14.0,,,,,,,,,,,,,,,,,,,,,,,,,,,,,,,,,
all,2024-05-05,19.0,14.0,,,,,,,,,,,,,,,,,,,,,,,,,,,,,,,,,
all,2024-05-06,5.0,5.0,,,,,,,,,,,,,,,,,,,,,,,,,,,,,,,,,
all,2024-05-07,16.0,14.0,,,,,,,,,,,,,,,,,,,,,,,,,,,,,,,,,
all,2024-05-08,11.0,10.0,,,,,,,,,,,,,,,,,,,,,,,,,,,,,,,,,
all,2024-05-09,20.0,17.0,0.48855,0.34595,0.2832,0.21,0.1745,0.325,0.28575,0.6202000000000001,0.7421,0.28385,0.375,0.1593,0.1518,0.2641,0.05225,0.44455,0.2330499999999999,0.3278,0.4341,0.26955,0.6580999999999999,0.5097,0.3965,0.2512999999999999,0.1664,0.11,0.1108499999999999,0.1410999999999999,0.4184,0.0821749999999999,0.3301166666666667,795.05,150.7
all,2024-05-10,14.0,12.0,,,,,,,,,,,,,,,,,,,,,,,,,,,,,,,,,
all,2024-05-11,8.0,8.0,,,,,,,,,,,,,,,,,,,,,,,,,,,,,,,,,
all,2024-05-12,12.0,10.0,,,,,,,,,,,,,,,,,,,,,,,,,,,,,,,,,
all,2024-05-13,13.0,13.0,,,,,,,,,,,,,,,,,,,,,,,,,,,,,,,,,
all,2024-05-14,14.0,13.0,,,,,,,,,,,,,,,,,,,,,,,,,,,,,,,,,
all,2024-05-15,15.0,14.0,,,,,,,,,,,,,,,,,,,,,,,,,,,,,,,,,
all,2024-05-16,25.0,19.0,0.39092,0.11548,0.2246399999999999,0.09876,0.12752,0.23896,0.15164,0.6352,0.6808000000000001,0.16188,0.4580799999999999,0.05472,0.19956,0.18016,0.06408,0.3368799999999999,0.29312,0.2186,0.47284,0.26872,0.51856,0.3083999999999999,0.45536,0.33736,0.10888,0.02848,0.05248,0.07688,0.36436,0.0242099999999999,0.3046,283.6,56.8
all,2024-05-17,27.0,22.0,0.3581111111111111,0.2118518518518518,0.2346666666666667,0.1994444444444444,0.0927037037037036,0.2302592592592592,0.2037037037037037,0.6317777777777778,0.7388148148148147,0.2074074074074074,0.4052222222222221,0.0718888888888888,0.098074074074074,0.2184444444444444,0.0173703703703703,0.3455555555555555,0.1825925925925926,0.1979629629629629,0.3581851851851851,0.2142962962962963,0.5434814814814813,0.4307037037037037,0.4279629629629629,0.2341481481481481,0.0987037037037036,0.0179629629629629,0.0855185185185185,0.0963703703703703,0.3724444444444444,0.089537037037037,0.3511604938271605,367.3333333333333,71.18518518518519
all,2024-05-18,17.0,17.0,,,,,,,,,,,,,,,,,,,,,,,,,,,,,,,,,
all,2024-05-19,32.0,25.0,0.29015625,0.13853125,0.21878125,0.12396875,0.1316875,0.1953749999999999,0.16903125,0.61203125,0.6427812500000001,0.1279374999999999,0.41075,0.14640625,0.17759375,0.18440625,0.04625,0.3048437499999999,0.2172187499999999,0.21634375,0.34803125,0.2704375,0.4997499999999999,0.3270625,0.43225,0.2529375,0.09234375,0.08153125,0.0568749999999999,0.08365625,0.3620625,0.0293281249999999,0.25221875,336.59375,66.40625
all,2024-05-20,21.0,18.0,0.2602380952380952,0.1369523809523809,0.262047619047619,0.1664285714285714,0.0607619047619047,0.1899047619047619,0.1610952380952381,0.6097619047619047,0.6599047619047619,0.1353809523809523,0.3563809523809523,0.0947142857142857,0.1238571428571428,0.1234285714285714,0.0128571428571428,0.2914285714285714,0.2164285714285714,0.1239047619047618,0.4386666666666666,0.2688095238095238,0.4742857142857142,0.3772380952380953,0.461952380952381,0.2522380952380952,0.1106190476190476,0.0146190476190476,0.0630952380952381,0.0872857142857142,0.3729523809523809,0.0810833333333333,0.3333015873015873,302.8095238095238,59.61904761904762
all,2024-05-21,15.0,10.0,,,,,,,,,,,,,,,,,,,,,,,,,,,,,,,,,
all,2024-05-22,16.0,14.0,,,,,,,,,,,,,,,,,,,,,,,,,,,,,,,,,
all,2024-05-23,20.0,19.0,0.25015,0.18145,0.14025,0.1378,0.0631499999999999,0.1944499999999999,0.2161999999999999,0.6489499999999999,0.62735,0.1425,0.25385,0.0638,0.079,0.1684,0.01335,0.31985,0.18705,0.2072,0.4120500000000001,0.2625,0.4918,0.29025,0.44375,0.2153,0.0995,0.08585,0.07325,0.0833,0.3817,0.0486125,0.2760999999999999,396.25,79.75
all,2024-05-24,27.0,23.0,0.2650740740740741,0.2054814814814815,0.2375555555555555,0.1652962962962963,0.0677777777777777,0.2107407407407407,0.181037037037037,0.6271851851851854,0.6527407407407408,0.1721851851851852,0.4162962962962963,0.0768888888888888,0.1412222222222222,0.2237777777777777,0.0337777777777777,0.2936666666666667,0.2449259259259259,0.2342962962962962,0.4847037037037036,0.2565185185185185,0.5015925925925926,0.349962962962963,0.4971481481481482,0.2954074074074074,0.1165185185185185,0.0859629629629629,0.0543333333333333,0.0873703703703703,0.3552222222222222,0.0790925925925926,0.3173456790123456,423.8148148148149,82.22222222222223
all,2024-05-25,16.0,13.0,,,,,,,,,,,,,,,,,,,,,,,,,,,,,,,,,
all,2024-05-26,20.0,11.0,0.3357,0.1409,0.2972499999999999,0.1275,0.1311,0.3396,0.26335,0.6805999999999999,0.6763,0.17835,0.3188,0.09595,0.15935,0.20085,0.0521499999999999,0.3190499999999999,0.2883,0.23735,0.6210999999999999,0.4712,0.68645,0.4832499999999999,0.5171499999999999,0.2123,0.1933,0.0618499999999999,0.10205,0.1292,0.44625,-0.0100124999999999,0.3053166666666667,564.95,110.1
all,2024-05-27,14.0,11.0,,,,,,,,,,,,,,,,,,,,,,,,,,,,,,,,,
all,2024-05-28,23.0,20.0,0.3307391304347826,0.2024782608695652,0.2491739130434782,0.1910434782608696,0.1024782608695652,0.1962608695652174,0.1722608695652174,0.6556086956521738,0.7099130434782609,0.165391304347826,0.470304347826087,0.0600869565217391,0.3173043478260869,0.1712608695652173,0.0205217391304347,0.3343913043478261,0.2193913043478261,0.2846086956521739,0.3304782608695652,0.2821304347826087,0.5363043478260869,0.3559130434782608,0.4621304347826087,0.2358260869565217,0.0969130434782608,0.0978260869565217,0.1436521739130435,0.1114347826086956,0.3874347826086956,0.0939891304347825,0.3274637681159421,276.1304347826087,53.91304347826087
all,2024-05-29,20.0,15.0,0.37815,0.2036,0.2536,0.16135,0.1022999999999999,0.27005,0.2296499999999999,0.65915,0.6143500000000001,0.18635,0.4833,0.1089499999999999,0.2407499999999999,0.17285,0.0152,0.3513999999999999,0.23075,0.2809,0.3233,0.3445999999999999,0.6087999999999999,0.3627,0.5258,0.3410499999999999,0.0986,0.0446,0.0606499999999999,0.1204499999999999,0.4104500000000001,0.063,0.3130666666666666,386.2,75.65
all,2024-05-30,9.0,8.0,,,,,,,,,,,,,,,,,,,,,,,,,,,,,,,,,
all,2024-05-31,12.0,11.0,,,,,,,,,,,,,,,,,,,,,,,,,,,,,,,,,
all,2024-06-01,23.0,12.0,0.3133478260869566,0.105695652173913,0.1807826086956521,0.1120434782608695,0.1258695652173913,0.1765652173913043,0.1653478260869565,0.5377391304347826,0.6169565217391303,0.1360869565217391,0.3363043478260869,0.1008260869565217,0.1239565217391304,0.1133478260869565,0.0540869565217391,0.3127826086956522,0.1930869565217391,0.2194782608695652,0.2660434782608696,0.3179999999999999,0.4299130434782609,0.3598695652173913,0.3891304347826086,0.2873478260869566,0.0826521739130434,0.0191304347826087,0.0133478260869565,0.0788260869565217,0.3471739130434783,0.02675,0.2444927536231884,292.69565217391306,58.91304347826087
all,2024-06-02,16.0,11.0,,,,,,,,,,,,,,,,,,,,,,,,,,,,,,,,,
all,2024-06-03,19.0,17.0,,,,,,,,,,,,,,,,,,,,,,,,,,,,,,,,,
all,2024-06-04,17.0,17.0,,,,,,,,,,,,,,,,,,,,,,,,,,,,,,,,,
all,2024-06-05,17.0,13.0,,,,,,,,,,,,,,,,,,,,,,,,,,,,,,,,,
all,2024-06-06,21.0,16.0,0.3641904761904762,0.1768571428571428,0.1808571428571428,0.1211904761904762,0.0829047619047619,0.1775714285714285,0.1771904761904762,0.5784285714285714,0.6723809523809524,0.1902380952380952,0.3256666666666666,0.0976666666666666,0.1932857142857142,0.1652857142857142,0.0273333333333333,0.276952380952381,0.1699047619047619,0.1846190476190476,0.3421904761904762,0.2799999999999999,0.4537142857142855,0.3525714285714286,0.3925238095238095,0.2301904761904761,0.1589047619047619,0.041047619047619,0.0695238095238095,0.0777142857142857,0.3166666666666666,0.0805357142857143,0.3229047619047618,308.0,60.71428571428572
all,2024-06-07,9.0,9.0,,,,,,,,,,,,,,,,,,,,,,,,,,,,,,,,,
all,2024-06-08,31.0,22.0,0.3435483870967742,0.1394193548387096,0.1371935483870967,0.126,0.0708709677419355,0.1856451612903225,0.1745483870967741,0.5846451612903226,0.6578387096774193,0.1572903225806452,0.3388709677419354,0.0452903225806451,0.1859354838709677,0.1772258064516129,0.0265806451612903,0.2711290322580645,0.1998064516129032,0.2283225806451613,0.3492258064516128,0.2398709677419354,0.4957419354838709,0.3467096774193548,0.4205483870967742,0.206258064516129,0.1021612903225806,0.0216774193548387,0.0184516129032258,0.0767096774193548,0.3395161290322581,0.0582822580645161,0.3086559139784946,374.7741935483871,73.74193548387096
all,2024-06-09,15.0,14.0,,,,,,,,,,,,,,,,,,,,,,,,,,,,,,,,,
all,2024-06-10,32.0,16.0,0.35259375,0.2981875,0.20209375,0.15940625,0.09021875,0.21259375,0.18540625,0.6614375,0.7472812500000001,0.16825,0.5233125000000001,0.07003125,0.1205625,0.1751875,0.0178125,0.28665625,0.24221875,0.1713125,0.5717812499999999,0.2263749999999999,0.4298749999999999,0.283875,0.4148125,0.3078125,0.16246875,0.02875,0.0981249999999999,0.09559375,0.38125,0.1016640625,0.3437708333333333,459.5,92.8125
all,2024-06-11,25.0,18.0,0.22864,0.1211199999999999,0.19012,0.13304,0.10084,0.1817999999999999,0.17872,0.58828,0.6816800000000001,0.14016,0.34128,0.05524,0.17884,0.15288,0.01404,0.27436,0.23976,0.12936,0.43016,0.23124,0.37796,0.29728,0.4603599999999999,0.2578,0.08972,0.0164,0.06596,0.09312,0.34804,0.02691,0.2659733333333333,290.6,56.88
all,2024-06-12,25.0,19.0,0.25576,0.11764,0.216,0.13288,0.11004,0.16596,0.15592,0.58492,0.64196,0.1528,0.35888,0.07416,0.17592,0.11604,0.01472,0.29604,0.24512,0.14908,0.39448,0.3332799999999999,0.39864,0.25388,0.3544,0.31064,0.0962799999999999,0.04664,0.01612,0.09436,0.37492,0.04257,0.2612,226.76,45.08
all,2024-06-13,22.0,21.0,0.2196363636363636,0.1149090909090909,0.1375454545454545,0.1155454545454545,0.0518181818181818,0.1277727272727273,0.1979545454545454,0.5357727272727273,0.6441363636363635,0.1141363636363636,0.2760909090909091,0.049090909090909,0.0660454545454545,0.1419545454545454,0.0427272727272727,0.2647727272727273,0.1599090909090909,0.2021363636363636,0.2766818181818182,0.2956363636363636,0.3959999999999999,0.2756363636363637,0.3251818181818182,0.2095,0.0908636363636363,0.0111818181818181,0.0094545454545454,0.0568636363636363,0.3451363636363636,0.0571136363636363,0.2819545454545454,209.72727272727272,40.95454545454545
all,2024-06-14,27.0,21.0,0.2771851851851852,0.138037037037037,0.3406666666666666,0.1235185185185185,0.1093333333333333,0.2275555555555555,0.1734074074074074,0.677962962962963,0.7339629629629629,0.1908148148148148,0.4318888888888889,0.0872592592592592,0.1298888888888889,0.2092962962962962,0.0871111111111111,0.2749629629629629,0.1869259259259259,0.1713333333333333,0.4787407407407406,0.2767777777777777,0.4704814814814814,0.3792222222222222,0.4114074074074074,0.3068888888888889,0.1425925925925926,0.1087777777777777,0.0429259259259259,0.0966296296296296,0.3645925925925926,0.0514074074074074,0.3412716049382716,349.9259259259259,71.29629629629629
all,2024-06-15,37.0,24.0,0.2321891891891891,0.0992702702702702,0.1197567567567567,0.0882432432432432,0.1008378378378378,0.163054054054054,0.1643513513513513,0.5974054054054054,0.6209729729729729,0.1262162162162162,0.2737567567567568,0.1396756756756756,0.0948108108108108,0.0912162162162162,0.0155405405405405,0.2427567567567567,0.1626756756756756,0.1689189189189189,0.388027027027027,0.3484054054054054,0.4177567567567568,0.2379189189189189,0.479891891891892,0.1962702702702702,0.1455135135135135,0.0108108108108108,0.0664594594594594,0.0501621621621621,0.3054594594594594,0.0029189189189189,0.2234684684684684,271.02702702702703,53.45945945945946
all,2024-06-16,26.0,21.0,0.2204230769230769,0.1386538461538461,0.1801923076923077,0.1887692307692307,0.0592692307692307,0.1713846153846153,0.1374615384615384,0.6045,0.7226538461538462,0.1387307692307692,0.3026538461538461,0.0675,0.2242692307692307,0.1674999999999999,0.010576923076923,0.2451153846153846,0.1441923076923076,0.1901153846153846,0.2756153846153846,0.1497307692307692,0.3453076923076923,0.1871923076923076,0.3889230769230768,0.1844615384615384,0.1423461538461538,0.0372692307692307,0.0855384615384615,0.0838076923076923,0.3316153846153846,0.0666826923076922,0.3151538461538461,260.38461538461536,50.42307692307692
all,2024-06-17,18.0,16.0,,,,,,,,,,,,,,,,,,,,,,,,,,,,,,,,,
all,2024-06-18,10.0,10.0,,,,,,,,,,,,,,,,,,,,,,,,,,,,,,,,,
all,2024-06-19,17.0,12.0,,,,,,,,,,,,,,,,,,,,,,,,,,,,,,,,,
all,2024-06-20,22.0,20.0,0.3005454545454545,0.1389545454545454,0.1169090909090909,0.1101363636363636,0.1726818181818182,0.2248181818181818,0.2353181818181818,0.6050454545454547,0.6544545454545455,0.1425909090909091,0.5000000000000001,0.0952727272727272,0.2691818181818182,0.1349090909090909,0.0281363636363636,0.2857727272727272,0.2355454545454545,0.2007727272727272,0.3986363636363637,0.3152272727272727,0.5435909090909091,0.3418181818181819,0.4374545454545455,0.2973636363636363,0.1068181818181818,0.0323181818181818,0.0874090909090909,0.0597727272727272,0.3505454545454545,-0.0321136363636363,0.184621212121212,421.1363636363636,81.4090909090909
all,2024-06-21,20.0,18.0,0.31225,0.1628,0.23495,0.1406,0.1128499999999999,0.2517,0.2204999999999999,0.6157,0.6351000000000001,0.1855,0.3575,0.1032999999999999,0.067,0.2299,0.0381,0.3344499999999999,0.2305499999999999,0.20665,0.4571,0.2952999999999999,0.4817,0.3922499999999999,0.4434999999999999,0.23725,0.1907499999999999,0.03645,0.03555,0.0992,0.3944,0.030375,0.28125,441.95,85.7
all,2024-06-22,11.0,10.0,,,,,,,,,,,,,,,,,,,,,,,,,,,,,,,,,
all,2024-06-23,22.0,18.0,0.3100909090909091,0.2186818181818181,0.2361363636363636,0.1519999999999999,0.0673636363636363,0.2635454545454545,0.2095,0.6879545454545455,0.7064090909090909,0.1595454545454545,0.4499545454545455,0.1578181818181818,0.0905,0.1748636363636363,0.0135,0.3590454545454545,0.1979090909090909,0.2654090909090909,0.3266818181818181,0.3305909090909091,0.5435,0.3965454545454545,0.521409090909091,0.3849090909090908,0.1114545454545454,0.0241818181818181,0.0127727272727272,0.1008181818181818,0.3665,0.0637727272727272,0.3501818181818181,401.95454545454544,78.77272727272727
all,2024-06-24,19.0,16.0,,,,,,,,,,,,,,,,,,,,,,,,,,,,,,,,,
all,2024-06-25,28.0,23.0,0.3083928571428571,0.1276785714285714,0.1811071428571428,0.1348571428571428,0.0895714285714285,0.1961785714285714,0.2171785714285714,0.627357142857143,0.689892857142857,0.1505,0.3521071428571428,0.1022857142857143,0.1402142857142857,0.1408571428571428,0.0521785714285714,0.2943928571428572,0.2248571428571429,0.18525,0.3882499999999999,0.3110357142857142,0.4321071428571428,0.2791785714285714,0.4328928571428571,0.2739642857142857,0.1246071428571428,0.0466071428571428,0.1133214285714285,0.0803214285714285,0.3544642857142857,0.0451339285714285,0.3035595238095238,322.6428571428572,61.785714285714285
all,2024-06-26,22.0,20.0,0.2309999999999999,0.0933181818181818,0.1206818181818181,0.0925454545454545,0.1461363636363636,0.1996363636363636,0.1815909090909091,0.6310909090909091,0.5988636363636365,0.1055909090909091,0.3317727272727273,0.1014090909090908,0.1744545454545454,0.1304999999999999,0.0734999999999999,0.2461363636363636,0.1998636363636363,0.2307727272727272,0.4031818181818182,0.2782272727272727,0.5186363636363637,0.3189090909090909,0.4706363636363636,0.1855454545454545,0.1333636363636363,0.0430454545454545,0.0363636363636363,0.0768181818181818,0.3355909090909091,-0.0385,0.1707121212121211,256.5,52.40909090909091
all,2024-06-27,17.0,12.0,,,,,,,,,,,,,,,,,,,,,,,,,,,,,,,,,
all,2024-06-28,22.0,19.0,0.3421363636363636,0.1756363636363636,0.2126363636363636,0.1768636363636364,0.0887727272727272,0.2541363636363636,0.2565454545454546,0.565409090909091,0.6972272727272727,0.1767727272727272,0.4482272727272728,0.0975454545454545,0.2222272727272727,0.2429090909090908,0.045,0.3533636363636363,0.2722727272727272,0.2399545454545454,0.4472272727272727,0.2349545454545454,0.5327727272727273,0.3762727272727273,0.3855,0.3327272727272727,0.1359545454545454,0.1027272727272727,0.0688181818181818,0.1363181818181818,0.4099090909090909,0.0553636363636363,0.328560606060606,481.8636363636364,92.0909090909091
all,2024-06-29,10.0,9.0,,,,,,,,,,,,,,,,,,,,,,,,,,,,,,,,,
all,2024-06-30,25.0,20.0,0.27664,0.1737599999999999,0.2238,0.19016,0.0822,0.22668,0.1804399999999999,0.6650399999999999,0.73384,0.14372,0.57744,0.10892,0.2222799999999999,0.1977999999999999,0.0333199999999999,0.34436,0.2458,0.23656,0.3866799999999999,0.2165599999999999,0.4876,0.28012,0.4157599999999999,0.32268,0.1227999999999999,0.0448,0.05772,0.10424,0.39628,0.0616499999999999,0.3292266666666666,372.2,72.48
all,2024-07-01,10.0,9.0,,,,,,,,,,,,,,,,,,,,,,,,,,,,,,,,,
all,2024-07-02,17.0,15.0,,,,,,,,,,,,,,,,,,,,,,,,,,,,,,,,,
all,2024-07-03,14.0,11.0,,,,,,,,,,,,,,,,,,,,,,,,,,,,,,,,,
all,2024-07-04,18.0,16.0,,,,,,,,,,,,,,,,,,,,,,,,,,,,,,,,,
all,2024-07-05,13.0,12.0,,,,,,,,,,,,,,,,,,,,,,,,,,,,,,,,,
all,2024-07-06,21.0,17.0,0.4681904761904762,0.2622380952380952,0.3782380952380952,0.2421904761904762,0.1771904761904762,0.3434285714285713,0.3069047619047619,0.6911904761904762,0.7457142857142858,0.239,0.5825238095238096,0.1489523809523809,0.1245714285714285,0.315,0.0769047619047619,0.411047619047619,0.2459047619047619,0.3228571428571429,0.3615238095238095,0.2802380952380952,0.5903809523809523,0.3903809523809524,0.4913333333333334,0.3687619047619048,0.1979047619047619,0.1254285714285714,0.1502857142857142,0.1773809523809523,0.428095238095238,0.0774047619047619,0.3535238095238095,717.8571428571429,143.61904761904762
all,2024-07-07,13.0,12.0,,,,,,,,,,,,,,,,,,,,,,,,,,,,,,,,,
all,2024-07-08,8.0,8.0,,,,,,,,,,,,,,,,,,,,,,,,,,,,,,,,,
all,2024-07-09,21.0,17.0,0.4036190476190476,0.2228571428571428,0.3093809523809524,0.2007619047619047,0.1002857142857142,0.281047619047619,0.2372380952380952,0.706047619047619,0.7283809523809525,0.2245238095238096,0.6190476190476188,0.146047619047619,0.1876666666666666,0.1787142857142857,0.0135714285714285,0.3818095238095237,0.2139523809523809,0.2495714285714286,0.4151904761904761,0.3185238095238095,0.6062380952380951,0.3684761904761905,0.5293809523809523,0.3554761904761905,0.1443809523809524,0.025,0.093047619047619,0.0898571428571428,0.4015238095238095,0.0934880952380952,0.3801746031746031,378.2380952380952,76.23809523809524
all,2024-07-10,13.0,10.0,,,,,,,,,,,,,,,,,,,,,,,,,,,,,,,,,
all,2024-07-11,8.0,8.0,,,,,,,,,,,,,,,,,,,,,,,,,,,,,,,,,
all,2024-07-12,11.0,11.0,,,,,,,,,,,,,,,,,,,,,,,,,,,,,,,,,
all,2024-07-13,20.0,15.0,0.2169499999999999,0.13995,0.22505,0.12275,0.14775,0.2592,0.22145,0.6928,0.6126500000000001,0.1226,0.45085,0.0883,0.1643999999999999,0.21355,0.0269,0.3308,0.23125,0.28375,0.3873999999999999,0.3648999999999999,0.52675,0.3717499999999999,0.4275,0.2873,0.1283,0.1189,0.06925,0.0968,0.4049,-0.0272999999999999,0.2037999999999999,564.85,105.8
all,2024-07-14,14.0,12.0,,,,,,,,,,,,,,,,,,,,,,,,,,,,,,,,,
all,2024-07-15,14.0,11.0,,,,,,,,,,,,,,,,,,,,,,,,,,,,,,,,,
all,2024-07-16,11.0,11.0,,,,,,,,,,,,,,,,,,,,,,,,,,,,,,,,,
all,2024-07-17,14.0,13.0,,,,,,,,,,,,,,,,,,,,,,,,,,,,,,,,,
all,2024-07-18,15.0,14.0,,,,,,,,,,,,,,,,,,,,,,,,,,,,,,,,,
all,2024-07-19,23.0,20.0,0.2804347826086956,0.1534347826086956,0.1730869565217391,0.0897391304347826,0.0604782608695652,0.1892608695652174,0.1943478260869565,0.6269130434782609,0.7098695652173912,0.1928260869565216,0.2748695652173912,0.0856086956521739,0.0305652173913043,0.0955217391304347,0.0470869565217391,0.2723043478260868,0.1510434782608695,0.186695652173913,0.3515217391304347,0.2695652173913043,0.4399130434782609,0.3377391304347826,0.4313043478260869,0.1772173913043478,0.1237826086956522,0.0142173913043478,0.0506086956521739,0.0679130434782608,0.3276086956521739,0.0493043478260869,0.3273188405797101,320.0,64.34782608695652
all,2024-07-20,21.0,17.0,0.2640952380952381,0.231095238095238,0.2375714285714286,0.2507142857142857,0.088047619047619,0.1731904761904762,0.1538095238095237,0.6413333333333333,0.6477142857142858,0.1315714285714286,0.4539047619047618,0.1261428571428571,0.1971904761904761,0.1600952380952381,0.0267619047619047,0.3273333333333333,0.1812857142857143,0.2316666666666667,0.3269047619047618,0.1869999999999999,0.5343809523809524,0.3582857142857142,0.4135714285714285,0.2768095238095238,0.1051428571428571,0.0434761904761904,0.2358571428571428,0.097047619047619,0.3669523809523809,0.1152499999999999,0.295079365079365,444.5238095238095,87.23809523809524
all,2024-07-21,22.0,17.0,0.3243636363636363,0.2201363636363636,0.2360909090909091,0.1733181818181818,0.1567727272727272,0.2446818181818181,0.246590909090909,0.7064999999999999,0.7629090909090909,0.2338636363636363,0.4314090909090909,0.1335454545454545,0.1845,0.2273181818181818,0.0599999999999999,0.3225909090909091,0.2344545454545455,0.1885454545454545,0.4237727272727273,0.2710000000000001,0.4694545454545455,0.4035,0.4860454545454544,0.2816363636363636,0.1401818181818181,0.0917727272727272,0.143,0.1001818181818181,0.3976818181818182,0.03775,0.2843484848484849,360.95454545454544,71.63636363636364
all,2024-07-22,14.0,13.0,,,,,,,,,,,,,,,,,,,,,,,,,,,,,,,,,
all,2024-07-23,20.0,15.0,0.30415,0.1297,0.2979,0.1089999999999999,0.0405,0.16485,0.1108,0.6612,0.7864000000000001,0.1568,0.5311999999999999,0.05815,0.2488499999999999,0.08345,0.01525,0.24855,0.19325,0.09945,0.4969,0.20055,0.3628999999999999,0.219,0.42235,0.2919499999999999,0.0567999999999999,0.00715,0.0417,0.0584999999999999,0.32435,0.1075125,0.4223166666666667,279.65,56.3
all,2024-07-24,16.0,14.0,,,,,,,,,,,,,,,,,,,,,,,,,,,,,,,,,
all,2024-07-25,15.0,13.0,,,,,,,,,,,,,,,,,,,,,,,,,,,,,,,,,
all,2024-07-26,17.0,13.0,,,,,,,,,,,,,,,,,,,,,,,,,,,,,,,,,
all,2024-07-27,15.0,14.0,,,,,,,,,,,,,,,,,,,,,,,,,,,,,,,,,
all,2024-07-28,10.0,9.0,,,,,,,,,,,,,,,,,,,,,,,,,,,,,,,,,
all,2024-07-29,20.0,16.0,0.3024999999999999,0.11775,0.14985,0.1117999999999999,0.1377,0.2791,0.2583499999999999,0.7059,0.664,0.13055,0.44605,0.1046499999999999,0.1465,0.1785,0.0982499999999999,0.32025,0.2076,0.20595,0.43365,0.3407,0.62355,0.48825,0.5209499999999999,0.2904,0.13995,0.02375,0.02345,0.07675,0.3785,-0.0379249999999999,0.2344166666666666,382.8,75.3
all,2024-07-30,14.0,13.0,,,,,,,,,,,,,,,,,,,,,,,,,,,,,,,,,
all,2024-07-31,23.0,17.0,0.2399565217391304,0.245391304347826,0.2133478260869565,0.1820869565217391,0.0995217391304347,0.2102173913043478,0.1852608695652174,0.6410869565217391,0.6204782608695653,0.1305652173913043,0.2903478260869565,0.0574347826086956,0.1121739130434782,0.1622608695652173,0.0175217391304347,0.2964782608695652,0.1752608695652174,0.2623478260869564,0.3798260869565217,0.2138260869565217,0.5960434782608696,0.3995217391304347,0.4742173913043478,0.2042173913043478,0.1278695652173913,0.0658260869565217,0.0719565217391304,0.0892608695652174,0.3690434782608696,0.0653260869565217,0.2584057971014493,567.5652173913044,113.6086956521739
all,2024-08-01,13.0,13.0,,,,,,,,,,,,,,,,,,,,,,,,,,,,,,,,,
all,2024-08-02,17.0,14.0,,,,,,,,,,,,,,,,,,,,,,,,,,,,,,,,,
all,2024-08-03,10.0,8.0,,,,,,,,,,,,,,,,,,,,,,,,,,,,,,,,,
all,2024-08-04,14.0,9.0,,,,,,,,,,,,,,,,,,,,,,,,,,,,,,,,,
all,2024-08-05,12.0,11.0,,,,,,,,,,,,,,,,,,,,,,,,,,,,,,,,,
all,2024-08-06,21.0,14.0,0.3116666666666667,0.1929047619047619,0.235095238095238,0.1803809523809523,0.1072380952380952,0.2948095238095238,0.2918571428571428,0.5765238095238094,0.6564761904761904,0.2071428571428571,0.4104761904761905,0.1238095238095237,0.1903809523809524,0.2336666666666666,0.0578095238095238,0.3464285714285715,0.2055238095238095,0.3213333333333333,0.3909047619047618,0.2218095238095238,0.617,0.4394285714285714,0.3571428571428571,0.2956190476190476,0.1549047619047618,0.0585714285714285,0.1244285714285714,0.1141428571428571,0.4151904761904761,0.0289880952380952,0.2938412698412698,399.4761904761905,78.14285714285714
all,2024-08-07,19.0,15.0,,,,,,,,,,,,,,,,,,,,,,,,,,,,,,,,,
all,2024-08-08,25.0,20.0,0.2329999999999999,0.14648,0.2036,0.13768,0.1166799999999999,0.228,0.20448,0.6186799999999999,0.6731599999999999,0.1329999999999999,0.44588,0.0628,0.2285199999999999,0.1568,0.02184,0.30852,0.195,0.2298,0.34008,0.3318,0.49784,0.35816,0.38012,0.30264,0.13896,0.04056,0.059,0.0918399999999999,0.36576,0.00785,0.25324,272.28,54.24
all,2024-08-09,21.0,17.0,0.2302380952380952,0.1701428571428571,0.1499047619047619,0.1114761904761904,0.0701428571428571,0.1634761904761904,0.161047619047619,0.5111428571428571,0.5882857142857143,0.1469047619047619,0.3236666666666667,0.0825238095238095,0.1246666666666666,0.1459523809523809,0.0504761904761904,0.2892380952380952,0.1773333333333333,0.2466190476190476,0.3790476190476191,0.2966666666666666,0.4469999999999999,0.2851428571428571,0.3672380952380952,0.2255714285714286,0.1067619047619047,0.117047619047619,0.0197142857142857,0.0685238095238095,0.3282380952380953,0.0486309523809523,0.2526666666666666,266.1904761904762,54.095238095238095
all,2024-08-10,43.0,25.0,0.2578837209302325,0.1005813953488372,0.2226279069767442,0.1577674418604651,0.0559767441860465,0.1494186046511627,0.122813953488372,0.6368837209302325,0.7109534883720929,0.1062093023255814,0.3296744186046512,0.0707674418604651,0.1687441860465116,0.1424883720930232,0.0145116279069767,0.2630697674418604,0.1924186046511628,0.1849767441860465,0.3369767441860464,0.2811627906976743,0.415767441860465,0.225,0.4146511627906977,0.3104418604651163,0.0776744186046511,0.0279767441860465,0.1152093023255814,0.0653255813953488,0.3419767441860465,0.0820174418604651,0.3411782945736434,159.3953488372093,33.06976744186046
all,2024-08-11,26.0,23.0,0.2920384615384615,0.2556153846153846,0.3020769230769231,0.2084230769230769,0.1309230769230769,0.2034615384615384,0.1903076923076923,0.5903846153846154,0.6461923076923077,0.1625769230769231,0.5475384615384615,0.143076923076923,0.2101153846153846,0.1774615384615384,0.0583846153846153,0.3461153846153845,0.1938846153846153,0.2013846153846154,0.3623076923076923,0.2634230769230768,0.4748461538461538,0.2621153846153846,0.3183076923076923,0.3121923076923076,0.1316923076923077,0.0376538461538461,0.0881153846153846,0.1059615384615384,0.376,0.0973461538461538,0.2825128205128205,305.84615384615387,61.88461538461539
all,2024-08-12,34.0,26.0,0.3729705882352941,0.2065294117647058,0.2432647058823529,0.203235294117647,0.1085294117647058,0.2237647058823529,0.1873235294117647,0.6807647058823529,0.7704999999999999,0.2088235294117647,0.3921176470588235,0.0955294117647058,0.2274411764705882,0.2114411764705882,0.058735294117647,0.3256470588235294,0.2601470588235294,0.2351176470588235,0.4132647058823528,0.2149705882352941,0.5048823529411764,0.3104411764705882,0.5099411764705882,0.3262941176470587,0.1756176470588235,0.0673823529411764,0.1211764705882353,0.1279117647058823,0.4201764705882352,0.0903529411764706,0.3537156862745098,320.7647058823529,62.6764705882353
all,2024-08-13,36.0,34.0,0.3179166666666667,0.1785277777777777,0.2646111111111111,0.1631111111111111,0.1636666666666666,0.2645,0.2574444444444444,0.7233611111111111,0.6753333333333332,0.17325,0.503,0.1355833333333333,0.1346666666666666,0.1991111111111111,0.0563888888888888,0.3593055555555555,0.2313055555555555,0.2584722222222222,0.4181111111111111,0.3595833333333333,0.5549722222222222,0.3939444444444444,0.4790000000000001,0.3115555555555556,0.1311111111111111,0.0675833333333333,0.0743333333333333,0.1099444444444444,0.410361111111111,0.0169583333333333,0.2556203703703704,393.05555555555554,78.86111111111111
all,2024-08-14,46.0,34.0,0.282804347826087,0.1408913043478261,0.2195434782608695,0.1779565217391304,0.1381304347826087,0.2451521739130435,0.2060217391304347,0.6527826086956521,0.6889565217391304,0.1582608695652174,0.4704130434782609,0.0738260869565217,0.1840652173913043,0.1905217391304348,0.038695652173913,0.3118043478260869,0.214,0.268304347826087,0.3802826086956522,0.3007173913043477,0.4843260869565217,0.2605217391304348,0.4330652173913044,0.2764999999999999,0.1681086956521739,0.1041739130434782,0.100695652173913,0.0829782608695652,0.3618043478260869,0.0136576086956521,0.2589710144927535,220.9782608695652,43.56521739130435
all,2024-08-15,30.0,25.0,0.2248333333333333,0.1344666666666666,0.2569999999999999,0.1206666666666666,0.1239333333333333,0.2365666666666667,0.2345999999999999,0.6272333333333334,0.6297333333333335,0.1841666666666666,0.4055999999999999,0.1176,0.1167,0.1964666666666666,0.0387333333333333,0.2954666666666667,0.1962333333333333,0.2483,0.4058999999999999,0.3895333333333333,0.4861333333333333,0.2962333333333333,0.4271666666666666,0.2655333333333333,0.1533666666666666,0.1478,0.0855666666666666,0.0918333333333333,0.3747333333333334,0.0039916666666666,0.2465888888888888,260.26666666666665,51.2
all,2024-08-16,20.0,17.0,0.33215,0.1783999999999999,0.20265,0.1486,0.1916499999999999,0.30055,0.2603999999999999,0.6444500000000001,0.70645,0.18375,0.4827999999999999,0.14715,0.1265,0.26935,0.03765,0.3355,0.2615,0.2436999999999999,0.44115,0.3609499999999999,0.5845499999999999,0.40245,0.4927,0.3397,0.19495,0.1073499999999999,0.0999999999999999,0.1182,0.4201,-0.03065,0.2221,345.55,68.1
all,2024-08-17,35.0,24.0,0.2730571428571429,0.1477714285714285,0.2298285714285713,0.1556857142857143,0.1314571428571428,0.2637428571428571,0.2311999999999999,0.6196285714285714,0.6683142857142857,0.1827714285714285,0.4090571428571428,0.0883428571428571,0.1453142857142857,0.2552,0.0513428571428571,0.3217714285714285,0.2186571428571428,0.2522285714285714,0.3650857142857143,0.3442571428571429,0.524,0.3444,0.3611142857142857,0.2512571428571429,0.1379428571428571,0.0949428571428571,0.0746571428571428,0.0805142857142857,0.3749714285714285,0.0039857142857142,0.2589428571428572,287.1714285714286,56.34285714285714
all,2024-08-18,23.0,19.0,0.3349130434782609,0.1938695652173912,0.2583913043478261,0.1916086956521739,0.1733478260869565,0.3468695652173913,0.2777826086956522,0.6393478260869565,0.6967826086956521,0.2552608695652174,0.5391739130434783,0.184,0.1349565217391304,0.2610434782608695,0.1722608695652174,0.3568260869565217,0.2608260869565217,0.2413478260869565,0.4578260869565217,0.3582173913043479,0.5614782608695653,0.3643913043478261,0.4515652173913043,0.3344782608695651,0.1765217391304347,0.1579130434782608,0.1099130434782608,0.1154782608695652,0.3960434782608695,-0.0154130434782608,0.2566811594202898,514.0869565217391,99.21739130434784
all,2024-08-19,16.0,12.0,,,,,,,,,,,,,,,,,,,,,,,,,,,,,,,,,
all,2024-08-20,17.0,13.0,,,,,,,,,,,,,,,,,,,,,,,,,,,,,,,,,
all,2024-08-21,27.0,22.0,0.2227777777777778,0.1618518518518518,0.2794074074074074,0.1438888888888889,0.0812222222222222,0.1927037037037037,0.1799259259259259,0.6659999999999999,0.6151111111111112,0.1054814814814815,0.4454444444444444,0.0813333333333333,0.0771481481481481,0.1807777777777778,0.0458518518518518,0.2935925925925925,0.2118518518518518,0.1678888888888889,0.4127777777777777,0.2496296296296296,0.4648148148148148,0.2781481481481481,0.4192592592592593,0.255962962962963,0.0946296296296296,0.0259259259259259,0.0207407407407407,0.091037037037037,0.3715555555555556,0.0650185185185185,0.2912098765432099,250.7037037037037,50.18518518518518
all,2024-08-22,23.0,20.0,0.2498695652173913,0.1859565217391304,0.1591304347826087,0.1135217391304348,0.1913478260869564,0.2275217391304348,0.2071304347826087,0.6147826086956522,0.6390869565217392,0.1672173913043478,0.4744347826086956,0.1086521739130434,0.1390434782608695,0.1798260869565217,0.0314782608695652,0.3679130434782608,0.200695652173913,0.3047391304347826,0.3886086956521739,0.2763478260869564,0.5177391304347826,0.3597826086956522,0.3830434782608696,0.2735217391304348,0.1669130434782608,0.0658695652173913,0.0766521739130434,0.0952608695652173,0.3896086956521739,-0.0323152173913043,0.1580144927536232,306.69565217391306,60.43478260869565
all,2024-08-23,10.0,9.0,,,,,,,,,,,,,,,,,,,,,,,,,,,,,,,,,
all,2024-08-24,29.0,17.0,0.248551724137931,0.1608275862068965,0.2342413793103448,0.1508620689655172,0.1081724137931034,0.2427586206896551,0.1775862068965516,0.5914827586206898,0.6539999999999999,0.1281034482758621,0.5195172413793103,0.0536206896551724,0.1354482758620689,0.159,0.0219655172413793,0.3355862068965518,0.1923448275862069,0.2815862068965517,0.3967586206896552,0.344448275862069,0.495,0.3661724137931034,0.4088275862068965,0.2667931034482759,0.1117586206896551,0.0657931034482758,0.0248275862068965,0.0830689655172413,0.3546896551724137,0.0231551724137931,0.2707586206896551,200.1034482758621,38.96551724137931
all,2024-08-25,17.0,16.0,,,,,,,,,,,,,,,,,,,,,,,,,,,,,,,,,
all,2024-08-26,17.0,14.0,,,,,,,,,,,,,,,,,,,,,,,,,,,,,,,,,
all,2024-08-27,19.0,18.0,,,,,,,,,,,,,,,,,,,,,,,,,,,,,,,,,
all,2024-08-28,25.0,20.0,0.3317199999999999,0.21288,0.26904,0.26172,0.08376,0.22948,0.1781199999999999,0.6358,0.6827199999999999,0.1326399999999999,0.4356799999999999,0.11156,0.1350799999999999,0.2395199999999999,0.03804,0.3352399999999999,0.25272,0.2508,0.3683999999999999,0.284,0.56272,0.30788,0.44216,0.2786,0.1103599999999999,0.0483599999999999,0.10772,0.09656,0.40956,0.1122199999999999,0.3440666666666667,311.76,59.36
all,2024-08-29,22.0,18.0,0.3369999999999999,0.1492727272727272,0.2138636363636362,0.1826818181818182,0.0562272727272727,0.1976818181818181,0.160590909090909,0.6561818181818183,0.7066363636363636,0.1233636363636363,0.3682727272727273,0.064090909090909,0.2093181818181818,0.171090909090909,0.0629090909090909,0.301590909090909,0.1750454545454546,0.3047727272727272,0.3096363636363636,0.1994545454545454,0.5298181818181819,0.3192272727272728,0.457590909090909,0.2618636363636363,0.1085909090909091,0.0597272727272727,0.1533181818181818,0.0918636363636363,0.3505454545454545,0.09375,0.3629393939393939,297.45454545454544,59.45454545454545
all,2024-08-30,15.0,12.0,,,,,,,,,,,,,,,,,,,,,,,,,,,,,,,,,
all,2024-08-31,17.0,14.0,,,,,,,,,,,,,,,,,,,,,,,,,,,,,,,,,
all,2024-09-01,25.0,17.0,0.34532,0.13488,0.19616,0.1292799999999999,0.14056,0.26028,0.21856,0.67336,0.7055199999999999,0.15508,0.48228,0.10436,0.12352,0.21416,0.05552,0.2934800000000001,0.1871599999999999,0.21528,0.38804,0.30316,0.5367200000000001,0.3377199999999999,0.46052,0.30584,0.14056,0.13668,0.11532,0.08948,0.3566,0.00099,0.2751066666666666,378.48,74.4
all,2024-09-02,15.0,12.0,,,,,,,,,,,,,,,,,,,,,,,,,,,,,,,,,
all,2024-09-03,21.0,18.0,0.3163809523809524,0.1524761904761905,0.2326666666666666,0.1285714285714286,0.1523333333333333,0.2666666666666666,0.2163333333333333,0.6480952380952381,0.6541904761904762,0.1656190476190476,0.4257142857142857,0.135095238095238,0.2394761904761904,0.1901904761904762,0.1043809523809523,0.3074761904761904,0.2366666666666667,0.195047619047619,0.3968571428571428,0.3777619047619047,0.5173809523809524,0.3156666666666666,0.4560476190476191,0.2755238095238095,0.1287142857142857,0.0532857142857142,0.0937142857142857,0.1253333333333333,0.4009523809523809,-0.0019761904761904,0.2487460317460317,409.3333333333333,85.85714285714286
all,2024-09-04,18.0,12.0,,,,,,,,,,,,,,,,,,,,,,,,,,,,,,,,,
all,2024-09-05,31.0,17.0,0.3497096774193548,0.1994193548387096,0.2988709677419354,0.1985806451612903,0.1389677419354838,0.2601612903225807,0.1865161290322581,0.6449354838709676,0.6693548387096775,0.1815806451612902,0.5421612903225808,0.0922903225806451,0.2032258064516129,0.2031935483870968,0.0416451612903225,0.3235806451612903,0.2298709677419355,0.2185483870967742,0.3633225806451612,0.2733870967741936,0.515774193548387,0.3126129032258065,0.375516129032258,0.4366774193548387,0.1154516129032258,0.1055806451612903,0.1309677419354838,0.1025806451612903,0.3859032258064515,0.0620806451612903,0.3003440860215053,307.51612903225805,62.2258064516129
all,2024-09-06,26.0,23.0,0.3775384615384616,0.2314230769230769,0.2283846153846154,0.1887692307692307,0.1089230769230769,0.2434615384615384,0.1949230769230768,0.6876923076923076,0.7395384615384616,0.1997307692307692,0.4429999999999999,0.0839999999999999,0.229576923076923,0.1758076923076923,0.0315384615384615,0.2851153846153846,0.2427307692307692,0.1792692307692307,0.5080769230769231,0.2528461538461539,0.526076923076923,0.2885384615384615,0.477076923076923,0.2705384615384615,0.0958076923076923,0.0394999999999999,0.0766538461538461,0.0976538461538461,0.3873846153846153,0.0803365384615384,0.3395641025641026,371.5,73.57692307692308
all,2024-09-07,27.0,19.0,0.2294444444444444,0.1288518518518518,0.1939629629629629,0.0909259259259259,0.1488148148148148,0.2672592592592592,0.207074074074074,0.6653333333333333,0.6650370370370372,0.1347037037037037,0.4712222222222222,0.0716296296296296,0.2098888888888888,0.1615185185185185,0.0317037037037037,0.3213703703703704,0.2532962962962963,0.1732222222222222,0.5578148148148149,0.358962962962963,0.5277037037037037,0.3702222222222222,0.4802222222222222,0.3207777777777778,0.1231481481481481,0.0282222222222222,0.0608888888888888,0.0946296296296296,0.3634074074074074,-0.0472407407407407,0.214,407.7407407407408,81.74074074074075
all,2024-09-08,19.0,18.0,,,,,,,,,,,,,,,,,,,,,,,,,,,,,,,,,
all,2024-09-09,20.0,16.0,0.3562999999999999,0.3108,0.3111,0.2242,0.1621,0.31445,0.2528499999999999,0.58395,0.6535,0.2725,0.49305,0.1824,0.18315,0.2804,0.0799999999999999,0.4531499999999999,0.29185,0.3709,0.42855,0.3228,0.5447500000000001,0.4433499999999999,0.3546499999999999,0.3611,0.15555,0.1498999999999999,0.1456,0.16035,0.43585,0.0623249999999999,0.2782,862.8,171.1
all,2024-09-10,16.0,14.0,,,,,,,,,,,,,,,,,,,,,,,,,,,,,,,,,
all,2024-09-11,22.0,20.0,0.3847727272727272,0.129,0.2044545454545454,0.0908636363636363,0.1,0.2680909090909091,0.2126363636363636,0.6275000000000001,0.6839090909090909,0.1590454545454545,0.551,0.0688636363636363,0.1519545454545454,0.1814090909090908,0.0190454545454545,0.3637272727272727,0.1876818181818181,0.268409090909091,0.3953636363636363,0.2756818181818181,0.5255454545454545,0.3530454545454545,0.428590909090909,0.3325,0.0978636363636363,0.1059090909090909,0.1354545454545454,0.085090909090909,0.3513636363636363,0.0182272727272727,0.3243787878787879,355.40909090909093,72.04545454545455
all,2024-09-12,16.0,15.0,,,,,,,,,,,,,,,,,,,,,,,,,,,,,,,,,
all,2024-09-13,20.0,18.0,0.3905999999999999,0.2169,0.31045,0.2271499999999999,0.1099,0.31655,0.3289499999999999,0.7375,0.7575000000000001,0.1977999999999999,0.60685,0.1015999999999999,0.1628,0.32135,0.0281,0.39895,0.2623999999999999,0.2278,0.4597,0.2875999999999999,0.6272,0.5366,0.53865,0.396,0.1294499999999999,0.12215,0.1189,0.123,0.42965,0.07305,0.3762833333333333,541.15,109.5
all,2024-09-14,23.0,22.0,0.3250434782608696,0.1530869565217391,0.279695652173913,0.2242608695652174,0.0894782608695652,0.2270434782608696,0.1903913043478261,0.565608695652174,0.7035217391304348,0.1741304347826087,0.4424347826086955,0.0643478260869565,0.1923043478260869,0.1785217391304347,0.0709130434782608,0.3300434782608695,0.2256521739130434,0.2267826086956521,0.3531739130434783,0.215391304347826,0.5561739130434783,0.3521739130434782,0.390304347826087,0.3362173913043478,0.1588260869565217,0.0985217391304347,0.0730434782608695,0.0888695652173913,0.3550434782608695,0.0872608695652173,0.3466086956521739,347.5652173913044,69.47826086956522
all,2024-09-15,18.0,16.0,,,,,,,,,,,,,,,,,,,,,,,,,,,,,,,,,
all,2024-09-16,19.0,17.0,,,,,,,,,,,,,,,,,,,,,,,,,,,,,,,,,
all,2024-09-17,11.0,11.0,,,,,,,,,,,,,,,,,,,,,,,,,,,,,,,,,
all,2024-09-18,25.0,21.0,0.33376,0.13152,0.21404,0.14952,0.23092,0.29368,0.214,0.6805199999999999,0.58232,0.14296,0.46756,0.15288,0.21144,0.23692,0.0585999999999999,0.32844,0.27436,0.23296,0.3845599999999999,0.42188,0.51572,0.3958,0.4689199999999999,0.40488,0.1263999999999999,0.07572,0.08448,0.12312,0.4296,-0.0550899999999999,0.1457866666666666,310.32,62.48
all,2024-09-19,19.0,17.0,,,,,,,,,,,,,,,,,,,,,,,,,,,,,,,,,
all,2024-09-20,19.0,16.0,,,,,,,,,,,,,,,,,,,,,,,,,,,,,,,,,
all,2024-09-21,28.0,24.0,0.3269999999999999,0.2693571428571428,0.2298214285714285,0.2321071428571428,0.1019642857142857,0.2500357142857143,0.2499285714285714,0.6612857142857144,0.7617857142857142,0.2085714285714285,0.4324642857142857,0.1357857142857142,0.2134642857142857,0.25775,0.0574642857142857,0.3284285714285714,0.2678571428571428,0.25875,0.3993214285714286,0.2409999999999999,0.5571785714285714,0.3900714285714285,0.4872142857142857,0.3211071428571429,0.1287499999999999,0.0424999999999999,0.162,0.1375714285714285,0.4315357142857143,0.0885714285714285,0.3375714285714285,571.5,114.75
all,2024-09-22,16.0,14.0,,,,,,,,,,,,,,,,,,,,,,,,,,,,,,,,,
all,2024-09-23,13.0,12.0,,,,,,,,,,,,,,,,,,,,,,,,,,,,,,,,,
all,2024-09-24,16.0,13.0,,,,,,,,,,,,,,,,,,,,,,,,,,,,,,,,,
all,2024-09-25,24.0,17.0,0.3271666666666666,0.1989166666666667,0.2613333333333333,0.175625,0.0832916666666666,0.254375,0.2276666666666666,0.6347083333333333,0.6960000000000001,0.178,0.4052916666666666,0.1505416666666666,0.17125,0.196125,0.0280416666666666,0.3340833333333333,0.210875,0.264625,0.3932499999999999,0.2642083333333333,0.60925,0.3864166666666666,0.4594166666666666,0.2975833333333333,0.13225,0.0702499999999999,0.1062916666666666,0.121875,0.3910833333333333,0.0719270833333333,0.344875,572.0833333333334,111.45833333333331
all,2024-09-26,18.0,13.0,,,,,,,,,,,,,,,,,,,,,,,,,,,,,,,,,
all,2024-09-27,18.0,15.0,,,,,,,,,,,,,,,,,,,,,,,,,,,,,,,,,
all,2024-09-28,10.0,9.0,,,,,,,,,,,,,,,,,,,,,,,,,,,,,,,,,
all,2024-09-29,20.0,16.0,0.2986,0.36145,0.28445,0.2352999999999999,0.0917999999999999,0.2057999999999999,0.15155,0.60235,0.7055,0.1692,0.4613999999999999,0.1268,0.1636,0.1707999999999999,0.05275,0.31975,0.18965,0.29415,0.3328,0.19615,0.58075,0.31275,0.34635,0.28105,0.1067499999999999,0.04005,0.0760499999999999,0.0865,0.3967,0.1461499999999999,0.3377166666666666,335.8,65.5
all,2024-09-30,18.0,16.0,,,,,,,,,,,,,,,,,,,,,,,,,,,,,,,,,
all,2024-10-01,29.0,19.0,0.276448275862069,0.2293793103448275,0.1881379310344827,0.1561724137931034,0.1500689655172414,0.2841724137931035,0.258448275862069,0.6644482758620689,0.6773103448275861,0.2164827586206897,0.4367586206896552,0.1583103448275861,0.1923448275862068,0.236103448275862,0.0997586206896551,0.3671724137931035,0.2828620689655172,0.2796206896551724,0.4275172413793103,0.449103448275862,0.5382758620689656,0.4727241379310344,0.4636206896551724,0.3264137931034482,0.1808965517241379,0.0806896551724137,0.063103448275862,0.1357586206896552,0.4296206896551724,-0.0045862068965517,0.2305632183908046,537.9310344827586,104.06896551724138
all,2024-10-02,18.0,15.0,,,,,,,,,,,,,,,,,,,,,,,,,,,,,,,,,
all,2024-10-03,13.0,12.0,,,,,,,,,,,,,,,,,,,,,,,,,,,,,,,,,
all,2024-10-04,14.0,11.0,,,,,,,,,,,,,,,,,,,,,,,,,,,,,,,,,
all,2024-10-05,14.0,13.0,,,,,,,,,,,,,,,,,,,,,,,,,,,,,,,,,
all,2024-10-06,21.0,18.0,0.338047619047619,0.2760952380952381,0.2705714285714286,0.2339999999999999,0.122047619047619,0.2997142857142857,0.3002380952380952,0.6841428571428572,0.733047619047619,0.2367142857142857,0.3782857142857143,0.1298571428571429,0.1316666666666666,0.254095238095238,0.0579523809523809,0.3642380952380952,0.2436190476190476,0.3141428571428571,0.468904761904762,0.308,0.6801428571428572,0.3950952380952381,0.4404761904761904,0.2849523809523809,0.1645714285714286,0.0798095238095238,0.1438095238095238,0.1326666666666666,0.4238095238095238,0.068797619047619,0.3251746031746031,783.4761904761905,152.9047619047619
all,2024-10-07,24.0,19.0,0.2244166666666666,0.1404166666666666,0.169,0.112375,0.1644583333333333,0.2314583333333333,0.216875,0.598875,0.5964999999999999,0.1695416666666666,0.457875,0.1100416666666666,0.1788333333333333,0.197125,0.0311666666666666,0.3163333333333333,0.2125,0.2340416666666666,0.3989166666666666,0.3947083333333332,0.5134583333333333,0.3837916666666667,0.4282083333333333,0.3019166666666666,0.1285833333333333,0.0717916666666666,0.0581666666666666,0.0865833333333333,0.3387083333333334,-0.03640625,0.1655138888888888,405.4166666666667,79.58333333333333
all,2024-10-08,23.0,21.0,0.269695652173913,0.1714347826086956,0.2732608695652173,0.1355217391304347,0.2367391304347826,0.3110869565217391,0.2442173913043478,0.6687391304347826,0.5855217391304348,0.1504782608695652,0.3931739130434783,0.1168695652173913,0.1979130434782608,0.2109565217391304,0.0380869565217391,0.3791739130434782,0.2665217391304347,0.2577826086956521,0.352695652173913,0.4339130434782609,0.5401304347826087,0.4258260869565217,0.4296086956521739,0.2781739130434782,0.1655652173913044,0.0518260869565217,0.0203478260869565,0.1051739130434782,0.4002173913043478,-0.0614347826086956,0.1394202898550724,536.0,106.6086956521739
all,2024-10-09,21.0,16.0,0.4602857142857143,0.2361428571428571,0.286095238095238,0.1688571428571428,0.0780952380952381,0.2925238095238095,0.224047619047619,0.6918095238095237,0.7837619047619049,0.1708095238095238,0.4675714285714286,0.1134761904761904,0.1283809523809523,0.2117619047619047,0.0817142857142857,0.3637142857142857,0.239095238095238,0.2836666666666667,0.4856190476190476,0.2861428571428571,0.5485714285714286,0.4128095238095238,0.5001428571428571,0.3604761904761904,0.1300952380952381,0.146095238095238,0.0318095238095238,0.1123333333333333,0.3986666666666666,0.1025357142857142,0.4319523809523808,441.3333333333333,88.47619047619048
all,2024-10-10,18.0,15.0,,,,,,,,,,,,,,,,,,,,,,,,,,,,,,,,,
all,2024-10-11,18.0,15.0,,,,,,,,,,,,,,,,,,,,,,,,,,,,,,,,,
all,2024-10-12,22.0,21.0,0.2530454545454546,0.2453636363636364,0.2376818181818181,0.1549545454545454,0.1830909090909091,0.2991363636363636,0.2146818181818181,0.6554545454545454,0.6054999999999999,0.1451363636363636,0.4039090909090909,0.1385,0.1636818181818182,0.2266363636363636,0.0204090909090909,0.3424090909090909,0.1953181818181818,0.2569090909090908,0.3552727272727272,0.3490454545454545,0.5565454545454545,0.3715454545454545,0.3864545454545455,0.2605909090909091,0.1067272727272727,0.0709545454545454,0.0689545454545454,0.0842272727272727,0.3656818181818181,-0.0183522727272727,0.1823181818181818,391.3636363636364,77.36363636363636
all,2024-10-13,27.0,18.0,0.2636296296296296,0.1294814814814814,0.3580740740740741,0.1294444444444444,0.0956296296296296,0.2062222222222222,0.1653703703703703,0.7027777777777777,0.7470740740740742,0.1278518518518518,0.6125555555555555,0.0694814814814814,0.2539999999999999,0.1358518518518518,0.0992222222222222,0.2835555555555555,0.2277407407407407,0.1439629629629629,0.416037037037037,0.2778148148148148,0.4555185185185185,0.2567777777777778,0.524,0.3668888888888888,0.0792962962962962,0.0145555555555555,0.0141851851851851,0.1022222222222222,0.3685925925925926,0.0692314814814814,0.3606296296296296,252.3703703703704,50.51851851851852
all,2024-10-14,25.0,18.0,0.30404,0.2025999999999999,0.24924,0.1725199999999999,0.1124,0.2406799999999999,0.20196,0.66372,0.65728,0.17284,0.43928,0.0936,0.17312,0.27524,0.03404,0.34392,0.2227199999999999,0.33836,0.29584,0.23524,0.58252,0.3577999999999999,0.47596,0.26932,0.19536,0.0521999999999999,0.10044,0.11688,0.40724,0.0555599999999999,0.29112,321.36,60.8
all,2024-10-15,23.0,19.0,0.4214782608695652,0.2998260869565218,0.2987391304347827,0.1986521739130435,0.1580434782608695,0.332695652173913,0.2924347826086956,0.7231739130434782,0.7732608695652174,0.2712173913043478,0.5470869565217391,0.1444347826086956,0.186,0.2916521739130435,0.0833043478260869,0.4053913043478261,0.2903478260869565,0.2952173913043478,0.5046956521739131,0.3069565217391304,0.6261304347826087,0.5111304347826088,0.5023913043478262,0.3291304347826086,0.1908260869565217,0.0959565217391304,0.1753043478260869,0.1693913043478261,0.4403913043478261,0.0593043478260869,0.3397826086956521,828.3478260869565,163.52173913043478
all,2024-10-16,41.0,33.0,0.2704878048780488,0.1592682926829268,0.1900975609756097,0.1305121951219512,0.0827073170731707,0.1842682926829268,0.159,0.6337560975609756,0.7040487804878048,0.1543170731707316,0.3611463414634146,0.0891951219512195,0.1280243902439024,0.1753414634146341,0.0394878048780487,0.2687073170731707,0.1824146341463414,0.1912682926829268,0.315390243902439,0.2662926829268292,0.4234878048780487,0.3154146341463414,0.3975853658536585,0.2815609756097561,0.0802195121951219,0.0303658536585365,0.0778536585365853,0.0634390243902439,0.3292682926829268,0.0541036585365853,0.3055040650406504,287.8536585365854,58.02439024390244
all,2024-10-17,20.0,16.0,0.3761,0.1206499999999999,0.21455,0.17005,0.05575,0.2135,0.1398,0.6469000000000001,0.73185,0.1148999999999999,0.4029999999999999,0.09035,0.11115,0.11425,0.0594499999999999,0.2804999999999999,0.22615,0.16205,0.38545,0.26205,0.4294499999999999,0.3228,0.4458499999999999,0.3138,0.13635,0.02505,0.01395,0.0642,0.3255,0.0857125,0.3850833333333333,195.75,39.45
all,2024-10-18,15.0,13.0,,,,,,,,,,,,,,,,,,,,,,,,,,,,,,,,,
all,2024-10-19,19.0,16.0,,,,,,,,,,,,,,,,,,,,,,,,,,,,,,,,,
all,2024-10-20,29.0,27.0,0.287448275862069,0.2406206896551724,0.2617931034482758,0.1655862068965517,0.0653448275862069,0.2312413793103449,0.2007931034482759,0.6289655172413793,0.6704827586206897,0.1683793103448275,0.3539655172413793,0.099551724137931,0.1348275862068965,0.2078275862068965,0.0173448275862068,0.318,0.2192758620689655,0.1738965517241379,0.3826206896551724,0.2413448275862068,0.4837586206896551,0.3095172413793103,0.4146206896551724,0.2680344827586207,0.1288275862068965,0.0674482758620689,0.0749310344827586,0.1082068965517241,0.387551724137931,0.0905689655172413,0.3412298850574713,325.82758620689657,65.82758620689656
all,2024-10-21,20.0,16.0,0.28495,0.2045,0.29035,0.1619999999999999,0.1174499999999999,0.2149999999999999,0.1736,0.62565,0.6434000000000001,0.15165,0.4397,0.0785999999999999,0.1954499999999999,0.2011,0.02155,0.3286,0.22165,0.1737999999999999,0.3751,0.3286,0.4599999999999999,0.3097499999999999,0.4472500000000001,0.3018,0.07415,0.0293,0.0665,0.1166,0.37345,0.069225,0.2887833333333333,330.05,67.25
all,2024-10-22,13.0,10.0,,,,,,,,,,,,,,,,,,,,,,,,,,,,,,,,,
all,2024-10-23,22.0,18.0,0.282590909090909,0.2187272727272727,0.3191818181818181,0.1993181818181818,0.1683181818181818,0.2938636363636364,0.2436818181818182,0.6530454545454546,0.6160909090909091,0.1987272727272727,0.4873636363636363,0.1249090909090909,0.15,0.2396363636363636,0.0259545454545454,0.3633636363636364,0.2218181818181818,0.2943636363636364,0.4380909090909091,0.3576818181818182,0.6930454545454546,0.5191363636363637,0.5161818181818182,0.3074545454545454,0.1379545454545454,0.0953181818181818,0.0585454545454545,0.134090909090909,0.4181363636363635,0.0238636363636363,0.2376363636363636,544.5454545454545,108.3181818181818
all,2024-10-24,17.0,15.0,,,,,,,,,,,,,,,,,,,,,,,,,,,,,,,,,
all,2024-10-25,16.0,16.0,,,,,,,,,,,,,,,,,,,,,,,,,,,,,,,,,
all,2024-10-26,28.0,21.0,0.3949642857142857,0.2071785714285714,0.26475,0.1867142857142857,0.0908928571428571,0.2247857142857143,0.1873214285714285,0.6777857142857143,0.7799285714285713,0.2346785714285714,0.4413571428571429,0.096,0.2523214285714286,0.1975357142857143,0.0495357142857142,0.330642857142857,0.2308214285714285,0.1802857142857142,0.3864285714285714,0.1678928571428571,0.4941071428571429,0.3291428571428571,0.4611071428571427,0.3444642857142858,0.0890357142857142,0.0179642857142857,0.0271785714285714,0.1238571428571428,0.4181785714285714,0.1055625,0.3889880952380952,499.32142857142856,101.85714285714286
all,2024-10-27,13.0,11.0,,,,,,,,,,,,,,,,,,,,,,,,,,,,,,,,,
all,2024-10-28,21.0,18.0,0.4101904761904762,0.2802380952380952,0.3277142857142857,0.1948095238095238,0.0651428571428571,0.2435238095238095,0.1953333333333333,0.6849523809523811,0.7571428571428571,0.1789523809523809,0.569047619047619,0.0711904761904761,0.2095714285714285,0.1986666666666666,0.0595238095238095,0.3785238095238095,0.2433333333333333,0.2060952380952381,0.4272857142857143,0.1718095238095238,0.4950952380952381,0.2919523809523809,0.4531428571428571,0.3376666666666666,0.102,0.0232857142857142,0.0480952380952381,0.1035714285714285,0.4182380952380952,0.1489047619047619,0.4332063492063492,373.8095238095238,75.04761904761905
all,2024-10-29,15.0,13.0,,,,,,,,,,,,,,,,,,,,,,,,,,,,,,,,,
all,2024-10-30,11.0,9.0,,,,,,,,,,,,,,,,,,,,,,,,,,,,,,,,,
all,2024-10-31,10.0,9.0,,,,,,,,,,,,,,,,,,,,,,,,,,,,,,,,,
all,2024-11-01,26.0,19.0,0.3256923076923076,0.1854999999999999,0.1948461538461538,0.15,0.0810384615384615,0.2393461538461538,0.2161923076923077,0.6175384615384616,0.6868461538461538,0.2248076923076923,0.4243846153846153,0.0701538461538461,0.2491538461538461,0.2084230769230769,0.0327307692307692,0.3486153846153846,0.2141153846153846,0.2913461538461538,0.3380769230769231,0.210576923076923,0.5342307692307693,0.3121153846153846,0.466423076923077,0.3176923076923076,0.1069230769230769,0.0203461538461538,0.0996538461538461,0.0913461538461538,0.3810384615384615,0.0538173076923077,0.3214230769230769,444.1923076923077,87.57692307692308
all,2024-11-02,15.0,13.0,,,,,,,,,,,,,,,,,,,,,,,,,,,,,,,,,
all,2024-11-03,14.0,14.0,,,,,,,,,,,,,,,,,,,,,,,,,,,,,,,,,
all,2024-11-04,18.0,16.0,,,,,,,,,,,,,,,,,,,,,,,,,,,,,,,,,
all,2024-11-05,11.0,10.0,,,,,,,,,,,,,,,,,,,,,,,,,,,,,,,,,
all,2024-11-06,25.0,19.0,0.33976,0.19752,0.2849199999999999,0.2264,0.1071599999999999,0.31924,0.22196,0.6886,0.71788,0.20068,0.5664,0.13304,0.20292,0.24944,0.0478,0.3784,0.24684,0.34836,0.36168,0.32316,0.5876399999999999,0.4026,0.5412399999999999,0.3265999999999999,0.1321999999999999,0.1037999999999999,0.11884,0.15488,0.42052,0.04895,0.34036,472.0,93.12
all,2024-11-07,14.0,13.0,,,,,,,,,,,,,,,,,,,,,,,,,,,,,,,,,
all,2024-11-08,15.0,15.0,,,,,,,,,,,,,,,,,,,,,,,,,,,,,,,,,
all,2024-11-09,13.0,12.0,,,,,,,,,,,,,,,,,,,,,,,,,,,,,,,,,
all,2024-11-10,17.0,16.0,,,,,,,,,,,,,,,,,,,,,,,,,,,,,,,,,
all,2024-11-11,14.0,11.0,,,,,,,,,,,,,,,,,,,,,,,,,,,,,,,,,
all,2024-11-12,13.0,12.0,,,,,,,,,,,,,,,,,,,,,,,,,,,,,,,,,
all,2024-11-13,22.0,21.0,0.4630454545454545,0.2908181818181818,0.2706818181818181,0.2451818181818181,0.1071363636363636,0.2997272727272727,0.2684545454545454,0.7126818181818183,0.7825909090909092,0.2058636363636363,0.4972727272727272,0.1596363636363636,0.2083636363636363,0.2348181818181818,0.039590909090909,0.3821363636363636,0.2516363636363636,0.2239090909090909,0.5106363636363636,0.2507272727272727,0.6054090909090909,0.408,0.5189090909090909,0.3508181818181818,0.1665909090909091,0.0693181818181818,0.1875454545454545,0.1448181818181818,0.4295454545454544,0.114,0.3983030303030302,555.5,111.77272727272728
all,2024-11-14,27.0,18.0,0.223037037037037,0.122037037037037,0.2181481481481481,0.1565925925925926,0.0712592592592592,0.2143333333333333,0.1703333333333333,0.6270740740740741,0.6477777777777777,0.1192592592592592,0.4115185185185185,0.0972962962962963,0.1464074074074074,0.1734444444444444,0.022037037037037,0.3149259259259259,0.189037037037037,0.2167777777777777,0.2466296296296296,0.349,0.415074074074074,0.2371481481481481,0.422962962962963,0.2312222222222222,0.0766296296296296,0.0233333333333333,0.0808148148148148,0.0745925925925925,0.3372222222222222,0.0371574074074073,0.2917283950617284,378.8148148148149,77.88888888888889
all,2024-11-15,17.0,14.0,,,,,,,,,,,,,,,,,,,,,,,,,,,,,,,,,
all,2024-11-16,19.0,14.0,,,,,,,,,,,,,,,,,,,,,,,,,,,,,,,,,
all,2024-11-17,23.0,19.0,0.412695652173913,0.2209130434782608,0.2902608695652174,0.2102608695652173,0.1987391304347826,0.3436521739130435,0.3254347826086956,0.689304347826087,0.7234347826086956,0.2535652173913043,0.6323043478260869,0.1754347826086956,0.2777391304347826,0.299,0.1190434782608695,0.3949565217391304,0.3497391304347826,0.3241304347826087,0.5220434782608696,0.385695652173913,0.6340869565217391,0.4172608695652173,0.489695652173913,0.4484347826086957,0.216304347826087,0.1630434782608695,0.1489130434782608,0.1774347826086956,0.4513913043478261,0.0123369565217391,0.2767246376811594,536.6521739130435,107.65217391304348
all,2024-11-18,19.0,17.0,,,,,,,,,,,,,,,,,,,,,,,,,,,,,,,,,
all,2024-11-19,19.0,15.0,,,,,,,,,,,,,,,,,,,,,,,,,,,,,,,,,
all,2024-11-20,21.0,15.0,0.3066190476190476,0.1902380952380952,0.2229523809523809,0.1868095238095238,0.0819523809523809,0.2208095238095238,0.1977619047619047,0.6569047619047619,0.6745238095238095,0.155,0.4548095238095238,0.0646666666666666,0.1946666666666666,0.1801428571428571,0.0213333333333333,0.2806666666666667,0.2201904761904762,0.2098095238095238,0.3772380952380952,0.2403809523809524,0.5858571428571427,0.3896190476190475,0.4780476190476191,0.2925238095238095,0.1001428571428571,0.0657619047619047,0.1812857142857142,0.1146666666666666,0.3962380952380952,0.0752738095238095,0.3194126984126984,557.6666666666666,111.71428571428572
all,2024-11-21,20.0,17.0,0.26115,0.1718,0.2002999999999999,0.15605,0.1044,0.2654499999999999,0.2265,0.6834999999999999,0.6519999999999999,0.13465,0.45435,0.1064,0.2048499999999999,0.2043,0.0751999999999999,0.297,0.2138999999999999,0.25575,0.3933,0.2601,0.61365,0.41335,0.46755,0.30295,0.1362999999999999,0.1023999999999999,0.103,0.10625,0.39265,0.0123999999999999,0.2667499999999999,531.35,106.35
all,2024-11-22,15.0,14.0,,,,,,,,,,,,,,,,,,,,,,,,,,,,,,,,,
all,2024-11-23,21.0,14.0,0.474095238095238,0.3156666666666666,0.3119523809523809,0.1793809523809523,0.0648571428571428,0.2886666666666666,0.2418571428571428,0.6932857142857143,0.7300476190476191,0.1814285714285714,0.6409047619047619,0.0748571428571428,0.1857142857142857,0.2228095238095238,0.0228095238095238,0.3765238095238095,0.2727142857142857,0.2437142857142857,0.5217142857142856,0.2096666666666667,0.6070000000000001,0.3861904761904761,0.4124285714285715,0.4071428571428571,0.1166190476190476,0.0515238095238095,0.1693333333333333,0.1173333333333333,0.4301904761904761,0.1435119047619047,0.4405079365079365,496.4761904761905,101.1904761904762
all,2024-11-24,24.0,20.0,0.2426666666666666,0.0942916666666666,0.1823749999999999,0.1364166666666666,0.1178333333333333,0.2652916666666666,0.1879999999999999,0.70125,0.599375,0.1349166666666666,0.426875,0.0529583333333333,0.2320833333333333,0.2085416666666666,0.0201666666666666,0.3461249999999999,0.2221666666666666,0.2494583333333333,0.3380416666666666,0.2815833333333333,0.5515416666666667,0.3674166666666667,0.5169166666666666,0.250875,0.123125,0.0198333333333333,0.1047916666666666,0.09375,0.3955833333333333,-0.027625,0.2236388888888889,434.2916666666667,86.95833333333333
all,2024-11-25,15.0,10.0,,,,,,,,,,,,,,,,,,,,,,,,,,,,,,,,,
all,2024-11-26,15.0,14.0,,,,,,,,,,,,,,,,,,,,,,,,,,,,,,,,,
all,2024-11-27,18.0,17.0,,,,,,,,,,,,,,,,,,,,,,,,,,,,,,,,,
all,2024-11-28,25.0,20.0,0.4512,0.20872,0.313,0.2201999999999999,0.0440799999999999,0.18256,0.1982,0.6830000000000002,0.7803600000000002,0.17348,0.5764,0.0515199999999999,0.26316,0.19088,0.03852,0.32104,0.20656,0.22844,0.35544,0.15884,0.50124,0.3365999999999999,0.4379199999999999,0.35544,0.07732,0.03108,0.07824,0.11144,0.37836,0.1849599999999999,0.4707733333333332,435.52,87.2
all,2024-11-29,24.0,22.0,0.3345,0.2158333333333333,0.2924166666666666,0.170625,0.0948333333333333,0.2905416666666667,0.2022083333333333,0.7044583333333333,0.685375,0.2045833333333333,0.4995416666666667,0.11225,0.2574166666666667,0.2390833333333333,0.03375,0.3122916666666667,0.2442916666666666,0.2749999999999999,0.3883750000000001,0.2345833333333332,0.5947916666666666,0.4165,0.544625,0.3265,0.1216666666666666,0.0599166666666666,0.0612083333333333,0.1410416666666666,0.4197083333333333,0.0606562499999999,0.3425972222222222,538.8333333333334,109.20833333333331
all,2024-11-30,21.0,17.0,0.2705238095238095,0.1250952380952381,0.2258095238095238,0.1495238095238095,0.1068571428571428,0.2325238095238095,0.2114285714285714,0.6619047619047619,0.6427142857142858,0.1433333333333333,0.2950952380952381,0.0784285714285714,0.1667619047619047,0.2703809523809524,0.0484285714285714,0.3217619047619047,0.2336190476190476,0.2507619047619047,0.338095238095238,0.3702857142857143,0.5158571428571428,0.2988095238095238,0.4923809523809525,0.2460952380952381,0.1357142857142857,0.0797619047619047,0.0471904761904761,0.1214285714285714,0.3976190476190476,0.023047619047619,0.2728253968253968,397.3809523809524,79.9047619047619
all,2024-12-01,15.0,10.0,,,,,,,,,,,,,,,,,,,,,,,,,,,,,,,,,
all,2024-12-02,13.0,11.0,,,,,,,,,,,,,,,,,,,,,,,,,,,,,,,,,
all,2024-12-03,17.0,15.0,,,,,,,,,,,,,,,,,,,,,,,,,,,,,,,,,
all,2024-12-04,10.0,10.0,,,,,,,,,,,,,,,,,,,,,,,,,,,,,,,,,
all,2024-12-05,23.0,18.0,0.4228695652173913,0.2869565217391304,0.2815652173913044,0.2168260869565217,0.0956521739130434,0.3222608695652175,0.3015652173913044,0.6453478260869564,0.6903478260869566,0.2226086956521738,0.5309565217391305,0.1632173913043478,0.1472608695652174,0.2738695652173913,0.1047391304347826,0.376086956521739,0.2412608695652173,0.3153478260869565,0.4534782608695652,0.2736521739130435,0.6200434782608694,0.3538695652173912,0.486391304347826,0.3379565217391304,0.137,0.0855652173913043,0.1473043478260869,0.1431304347826087,0.4390434782608697,0.0930978260869565,0.3692753623188406,872.2173913043479,169.69565217391303
all,2024-12-06,18.0,17.0,,,,,,,,,,,,,,,,,,,,,,,,,,,,,,,,,
all,2024-12-07,12.0,12.0,,,,,,,,,,,,,,,,,,,,,,,,,,,,,,,,,
all,2024-12-08,17.0,14.0,,,,,,,,,,,,,,,,,,,,,,,,,,,,,,,,,
all,2024-12-09,12.0,12.0,,,,,,,,,,,,,,,,,,,,,,,,,,,,,,,,,
all,2024-12-10,22.0,18.0,0.3974999999999999,0.2293181818181817,0.1794545454545454,0.1080454545454545,0.1060909090909091,0.2448636363636364,0.2185,0.6004090909090908,0.7615454545454546,0.2201818181818182,0.3814545454545455,0.0938181818181818,0.3044090909090909,0.1757272727272727,0.1378636363636363,0.277090909090909,0.2431363636363635,0.1299090909090909,0.5514090909090908,0.2290909090909091,0.5271363636363636,0.3412727272727272,0.3679090909090909,0.2492272727272727,0.1216818181818181,0.0874090909090909,0.1408181818181818,0.0876818181818181,0.3733636363636363,0.0531022727272727,0.3400757575757576,561.4090909090909,111.9090909090909
all,2024-12-11,22.0,16.0,0.3115,0.2247272727272727,0.114590909090909,0.1624090909090909,0.0836818181818181,0.1861818181818182,0.1501818181818182,0.6793181818181817,0.7474545454545454,0.2088636363636363,0.3924545454545454,0.0587272727272727,0.208590909090909,0.1738636363636363,0.0566363636363636,0.317,0.1894090909090908,0.250590909090909,0.4128181818181818,0.1884090909090909,0.4898636363636363,0.2559090909090909,0.4780454545454546,0.3174545454545454,0.0926818181818181,0.0903181818181818,0.0569090909090909,0.0739090909090909,0.3562727272727273,0.068375,0.3075,290.8181818181818,58.68181818181818
all,2024-12-12,15.0,13.0,,,,,,,,,,,,,,,,,,,,,,,,,,,,,,,,,
all,2024-12-13,20.0,18.0,0.2639,0.15635,0.2405,0.13285,0.0730999999999999,0.2404,0.2,0.60655,0.6308499999999999,0.16835,0.5597000000000001,0.0953499999999999,0.10445,0.20325,0.01295,0.3440500000000001,0.19585,0.253,0.2705499999999999,0.3259999999999999,0.4619,0.31405,0.4559499999999999,0.3439,0.07385,0.01715,0.09035,0.0878,0.3695,0.04165,0.3053166666666666,221.4,43.7
all,2024-12-14,22.0,18.0,0.1638636363636363,0.1788636363636363,0.1339545454545454,0.0954545454545454,0.153590909090909,0.2552727272727272,0.1872727272727272,0.6117727272727274,0.5253181818181818,0.0977727272727272,0.3832727272727274,0.0593636363636363,0.1020909090909091,0.1749090909090909,0.0265454545454545,0.3010909090909091,0.1945,0.2119090909090909,0.4325,0.3645,0.6421363636363636,0.3798181818181818,0.4374090909090908,0.2585,0.1637272727272727,0.0509090909090909,0.0718181818181818,0.1039545454545454,0.3969545454545455,-0.0613977272727272,0.1207878787878787,308.1363636363636,62.09090909090909
all,2024-12-15,17.0,16.0,,,,,,,,,,,,,,,,,,,,,,,,,,,,,,,,,
all,2024-12-16,19.0,18.0,,,,,,,,,,,,,,,,,,,,,,,,,,,,,,,,,
all,2024-12-17,20.0,18.0,0.39935,0.3173499999999999,0.3575,0.21255,0.0905499999999999,0.3176499999999999,0.2809,0.724,0.7992999999999999,0.2648999999999999,0.6284500000000001,0.1268,0.2630499999999999,0.22815,0.0562499999999999,0.4181,0.2488,0.2815999999999999,0.4572,0.2775999999999999,0.5747500000000001,0.3663499999999999,0.4688,0.3377,0.16765,0.0573499999999999,0.1511,0.15765,0.4211,0.1175875,0.4281666666666667,721.2,143.3
all,2024-12-18,21.0,17.0,0.2814761904761905,0.1491428571428571,0.2096190476190476,0.1121428571428571,0.0764285714285714,0.1912380952380953,0.2441428571428571,0.629952380952381,0.7322380952380952,0.1284761904761904,0.4168571428571429,0.1668571428571428,0.2953333333333333,0.1601904761904762,0.0686666666666666,0.2775238095238095,0.2799999999999999,0.1739047619047619,0.4047619047619047,0.3754285714285714,0.4187142857142857,0.3312380952380952,0.5016190476190476,0.3308095238095238,0.101047619047619,0.0473333333333333,0.0698571428571428,0.0961428571428571,0.3863333333333333,0.0542619047619047,0.3313492063492063,444.95238095238096,81.42857142857143
all,2024-12-19,19.0,15.0,,,,,,,,,,,,,,,,,,,,,,,,,,,,,,,,,
all,2024-12-20,12.0,11.0,,,,,,,,,,,,,,,,,,,,,,,,,,,,,,,,,
all,2024-12-21,10.0,10.0,,,,,,,,,,,,,,,,,,,,,,,,,,,,,,,,,
all,2024-12-22,17.0,13.0,,,,,,,,,,,,,,,,,,,,,,,,,,,,,,,,,
all,2024-12-23,17.0,15.0,,,,,,,,,,,,,,,,,,,,,,,,,,,,,,,,,
all,2024-12-24,13.0,9.0,,,,,,,,,,,,,,,,,,,,,,,,,,,,,,,,,
all,2024-12-25,20.0,17.0,0.23845,0.11245,0.1941999999999999,0.1522,0.15975,0.2805000000000001,0.22635,0.7056,0.5649,0.1301,0.40185,0.08245,0.1932999999999999,0.2487,0.01885,0.327,0.2007499999999999,0.3017999999999999,0.2872,0.39195,0.5318499999999999,0.3341,0.5291500000000001,0.2936999999999999,0.13165,0.0324,0.1111,0.09075,0.39685,-0.0458,0.1727666666666666,391.5,80.15
all,2024-12-26,16.0,15.0,,,,,,,,,,,,,,,,,,,,,,,,,,,,,,,,,
all,2024-12-27,16.0,15.0,,,,,,,,,,,,,,,,,,,,,,,,,,,,,,,,,
all,2024-12-28,13.0,12.0,,,,,,,,,,,,,,,,,,,,,,,,,,,,,,,,,
all,2024-12-29,16.0,14.0,,,,,,,,,,,,,,,,,,,,,,,,,,,,,,,,,
all,2024-12-30,25.0,20.0,0.36156,0.19132,0.27692,0.2288799999999999,0.10012,0.24728,0.222,0.6141200000000001,0.7118799999999998,0.20172,0.40412,0.0613199999999999,0.26128,0.22944,0.0334799999999999,0.35484,0.2621999999999999,0.2241599999999999,0.42036,0.21136,0.55476,0.36424,0.40164,0.254,0.11148,0.0562,0.06836,0.12492,0.412,0.09097,0.35,372.48,76.8
all,2024-12-31,17.0,13.0,,,,,,,,,,,,,,,,,,,,,,,,,,,,,,,,,
all,2025-01-01,11.0,11.0,,,,,,,,,,,,,,,,,,,,,,,,,,,,,,,,,
all,2025-01-02,36.0,25.0,0.4209722222222222,0.1861666666666666,0.3239722222222222,0.1898611111111111,0.0750833333333333,0.2729444444444444,0.2262222222222222,0.7028333333333334,0.7797222222222221,0.1942777777777777,0.5665,0.0961111111111111,0.2358333333333333,0.2003611111111111,0.0309999999999999,0.3600277777777778,0.2534722222222222,0.2229722222222222,0.4360833333333333,0.2466111111111111,0.5227777777777778,0.4025555555555556,0.4708611111111111,0.3354999999999999,0.0994166666666666,0.0509166666666666,0.0796944444444444,0.1176111111111111,0.4148333333333333,0.1062291666666666,0.4331388888888889,483.77777777777777,98.5
all,2025-01-03,17.0,15.0,,,,,,,,,,,,,,,,,,,,,,,,,,,,,,,,,
all,2025-01-04,16.0,16.0,,,,,,,,,,,,,,,,,,,,,,,,,,,,,,,,,
all,2025-01-05,19.0,17.0,,,,,,,,,,,,,,,,,,,,,,,,,,,,,,,,,
all,2025-01-06,31.0,27.0,0.3108709677419355,0.2233870967741935,0.288258064516129,0.1598064516129032,0.1372903225806451,0.317032258064516,0.2536774193548387,0.6549677419354839,0.6356774193548388,0.1899032258064516,0.4732903225806451,0.1079677419354838,0.1197096774193548,0.2212580645161289,0.043774193548387,0.347741935483871,0.2313870967741935,0.2570322580645162,0.4248709677419355,0.3491290322580646,0.579709677419355,0.4656774193548387,0.4780967741935484,0.3151612903225806,0.1316451612903225,0.084774193548387,0.1183870967741935,0.1149354838709677,0.3763225806451612,0.0184193548387096,0.2743118279569893,595.9677419354839,117.0
all,2025-01-07,13.0,13.0,,,,,,,,,,,,,,,,,,,,,,,,,,,,,,,,,
all,2025-01-08,19.0,16.0,,,,,,,,,,,,,,,,,,,,,,,,,,,,,,,,,
all,2025-01-09,16.0,14.0,,,,,,,,,,,,,,,,,,,,,,,,,,,,,,,,,
all,2025-01-10,21.0,19.0,0.3041904761904762,0.1514285714285714,0.2421428571428571,0.1523333333333333,0.0989047619047618,0.2647142857142857,0.2358095238095238,0.6671904761904761,0.6922857142857142,0.1704761904761904,0.4959523809523809,0.0793809523809523,0.2080952380952381,0.2450476190476191,0.0385714285714285,0.3562857142857142,0.2487619047619047,0.2592380952380952,0.4569047619047619,0.3198571428571429,0.5230952380952382,0.3200952380952381,0.4867619047619047,0.2939523809523809,0.1134761904761904,0.1059523809523809,0.1223333333333333,0.1189047619047619,0.404,0.0307142857142857,0.313968253968254,498.7142857142857,96.57142857142856
all,2025-01-11,24.0,20.0,0.34925,0.2425416666666666,0.3236666666666667,0.1827916666666666,0.1133333333333333,0.332125,0.26075,0.7214583333333334,0.6755833333333333,0.2013333333333333,0.6517083333333333,0.0869583333333333,0.147625,0.3308333333333333,0.0365416666666666,0.4527083333333333,0.27925,0.323125,0.4262083333333333,0.2817916666666666,0.6670416666666666,0.5465416666666666,0.4855,0.4026666666666667,0.1312083333333333,0.0687916666666666,0.1116666666666666,0.13225,0.4465833333333333,0.0518333333333333,0.3361666666666666,462.9166666666667,93.04166666666669
all,2025-01-12,16.0,12.0,,,,,,,,,,,,,,,,,,,,,,,,,,,,,,,,,
all,2025-01-13,18.0,17.0,,,,,,,,,,,,,,,,,,,,,,,,,,,,,,,,,
all,2025-01-14,24.0,13.0,0.102875,0.0892083333333333,0.0926666666666666,0.0930833333333333,0.0854166666666666,0.1721666666666666,0.1962916666666666,0.5905416666666666,0.5402083333333333,0.105,0.2169166666666666,0.0558333333333333,0.2217083333333333,0.1570416666666666,0.0187916666666666,0.267,0.1975833333333333,0.2067916666666666,0.3379583333333333,0.377375,0.432125,0.291,0.488625,0.1977916666666666,0.1192916666666666,0.0582916666666666,0.2397916666666666,0.0644166666666666,0.3090416666666666,-0.0343333333333333,0.1598333333333333,315.9583333333333,59.875
all,2025-01-15,27.0,17.0,0.2497407407407407,0.1464814814814815,0.2048148148148147,0.134037037037037,0.1464814814814815,0.2967777777777778,0.2702592592592592,0.7061851851851851,0.6204074074074074,0.1572592592592592,0.4572592592592593,0.1145555555555555,0.2562222222222222,0.2615555555555555,0.0485555555555555,0.3305185185185185,0.3146666666666667,0.2542222222222222,0.4597407407407407,0.479,0.5230370370370371,0.3628148148148148,0.493074074074074,0.2686666666666666,0.1681481481481481,0.0827407407407407,0.1644444444444444,0.1304074074074074,0.4373333333333334,-0.0378611111111111,0.2118395061728395,404.55555555555554,77.51851851851852
all,2025-01-16,13.0,9.0,,,,,,,,,,,,,,,,,,,,,,,,,,,,,,,,,
all,2025-01-17,17.0,12.0,,,,,,,,,,,,,,,,,,,,,,,,,,,,,,,,,
all,2025-01-18,15.0,13.0,,,,,,,,,,,,,,,,,,,,,,,,,,,,,,,,,
all,2025-01-19,12.0,10.0,,,,,,,,,,,,,,,,,,,,,,,,,,,,,,,,,
all,2025-01-20,15.0,13.0,,,,,,,,,,,,,,,,,,,,,,,,,,,,,,,,,
all,2025-01-21,19.0,15.0,,,,,,,,,,,,,,,,,,,,,,,,,,,,,,,,,
all,2025-01-22,23.0,17.0,0.4148695652173913,0.2875217391304347,0.3366086956521739,0.2061739130434782,0.1451739130434783,0.3274782608695652,0.259608695652174,0.7148260869565217,0.6477391304347826,0.1987391304347826,0.6160434782608696,0.1123913043478261,0.1957391304347826,0.2584347826086956,0.0519565217391304,0.3958695652173912,0.2621739130434782,0.2443913043478261,0.4838260869565217,0.3777826086956521,0.6508260869565217,0.384,0.5044347826086958,0.3818260869565218,0.1432608695652174,0.062695652173913,0.1108695652173913,0.1482608695652174,0.4614782608695651,0.0749673913043478,0.321231884057971,631.8695652173913,120.2608695652174
all,2025-01-23,24.0,21.0,0.3475416666666666,0.2625,0.2803333333333333,0.2470416666666667,0.0677499999999999,0.2251666666666666,0.2347083333333333,0.6731250000000001,0.6827916666666667,0.1609166666666666,0.471375,0.0635,0.23275,0.1684166666666666,0.058125,0.340125,0.2589583333333333,0.237,0.4076666666666667,0.2402083333333333,0.55025,0.3166666666666666,0.4685833333333333,0.278125,0.117625,0.0356666666666666,0.0857916666666666,0.1093333333333333,0.3925,0.1378958333333333,0.3691388888888888,393.6666666666667,78.45833333333333
all,2025-01-24,24.0,20.0,0.2800416666666667,0.15375,0.2879166666666666,0.1505,0.146875,0.3258333333333333,0.208875,0.6579583333333333,0.6405,0.1705833333333333,0.6467499999999999,0.1097916666666666,0.1601666666666666,0.2066249999999999,0.0263333333333333,0.3424166666666666,0.242375,0.2255416666666666,0.4322916666666667,0.3614166666666666,0.5261666666666667,0.3485833333333333,0.41,0.403375,0.131125,0.08225,0.0352083333333333,0.104375,0.4005,-0.0183020833333333,0.2559444444444444,432.4166666666667,83.95833333333333
all,2025-01-25,20.0,19.0,0.4006,0.1373,0.3097500000000001,0.17635,0.0915,0.2542,0.23435,0.67425,0.7078499999999999,0.16105,0.4836999999999999,0.13555,0.1686499999999999,0.22775,0.0332,0.3191,0.2611,0.24575,0.4187,0.2769999999999999,0.4845499999999999,0.30165,0.45735,0.3233,0.11005,0.0766,0.0562999999999999,0.13325,0.4265,0.08315,0.3812333333333332,381.8,77.1
all,2025-01-26,41.0,28.0,0.4363414634146341,0.2669756097560976,0.2838292682926829,0.2265121951219512,0.0903414634146341,0.2936829268292683,0.2518536585365853,0.7453658536585366,0.7726341463414635,0.2551707317073171,0.530780487804878,0.1231463414634146,0.2196585365853658,0.2698780487804877,0.0608780487804878,0.3914878048780487,0.2771951219512195,0.3072926829268292,0.4679512195121951,0.2091951219512195,0.6236829268292683,0.408219512195122,0.5725609756097562,0.3770243902439024,0.1482195121951219,0.059170731707317,0.105170731707317,0.1495853658536585,0.4401219512195121,0.1114024390243902,0.407260162601626,769.0731707317074,152.1219512195122
all,2025-01-27,20.0,15.0,0.4431,0.25505,0.2901499999999999,0.1697,0.18685,0.37,0.328,0.75205,0.75315,0.2704499999999999,0.62565,0.1972999999999999,0.24615,0.2744,0.0709999999999999,0.4715,0.3236,0.33055,0.5314,0.35605,0.69115,0.4918,0.539,0.47975,0.205,0.0895499999999999,0.15025,0.18265,0.50295,0.0110749999999999,0.3086166666666666,700.15,130.4
all,2025-01-28,17.0,17.0,,,,,,,,,,,,,,,,,,,,,,,,,,,,,,,,,
all,2025-01-29,21.0,20.0,0.3683809523809523,0.2664761904761905,0.2587142857142857,0.2323333333333333,0.1006666666666666,0.295047619047619,0.2670476190476191,0.6940476190476191,0.7233333333333333,0.2560952380952381,0.5373333333333333,0.1159523809523809,0.2601428571428571,0.3185238095238095,0.0869047619047619,0.373095238095238,0.265047619047619,0.3635714285714286,0.3710952380952381,0.2895714285714285,0.5834761904761905,0.4034285714285714,0.5041904761904762,0.3676190476190476,0.1555238095238095,0.1016190476190476,0.1138095238095237,0.126047619047619,0.4354761904761905,0.0836190476190476,0.3494761904761905,512.5714285714286,101.52380952380952
all,2025-01-30,23.0,15.0,0.4037391304347826,0.3010434782608696,0.2776086956521739,0.2196086956521739,0.1880434782608695,0.4031304347826088,0.3778695652173912,0.760391304347826,0.674608695652174,0.2646521739130434,0.4673913043478261,0.2229130434782608,0.1468260869565217,0.4166521739130435,0.0869130434782608,0.3971304347826087,0.3201304347826087,0.3439130434782609,0.4715652173913043,0.3414782608695651,0.6169999999999999,0.4222608695652173,0.6232608695652174,0.3851739130434782,0.2320434782608696,0.1997391304347825,0.1416521739130434,0.1968695652173913,0.4830434782608696,0.0049130434782608,0.2639420289855072,878.0434782608696,177.08695652173913
all,2025-01-31,19.0,17.0,,,,,,,,,,,,,,,,,,,,,,,,,,,,,,,,,
all,2025-02-01,25.0,18.0,0.25816,0.15404,0.2317199999999999,0.14128,0.15052,0.29068,0.23984,0.6816800000000001,0.59076,0.13016,0.41144,0.0884799999999999,0.16788,0.2267199999999999,0.0426,0.34936,0.2666,0.18768,0.3444,0.40212,0.55992,0.41124,0.49156,0.2668,0.1239199999999999,0.0533999999999999,0.10644,0.12696,0.41104,-0.0243,0.2096933333333333,333.48,66.36
all,2025-02-02,20.0,19.0,0.3553,0.2077999999999999,0.2461999999999999,0.19985,0.08765,0.27545,0.20985,0.6724,0.6738999999999999,0.1611,0.4638000000000001,0.0744,0.1375,0.2603,0.0168,0.3512,0.1832,0.29725,0.30585,0.2547500000000001,0.5789500000000001,0.4378999999999999,0.4333,0.3003,0.0995,0.13535,0.0885499999999999,0.1026999999999999,0.39425,0.0707375,0.3374833333333333,361.1,73.65
all,2025-02-03,7.0,7.0,,,,,,,,,,,,,,,,,,,,,,,,,,,,,,,,,
all,2025-02-04,20.0,17.0,0.303,0.1093999999999999,0.1519,0.1447,0.1009499999999999,0.1979,0.1924,0.6530499999999999,0.7296999999999999,0.1083,0.3161,0.0977,0.26335,0.1685,0.0228,0.2559,0.1868,0.22785,0.329,0.2236,0.50725,0.30825,0.3727499999999999,0.32295,0.10485,0.01685,0.0925999999999999,0.11215,0.39525,0.027825,0.2939166666666666,306.0,61.05
all,2025-02-05,19.0,17.0,,,,,,,,,,,,,,,,,,,,,,,,,,,,,,,,,
all,2025-02-06,15.0,14.0,,,,,,,,,,,,,,,,,,,,,,,,,,,,,,,,,
all,2025-02-07,15.0,15.0,,,,,,,,,,,,,,,,,,,,,,,,,,,,,,,,,
all,2025-02-08,23.0,17.0,0.3882173913043478,0.2719565217391304,0.280391304347826,0.2119565217391304,0.1591739130434782,0.3348695652173913,0.2896521739130435,0.7392173913043478,0.716782608695652,0.2736521739130435,0.6120869565217392,0.143,0.1869565217391303,0.3022173913043478,0.0375217391304347,0.4202608695652174,0.3042608695652174,0.238,0.5392608695652173,0.3340000000000001,0.6697391304347825,0.5120869565217392,0.5152608695652174,0.4190434782608696,0.1640434782608695,0.0544782608695652,0.1452608695652174,0.172391304347826,0.4886521739130434,0.0411086956521739,0.3026231884057971,645.0869565217391,129.65217391304347
all,2025-02-09,14.0,11.0,,,,,,,,,,,,,,,,,,,,,,,,,,,,,,,,,
all,2025-02-10,20.0,18.0,0.2881499999999999,0.22115,0.2241,0.17735,0.0926,0.25295,0.24925,0.58485,0.6335999999999998,0.12695,0.5513,0.06075,0.15495,0.1907499999999999,0.026,0.3185,0.18045,0.2424,0.32585,0.2856499999999999,0.58365,0.3854999999999999,0.35195,0.3905,0.0865,0.0245,0.1885999999999999,0.0966499999999999,0.4064,0.0549125,0.28935,429.4,84.7
all,2025-02-11,17.0,14.0,,,,,,,,,,,,,,,,,,,,,,,,,,,,,,,,,
all,2025-02-12,9.0,8.0,,,,,,,,,,,,,,,,,,,,,,,,,,,,,,,,,
all,2025-02-13,19.0,17.0,,,,,,,,,,,,,,,,,,,,,,,,,,,,,,,,,
all,2025-02-14,15.0,15.0,,,,,,,,,,,,,,,,,,,,,,,,,,,,,,,,,
all,2025-02-15,20.0,16.0,0.2908,0.1681999999999999,0.24705,0.1263,0.12815,0.262,0.20325,0.6848499999999998,0.67325,0.1466,0.4745,0.09755,0.1926999999999999,0.16645,0.1117999999999999,0.3168,0.2747499999999999,0.1574,0.5224499999999999,0.33625,0.54335,0.34235,0.4037,0.36255,0.1105,0.1162499999999999,0.03675,0.09695,0.3913,0.0130125,0.27555,302.9,59.8
all,2025-02-16,28.0,23.0,0.4125714285714285,0.26725,0.3196785714285714,0.1898571428571428,0.0983214285714285,0.3202857142857142,0.2557142857142857,0.6566428571428571,0.7409642857142857,0.2155714285714285,0.5375,0.1628928571428571,0.1878571428571428,0.2706785714285714,0.1021071428571428,0.3503214285714285,0.2358571428571429,0.2728571428571428,0.4774285714285713,0.2455,0.5749642857142857,0.4607857142857142,0.3916785714285714,0.3456428571428571,0.1311785714285714,0.1873214285714285,0.1281071428571428,0.1308571428571428,0.4155714285714286,0.0880357142857142,0.39275,582.0714285714286,114.42857142857144
all,2025-02-17,16.0,15.0,,,,,,,,,,,,,,,,,,,,,,,,,,,,,,,,,
all,2025-02-18,25.0,24.0,0.3078,0.14572,0.2216399999999999,0.1576,0.1633599999999999,0.30752,0.2750399999999999,0.64904,0.62092,0.19432,0.407,0.15432,0.2382,0.2275999999999999,0.048,0.36372,0.2925999999999999,0.25604,0.474,0.3619199999999999,0.57572,0.43316,0.51688,0.27196,0.14528,0.12928,0.10164,0.15296,0.4201999999999999,-0.0272499999999999,0.2200933333333333,601.12,118.24
all,2025-02-19,30.0,25.0,0.3530333333333333,0.1909333333333333,0.3028666666666666,0.146,0.1170666666666666,0.3148666666666666,0.3151333333333334,0.6834666666666667,0.6728333333333334,0.1861,0.4348999999999999,0.1034999999999999,0.1911333333333333,0.2592333333333333,0.0727,0.4259666666666666,0.2673,0.2936999999999999,0.4279999999999999,0.3181333333333334,0.6297666666666667,0.4998333333333333,0.5149333333333332,0.2809333333333333,0.1611,0.0925666666666666,0.0733333333333333,0.1340666666666666,0.4198333333333332,0.0322416666666666,0.3258444444444444,487.9333333333333,93.46666666666668
all,2025-02-20,18.0,17.0,,,,,,,,,,,,,,,,,,,,,,,,,,,,,,,,,
all,2025-02-21,13.0,11.0,,,,,,,,,,,,,,,,,,,,,,,,,,,,,,,,,
all,2025-02-22,18.0,12.0,,,,,,,,,,,,,,,,,,,,,,,,,,,,,,,,,
all,2025-02-23,18.0,13.0,,,,,,,,,,,,,,,,,,,,,,,,,,,,,,,,,
all,2025-02-24,27.0,17.0,0.481074074074074,0.1712592592592592,0.2668518518518518,0.1737037037037036,0.068074074074074,0.287037037037037,0.2479999999999999,0.7355555555555555,0.7944814814814815,0.1913333333333333,0.5832592592592593,0.0705555555555555,0.2248148148148148,0.1972962962962963,0.0222592592592592,0.3544444444444444,0.2825555555555555,0.2004814814814814,0.4624814814814815,0.2478888888888889,0.5433703703703704,0.3439629629629629,0.5437407407407407,0.3903333333333333,0.0924444444444444,0.0184074074074074,0.1046666666666666,0.1557407407407407,0.4442962962962962,0.0956666666666666,0.4460617283950618,489.8518518518519,99.29629629629628
all,2025-02-25,24.0,21.0,0.3527727272727272,0.1969999999999999,0.1884545454545454,0.1414090909090909,0.209090909090909,0.4180454545454545,0.3711363636363636,0.7030909090909091,0.6901363636363637,0.2437272727272727,0.5265,0.1859545454545454,0.2775909090909091,0.3196818181818182,0.0787272727272727,0.4156818181818181,0.3138181818181818,0.3290454545454546,0.5883181818181819,0.3597272727272727,0.6795909090909091,0.4724545454545455,0.4914545454545455,0.373,0.2086363636363636,0.1034545454545454,0.1318181818181818,0.175,0.4913636363636364,-0.0936590909090909,0.2013636363636363,790.375,154.41666666666666
all,2025-02-26,20.0,18.0,0.3859499999999999,0.1951,0.2765,0.2096999999999999,0.1046499999999999,0.3488,0.2758999999999999,0.66025,0.6667,0.19505,0.4815,0.0769999999999999,0.1844499999999999,0.23235,0.0233,0.41105,0.2632,0.2669499999999999,0.4012,0.2256999999999999,0.6269499999999999,0.4604,0.43105,0.34275,0.12655,0.07375,0.1404,0.1462,0.4502499999999999,0.0400875,0.3384,441.35,86.75
all,2025-02-27,16.0,15.0,,,,,,,,,,,,,,,,,,,,,,,,,,,,,,,,,
all,2025-02-28,28.0,22.0,0.3674285714285714,0.1469285714285713,0.2605,0.1499642857142857,0.1056785714285714,0.2264285714285714,0.1733214285714286,0.6713928571428569,0.66075,0.1686785714285714,0.4356428571428571,0.0866071428571428,0.1734642857142856,0.1683214285714285,0.0928928571428571,0.3384285714285714,0.2545,0.1807142857142857,0.4690357142857143,0.3128571428571428,0.4841785714285715,0.3133571428571428,0.4786785714285714,0.2876428571428571,0.0941071428571428,0.0168571428571428,0.0655357142857142,0.0815,0.3752857142857143,0.0651517857142857,0.3238809523809524,356.10714285714283,71.25
all,2025-03-01,15.0,13.0,,,,,,,,,,,,,,,,,,,,,,,,,,,,,,,,,
all,2025-03-02,27.0,24.0,0.30008,0.1346399999999999,0.25128,0.11212,0.0964,0.24256,0.2077999999999999,0.6650399999999999,0.66444,0.1458799999999999,0.45264,0.05964,0.16056,0.1603599999999999,0.0487999999999999,0.34344,0.18368,0.22996,0.32208,0.31404,0.5484800000000001,0.2898,0.53748,0.23116,0.1048,0.03292,0.0706,0.09332,0.3594,0.03005,0.3088666666666667,293.9259259259259,58.74074074074074
all,2025-03-03,17.0,14.0,,,,,,,,,,,,,,,,,,,,,,,,,,,,,,,,,
all,2025-03-04,19.0,19.0,,,,,,,,,,,,,,,,,,,,,,,,,,,,,,,,,
all,2025-03-05,26.0,21.0,0.3351923076923077,0.2035384615384615,0.2084230769230768,0.1976153846153846,0.1376538461538461,0.2462692307692307,0.2389615384615384,0.6206153846153846,0.7011923076923078,0.2338076923076923,0.3918846153846154,0.086076923076923,0.1337307692307692,0.2204230769230769,0.082076923076923,0.3093846153846154,0.2513846153846154,0.2185,0.4560769230769231,0.2904230769230769,0.5345769230769231,0.3908076923076924,0.4243076923076922,0.2794230769230769,0.1696153846153845,0.0729230769230769,0.0567692307692307,0.0884615384615384,0.3802307692307692,0.0442307692307692,0.2772820512820513,399.38461538461536,77.0
all,2025-03-06,17.0,15.0,,,,,,,,,,,,,,,,,,,,,,,,,,,,,,,,,
all,2025-03-07,26.0,20.0,0.3260384615384615,0.1481538461538461,0.1884230769230769,0.1221153846153846,0.1417307692307692,0.2445769230769231,0.2093461538461538,0.662,0.6541923076923075,0.1444615384615384,0.4518076923076923,0.0646538461538461,0.2063076923076922,0.2143846153846154,0.0850384615384615,0.3493076923076923,0.226576923076923,0.2826538461538461,0.3491923076923077,0.3041923076923076,0.5105,0.3021538461538461,0.4355384615384615,0.2893076923076923,0.142,0.0227692307692307,0.0773846153846153,0.0945,0.4092692307692308,0.0030288461538461,0.2478205128205128,397.0769230769231,77.23076923076923
all,2025-03-08,23.0,17.0,0.471695652173913,0.1594347826086956,0.2580434782608696,0.1844347826086956,0.1362608695652173,0.3143913043478261,0.2673478260869565,0.7243478260869566,0.7569130434782609,0.2247826086956521,0.4245652173913043,0.187695652173913,0.2043043478260869,0.2703478260869565,0.0672173913043478,0.3652608695652173,0.2834347826086956,0.3461304347826087,0.4725652173913044,0.3405217391304347,0.570608695652174,0.4004347826086956,0.4807391304347826,0.2758260869565217,0.1745652173913043,0.137695652173913,0.1500869565217391,0.1122173913043478,0.415391304347826,0.0430760869565217,0.3592898550724638,369.7826086956522,73.17391304347827
all,2025-03-09,17.0,12.0,,,,,,,,,,,,,,,,,,,,,,,,,,,,,,,,,
all,2025-03-10,29.0,23.0,0.4141481481481481,0.3091851851851852,0.3522222222222222,0.2405925925925926,0.1203333333333333,0.4084444444444444,0.3368518518518519,0.7626296296296295,0.7369259259259258,0.238074074074074,0.6108888888888889,0.1804444444444444,0.2111851851851852,0.3458888888888888,0.0905185185185185,0.4304814814814816,0.304,0.351,0.4918148148148147,0.3207407407407407,0.6904444444444444,0.5041111111111111,0.5538148148148148,0.4176296296296296,0.212037037037037,0.1027037037037037,0.2034814814814814,0.1914074074074074,0.4826296296296296,0.0646481481481481,0.3807654320987654,770.0689655172414,149.55172413793105
all,2025-03-11,24.0,19.0,0.3412083333333333,0.1809999999999999,0.2322083333333333,0.137625,0.1966666666666666,0.3242083333333333,0.313125,0.6977500000000001,0.6460416666666667,0.1813333333333333,0.4577916666666666,0.18275,0.294375,0.2509166666666667,0.0699166666666666,0.3940416666666667,0.3748333333333333,0.25325,0.5502916666666667,0.3505,0.5934166666666666,0.3969999999999999,0.48525,0.3769583333333333,0.1670833333333333,0.1274583333333333,0.0964583333333333,0.1574166666666666,0.4631666666666666,-0.0374270833333333,0.2098194444444444,509.0,95.91666666666669
all,2025-03-12,24.0,23.0,0.3736956521739131,0.2273043478260869,0.3574782608695653,0.2006521739130434,0.1622173913043478,0.3572173913043479,0.3011304347826087,0.698304347826087,0.7124347826086956,0.2795652173913043,0.5558695652173913,0.1617391304347826,0.3420434782608695,0.3214347826086956,0.1128695652173913,0.4175652173913043,0.2815652173913043,0.3705652173913043,0.4224782608695652,0.284304347826087,0.6596521739130435,0.4894347826086957,0.5080434782608695,0.372695652173913,0.1904347826086956,0.1444782608695652,0.1799130434782608,0.1941304347826087,0.4805217391304348,0.0300652173913043,0.3189855072463768,805.75,147.70833333333334
all,2025-03-13,28.0,22.0,0.2641785714285714,0.1500357142857143,0.2235714285714285,0.1226428571428571,0.1109642857142857,0.2628571428571428,0.2184642857142857,0.620107142857143,0.6801071428571429,0.1340357142857142,0.4963214285714285,0.0644285714285714,0.1301428571428571,0.2255714285714285,0.0528571428571428,0.2951428571428572,0.2318928571428571,0.1939285714285714,0.4671428571428571,0.3003928571428571,0.4937857142857141,0.33125,0.4494642857142857,0.3481071428571429,0.1190357142857142,0.0608571428571428,0.0649642857142857,0.1222499999999999,0.3884642857142857,0.0031964285714285,0.2783214285714285,395.8571428571428,78.46428571428571
all,2025-03-14,22.0,20.0,0.3761818181818182,0.2202272727272727,0.2543181818181818,0.1913636363636363,0.1347272727272727,0.2948636363636364,0.2653636363636363,0.6907272727272727,0.6968636363636365,0.1827272727272727,0.6047727272727271,0.1255,0.2964545454545454,0.2737272727272727,0.0407727272727272,0.3860454545454544,0.2743181818181818,0.2754090909090909,0.5266818181818181,0.343,0.574,0.4045454545454545,0.4357727272727272,0.4189545454545454,0.1147272727272727,0.0468636363636363,0.0742727272727272,0.152090909090909,0.4513636363636363,0.0457272727272727,0.3077272727272727,821.3181818181819,152.1818181818182
all,2025-03-15,21.0,20.0,0.3598571428571428,0.1967619047619047,0.3123809523809524,0.1489523809523809,0.1489047619047619,0.3622857142857143,0.2821904761904762,0.7028571428571428,0.6464761904761905,0.1948571428571428,0.5084761904761903,0.1284761904761904,0.1694761904761905,0.292,0.1205714285714285,0.3701904761904762,0.2815714285714286,0.2828095238095238,0.5019523809523809,0.3175238095238095,0.6889523809523809,0.5824285714285714,0.5292380952380953,0.3831904761904761,0.15,0.0739047619047619,0.1075238095238095,0.1552380952380952,0.4415238095238095,-0.0011071428571428,0.2906666666666666,578.8095238095239,114.76190476190476
all,2025-03-16,28.0,16.0,0.2909285714285713,0.2018571428571429,0.3085714285714285,0.18925,0.2321428571428571,0.3540357142857143,0.3250714285714285,0.6377499999999999,0.6910357142857144,0.2650357142857143,0.4724642857142857,0.2133214285714286,0.3898571428571427,0.2918571428571428,0.1828214285714285,0.36125,0.3485714285714286,0.2864999999999999,0.4753571428571428,0.4584285714285714,0.5958571428571429,0.3988214285714287,0.5481428571428572,0.3606785714285715,0.23025,0.1506785714285714,0.2102142857142857,0.1929642857142857,0.4516071428571428,-0.0454375,0.1980357142857143,706.0,128.42857142857142
all,2025-03-17,27.0,26.0,0.3552962962962964,0.1511111111111111,0.290962962962963,0.1259259259259259,0.1003703703703703,0.2482592592592592,0.2265925925925926,0.6338888888888891,0.6986666666666669,0.1502222222222222,0.4331851851851852,0.0884814814814814,0.1864814814814815,0.2259259259259259,0.062037037037037,0.3458518518518519,0.2526296296296296,0.2153703703703703,0.4137777777777778,0.2656296296296296,0.5215185185185185,0.3725925925925925,0.4068148148148149,0.3317037037037036,0.1129259259259259,0.0766296296296296,0.0372222222222222,0.1168888888888888,0.3950740740740741,0.0565092592592592,0.3479382716049383,475.2592592592592,92.74074074074076
all,2025-03-18,27.0,21.0,0.3386666666666666,0.2177037037037036,0.3155185185185185,0.1781111111111111,0.1055555555555555,0.3093333333333333,0.225037037037037,0.6665555555555556,0.6725185185185187,0.2036666666666667,0.6045185185185185,0.1275555555555555,0.243037037037037,0.2218518518518518,0.043074074074074,0.3312222222222222,0.2775925925925926,0.2011481481481481,0.4793703703703703,0.2949629629629629,0.5527407407407408,0.3919999999999999,0.3848518518518518,0.3601111111111111,0.1191111111111111,0.0615925925925925,0.1581481481481481,0.1062962962962963,0.4195925925925926,0.0550555555555555,0.336679012345679,569.1481481481482,109.74074074074076
all,2025-03-19,13.0,13.0,,,,,,,,,,,,,,,,,,,,,,,,,,,,,,,,,
all,2025-03-20,26.0,23.0,0.2863846153846153,0.198576923076923,0.2644615384615384,0.1394230769230769,0.1177692307692307,0.2241538461538461,0.2096538461538461,0.6452692307692307,0.635,0.1477692307692307,0.5110769230769231,0.1258076923076923,0.1466923076923077,0.1343076923076923,0.0496923076923076,0.3043846153846153,0.1686538461538461,0.211,0.3508461538461539,0.2611923076923077,0.5235384615384615,0.4392692307692308,0.3694230769230769,0.2409615384615384,0.1051538461538461,0.0528846153846154,0.0656538461538461,0.095076923076923,0.3886538461538462,0.05125,0.2775128205128205,438.7692307692308,85.8076923076923
all,2025-03-21,30.0,22.0,0.2710333333333333,0.1724666666666666,0.1871,0.1515666666666666,0.172,0.2769,0.2507666666666667,0.7164,0.6259333333333335,0.1556333333333333,0.4771333333333333,0.1159666666666666,0.1246,0.2303666666666667,0.0693333333333333,0.3660333333333333,0.2106999999999999,0.3152333333333333,0.3551666666666666,0.3779,0.6068333333333334,0.4431333333333334,0.5060333333333333,0.2998,0.1576666666666666,0.1133666666666666,0.1470333333333333,0.1053333333333333,0.4027666666666666,-0.0289083333333333,0.1893555555555555,360.5,70.8
all,2025-03-22,24.0,19.0,0.3177083333333333,0.2661666666666666,0.3023333333333333,0.1857083333333333,0.1391666666666666,0.3309583333333333,0.2634166666666666,0.6729583333333333,0.6402083333333334,0.2143333333333333,0.5349583333333333,0.1480416666666666,0.3526249999999999,0.2628333333333333,0.046375,0.3895416666666667,0.3128333333333333,0.31075,0.4743333333333333,0.3162083333333333,0.6335833333333333,0.4443333333333333,0.4267083333333333,0.3264583333333333,0.1415416666666666,0.0745416666666666,0.1002916666666666,0.1592916666666667,0.4539583333333333,0.0329166666666666,0.2809166666666667,629.625,120.625
all,2025-03-23,22.0,21.0,0.3888181818181818,0.2455909090909091,0.3893181818181818,0.2210909090909091,0.1004545454545454,0.2909545454545454,0.2529090909090909,0.7255909090909091,0.7550454545454546,0.2216818181818181,0.5355454545454544,0.1119545454545454,0.2091363636363636,0.247,0.0445,0.3586818181818182,0.2810909090909091,0.2146818181818181,0.5013636363636363,0.2576363636363636,0.5346818181818181,0.4475454545454544,0.4825454545454545,0.3332272727272727,0.1276363636363636,0.0984090909090908,0.0548181818181817,0.1306363636363636,0.4294545454545455,0.1155,0.4106060606060606,571.0,115.6818181818182
all,2025-03-24,25.0,22.0,0.2535199999999999,0.16492,0.1751999999999999,0.15964,0.14064,0.22128,0.21444,0.66708,0.6200000000000001,0.1348,0.3833999999999999,0.06168,0.09448,0.15912,0.04704,0.3208,0.18096,0.23944,0.35816,0.3467599999999999,0.473,0.30792,0.4582,0.25708,0.13156,0.0486,0.06056,0.08548,0.35716,0.00736,0.2089333333333333,308.44,61.96
all,2025-03-25,19.0,15.0,,,,,,,,,,,,,,,,,,,,,,,,,,,,,,,,,
all,2025-03-26,26.0,22.0,0.3132307692307692,0.2472307692307692,0.2452307692307692,0.1691153846153846,0.1083461538461538,0.2515384615384615,0.2342692307692307,0.6466538461538461,0.6845384615384617,0.1692307692307692,0.5303461538461538,0.1141153846153846,0.1126153846153846,0.1901923076923077,0.0837307692307692,0.3369615384615385,0.2028461538461538,0.1841923076923076,0.3906153846153846,0.2682692307692307,0.5512692307692308,0.4241153846153845,0.4578846153846153,0.3565769230769231,0.1066538461538461,0.0770384615384615,0.0808076923076923,0.1026923076923077,0.3985,0.0637596153846153,0.3059871794871794,483.38461538461536,98.3846153846154
all,2025-03-27,32.0,27.0,0.34403125,0.20771875,0.3191875,0.18328125,0.08496875,0.29340625,0.22903125,0.7049062500000001,0.69878125,0.2125,0.5396875000000001,0.1271875,0.2345625,0.2344375,0.01890625,0.3245625,0.2171875,0.238875,0.46678125,0.2500624999999999,0.6481875,0.46346875,0.4956875,0.33503125,0.11484375,0.06471875,0.08846875,0.11340625,0.40534375,0.0743671875,0.36903125,543.09375,106.15625
all,2025-03-28,23.0,20.0,0.3017826086956521,0.1821739130434782,0.2552173913043479,0.1558260869565217,0.1545652173913043,0.3244347826086955,0.2955652173913043,0.6989130434782609,0.6649565217391303,0.1699999999999999,0.5060000000000001,0.0849565217391304,0.148695652173913,0.2635217391304348,0.0462173913043478,0.3569130434782609,0.2730434782608696,0.2504782608695652,0.5040869565217391,0.3343478260869565,0.5802173913043478,0.4160869565217392,0.474,0.2632173913043478,0.1743478260869565,0.0927826086956522,0.1100434782608695,0.1119565217391304,0.4216521739130435,-0.0157499999999999,0.2527536231884057,387.60869565217394,77.47826086956522
all,2025-03-29,27.0,21.0,0.2835555555555556,0.1852962962962963,0.317111111111111,0.1541481481481481,0.1483333333333333,0.2819259259259259,0.2713703703703704,0.6664444444444446,0.615,0.1821481481481481,0.5743703703703703,0.2282962962962963,0.1588888888888888,0.2574074074074074,0.0393333333333333,0.3487777777777778,0.2371851851851852,0.2602592592592592,0.4071481481481481,0.3467037037037037,0.5164814814814815,0.3931481481481481,0.4365185185185184,0.3238518518518518,0.1602592592592592,0.0966666666666666,0.0557037037037036,0.1014814814814814,0.415,0.0198981481481481,0.2568888888888888,519.4444444444445,103.62962962962963
all,2025-03-30,22.0,17.0,0.3372272727272727,0.1003181818181818,0.1700909090909091,0.1243181818181818,0.2312727272727272,0.3161363636363636,0.2848181818181818,0.7053181818181818,0.6503636363636365,0.1569090909090909,0.5922272727272727,0.1072272727272727,0.1036818181818182,0.2445909090909091,0.0648181818181818,0.3586818181818182,0.2895909090909091,0.2311363636363636,0.5273181818181819,0.4545909090909091,0.5360454545454546,0.4012272727272727,0.4789545454545454,0.4141363636363637,0.1525909090909091,0.0853181818181818,0.097,0.1379090909090909,0.4349545454545454,-0.090715909090909,0.1546212121212121,330.54545454545456,68.4090909090909
all,2025-03-31,25.0,22.0,0.33092,0.23864,0.25544,0.15972,0.09064,0.2350399999999999,0.22072,0.6038,0.68816,0.2418799999999999,0.3891200000000001,0.13236,0.1558,0.20356,0.0197999999999999,0.3229600000000001,0.22852,0.19424,0.37288,0.27544,0.523,0.3434,0.35224,0.2658,0.09924,0.06752,0.04036,0.0708,0.35988,0.08334,0.3342,375.72,73.4
all,2025-04-01,22.0,19.0,0.2590909090909091,0.1950454545454545,0.2811363636363636,0.1342272727272727,0.0644545454545454,0.214590909090909,0.1437272727272727,0.6446363636363637,0.6705909090909091,0.1244545454545454,0.4485909090909091,0.0912272727272727,0.0692272727272727,0.1562272727272727,0.0101818181818181,0.2834545454545454,0.1771363636363636,0.1529545454545454,0.3467727272727273,0.2920454545454545,0.5215909090909091,0.3973181818181817,0.449909090909091,0.3581818181818181,0.0792727272727272,0.0294999999999999,0.1139999999999999,0.0795,0.352,0.0778522727272727,0.3391515151515152,285.54545454545456,57.0
all,2025-04-02,16.0,15.0,,,,,,,,,,,,,,,,,,,,,,,,,,,,,,,,,
all,2025-04-03,29.0,22.0,0.3988571428571428,0.2441785714285714,0.2877142857142857,0.2060357142857142,0.1065,0.3118214285714286,0.2904285714285714,0.6995357142857143,0.7250714285714287,0.2520357142857143,0.556,0.142,0.1988571428571428,0.3180714285714286,0.0655714285714285,0.3765357142857142,0.3082142857142857,0.2875357142857143,0.4912499999999999,0.3106071428571429,0.5884285714285714,0.4292857142857142,0.4925,0.3641785714285714,0.1465714285714285,0.0787857142857142,0.1129285714285714,0.1391785714285714,0.452,0.0750357142857142,0.364047619047619,538.5862068965517,103.82758620689656
all,2025-04-04,23.0,20.0,0.3839565217391304,0.1909130434782608,0.2840434782608695,0.197304347826087,0.1072173913043477,0.2781304347826087,0.2563043478260869,0.6771739130434782,0.7447826086956522,0.1909130434782609,0.502304347826087,0.1344782608695652,0.2419130434782608,0.2647391304347826,0.0506086956521739,0.355391304347826,0.2625217391304348,0.3016521739130434,0.3813043478260869,0.2824347826086956,0.5259565217391304,0.3762173913043478,0.5082173913043478,0.3486521739130435,0.1385652173913043,0.1062173913043478,0.1204347826086956,0.1550869565217391,0.4163043478260868,0.0713804347826086,0.3637101449275361,524.7826086956521,104.08695652173913
all,2025-04-05,19.0,15.0,,,,,,,,,,,,,,,,,,,,,,,,,,,,,,,,,
all,2025-04-06,28.0,18.0,0.3350357142857142,0.2796785714285714,0.2922857142857143,0.2048214285714285,0.0945357142857142,0.3106428571428571,0.2681428571428571,0.7539642857142858,0.7244999999999999,0.1735,0.6469642857142859,0.0986428571428571,0.2120714285714285,0.2611428571428571,0.0857142857142857,0.3835714285714285,0.2362857142857142,0.2998571428571428,0.53075,0.2360357142857143,0.6770357142857142,0.414642857142857,0.5015714285714286,0.4115357142857143,0.1288571428571428,0.0694285714285714,0.1083214285714285,0.1266428571428571,0.4416428571428571,0.0753660714285714,0.3560714285714285,581.25,114.46428571428572
all,2025-04-07,27.0,24.0,0.4019629629629629,0.2104074074074074,0.3549629629629629,0.2403703703703703,0.0835185185185185,0.2663703703703703,0.2376666666666666,0.7202592592592594,0.8056666666666666,0.2156296296296296,0.4528518518518518,0.0832592592592592,0.3266296296296296,0.2191851851851851,0.0284814814814814,0.3424074074074073,0.2581481481481481,0.2654074074074074,0.4267777777777777,0.2117037037037036,0.5162592592592593,0.3434074074074074,0.4392222222222223,0.296925925925926,0.1258888888888888,0.1045925925925925,0.1095185185185185,0.1299259259259259,0.432037037037037,0.1269814814814814,0.4373456790123456,529.6296296296297,106.0
all,2025-04-08,30.0,22.0,0.3477333333333333,0.2233,0.2525666666666666,0.1423,0.0847999999999999,0.2287333333333333,0.2065,0.6281333333333332,0.7688333333333333,0.1873999999999999,0.4862333333333333,0.0682666666666666,0.1159333333333333,0.1499333333333333,0.0224666666666666,0.2935333333333333,0.1696666666666667,0.2407666666666667,0.3291,0.2207,0.5031,0.3132999999999999,0.4062,0.33,0.1047666666666666,0.0523999999999999,0.0306333333333333,0.0906333333333333,0.3551333333333332,0.0847083333333333,0.3715777777777778,418.6,85.16666666666667
all,2025-04-09,26.0,23.0,0.4290833333333333,0.1924583333333333,0.2253333333333333,0.1694583333333333,0.0846666666666666,0.2770833333333333,0.2262083333333333,0.6772916666666666,0.6880000000000001,0.1467083333333333,0.488375,0.108,0.1927916666666667,0.2350833333333333,0.0373333333333333,0.3384166666666666,0.2345416666666667,0.227375,0.4094166666666667,0.2378333333333333,0.598,0.4087083333333334,0.4329583333333333,0.3269166666666667,0.093125,0.022125,0.0854166666666666,0.100625,0.3674583333333334,0.0732083333333333,0.3628055555555555,404.11538461538464,80.96153846153847
all,2025-04-10,31.0,27.0,0.4113548387096775,0.2992580645161291,0.3099677419354839,0.2141612903225806,0.1946774193548387,0.3807096774193548,0.294483870967742,0.722741935483871,0.7694516129032258,0.3139677419354838,0.6207419354838709,0.1630645161290322,0.2072258064516129,0.3209032258064516,0.0509677419354838,0.4471290322580645,0.2916774193548387,0.3188064516129033,0.5434193548387097,0.2952903225806451,0.6928709677419355,0.5511935483870968,0.4253548387096774,0.3999354838709676,0.1629999999999999,0.0983870967741935,0.1626129032258064,0.1712903225806451,0.5017741935483871,0.0209919354838709,0.302247311827957,875.6774193548387,172.80645161290323
all,2025-04-11,19.0,16.0,,,,,,,,,,,,,,,,,,,,,,,,,,,,,,,,,
all,2025-04-12,32.0,23.0,0.3602258064516129,0.2098387096774193,0.2511290322580645,0.156516129032258,0.1021935483870967,0.3041612903225806,0.2660967741935484,0.6916129032258064,0.7433225806451612,0.2031290322580645,0.5496774193548387,0.0823225806451612,0.2025806451612903,0.2850645161290323,0.0562258064516129,0.368741935483871,0.2868709677419354,0.2255806451612903,0.4727096774193548,0.3210322580645161,0.5694193548387098,0.3880645161290323,0.4887096774193548,0.3360967741935484,0.1129999999999999,0.0621612903225806,0.1637096774193548,0.1338387096774193,0.4415806451612903,0.04125,0.3493655913978494,431.6875,86.5
all,2025-04-13,26.0,21.0,0.4687307692307692,0.3581153846153846,0.2951153846153845,0.2113076923076923,0.0808846153846153,0.3177692307692308,0.3566923076923076,0.696923076923077,0.7910384615384614,0.3214999999999999,0.5788846153846154,0.1627692307692307,0.2218076923076923,0.2583076923076923,0.0362692307692307,0.408576923076923,0.2552307692307692,0.2842692307692307,0.399576923076923,0.2334230769230769,0.583,0.4133846153846153,0.4785384615384615,0.3355384615384615,0.1478461538461538,0.0628846153846153,0.0671923076923076,0.1602307692307691,0.4486153846153846,0.1339903846153846,0.4374102564102563,704.8461538461538,138.46153846153845
all,2025-04-14,31.0,26.0,0.3816451612903225,0.2889677419354838,0.2690645161290323,0.2054838709677419,0.0551290322580645,0.2611290322580645,0.1910645161290322,0.6525806451612903,0.7125483870967741,0.2121290322580645,0.4305806451612902,0.1171935483870967,0.2123870967741935,0.1988064516129032,0.0316774193548387,0.3786774193548386,0.2324838709677419,0.2385806451612903,0.4147096774193549,0.2101612903225806,0.5753870967741935,0.413,0.5140645161290323,0.2979032258064517,0.0912903225806451,0.0337096774193548,0.0902903225806451,0.1082903225806451,0.4109354838709677,0.1281612903225806,0.399290322580645,574.4516129032259,114.7741935483871
all,2025-04-15,34.0,25.0,0.2545882352941177,0.192235294117647,0.206235294117647,0.1580588235294117,0.1424411764705882,0.2393823529411765,0.2398823529411764,0.6297647058823529,0.7228235294117649,0.1899705882352941,0.4928529411764706,0.1361764705882353,0.1768235294117646,0.2098529411764706,0.0288235294117647,0.2983823529411764,0.2044705882352941,0.2443529411764705,0.3685294117647059,0.3521764705882352,0.5072058823529412,0.3315,0.4271764705882352,0.2799411764705881,0.1586764705882352,0.0834117647058823,0.0405,0.0923529411764706,0.3836764705882352,0.0118676470588235,0.2521078431372549,399.02941176470586,79.41176470588235
all,2025-04-16,24.0,22.0,0.333375,0.1834583333333333,0.2359166666666666,0.14775,0.119125,0.3259166666666666,0.2649583333333333,0.670875,0.658125,0.156,0.5111249999999999,0.0837083333333333,0.24425,0.2633333333333333,0.0214583333333333,0.3560416666666667,0.2479166666666666,0.2829583333333333,0.3757083333333333,0.3025833333333333,0.6017083333333333,0.367375,0.4297916666666666,0.3495833333333333,0.1236249999999999,0.077125,0.1439166666666666,0.1135416666666666,0.418125,0.0026041666666666,0.2900138888888889,299.6666666666667,60.375
all,2025-04-17,22.0,18.0,0.3003636363636363,0.177,0.2260909090909091,0.1458181818181818,0.1079545454545454,0.2747272727272727,0.2282272727272727,0.7251363636363636,0.6867727272727274,0.1319545454545454,0.4275454545454545,0.0919545454545454,0.1991363636363636,0.2042727272727272,0.0414090909090909,0.2887272727272727,0.2572272727272727,0.1708181818181818,0.4780909090909091,0.2909090909090909,0.554681818181818,0.3356818181818182,0.5426363636363637,0.2979545454545454,0.1107727272727272,0.0683636363636363,0.0851363636363636,0.1202727272727272,0.3924090909090909,0.0209772727272727,0.2964545454545455,448.8636363636364,89.36363636363636
all,2025-04-18,43.0,32.0,0.3475813953488372,0.1814883720930232,0.3068837209302326,0.1985348837209302,0.1109302325581395,0.2612558139534884,0.2333023255813953,0.703093023255814,0.7168604651162791,0.176860465116279,0.5756976744186046,0.0871395348837209,0.107906976744186,0.225,0.051813953488372,0.317046511627907,0.2203255813953488,0.1943720930232558,0.3710930232558139,0.3268139534883721,0.4981627906976744,0.304906976744186,0.4602558139534883,0.3427441860465116,0.1040232558139535,0.0577209302325581,0.1647209302325581,0.0866744186046511,0.3774883720930233,0.0725290697674418,0.3461782945736434,357.69767441860466,71.4186046511628
all,2025-04-19,29.0,26.0,0.3928620689655172,0.2105172413793103,0.2738620689655173,0.1851724137931034,0.0759310344827586,0.3013793103448275,0.2539310344827586,0.7238620689655175,0.7815862068965519,0.2320689655172414,0.4879655172413793,0.0868965517241379,0.1441379310344827,0.2736206896551724,0.0295862068965517,0.3742413793103449,0.2571724137931034,0.3014137931034483,0.4330344827586206,0.2282068965517241,0.5337931034482759,0.4119655172413793,0.5245172413793104,0.3184482758620689,0.1412413793103448,0.0941379310344827,0.0968275862068965,0.1237931034482758,0.4020689655172413,0.0769482758620689,0.4068390804597701,470.2413793103448,95.6896551724138
all,2025-04-20,22.0,19.0,0.4773181818181818,0.3038636363636363,0.3359545454545454,0.2061818181818182,0.1347272727272727,0.4256363636363636,0.3733636363636364,0.7164545454545453,0.7682272727272728,0.2892727272727273,0.7015454545454546,0.1588636363636363,0.1488181818181818,0.3211363636363636,0.0489090909090909,0.4843636363636365,0.2721818181818181,0.4010454545454545,0.4749545454545453,0.2246818181818182,0.7038636363636365,0.4661818181818182,0.4580454545454545,0.4581363636363637,0.1977272727272727,0.1031818181818182,0.2387727272727272,0.1939090909090909,0.4951818181818183,0.0506477272727272,0.3924393939393938,823.3636363636364,163.36363636363637
all,2025-04-21,26.0,21.0,0.4270769230769231,0.2674615384615385,0.3623461538461538,0.2216538461538461,0.1268076923076923,0.4021153846153846,0.3533846153846154,0.662423076923077,0.7492692307692306,0.2841153846153846,0.6216153846153846,0.1561153846153846,0.1773076923076922,0.3190384615384615,0.1056538461538461,0.4344230769230769,0.280076923076923,0.3699230769230769,0.4303846153846154,0.3438076923076923,0.6646923076923077,0.5123461538461539,0.4927307692307691,0.4147692307692308,0.1769615384615384,0.0954999999999999,0.1104230769230769,0.1541923076923077,0.4601153846153846,0.0551730769230769,0.3860897435897436,849.0,164.53846153846155
all,2025-04-22,18.0,18.0,,,,,,,,,,,,,,,,,,,,,,,,,,,,,,,,,
all,2025-04-23,32.0,26.0,0.3574375,0.23646875,0.2528125,0.20046875,0.16046875,0.292,0.23125,0.64709375,0.647125,0.2007499999999999,0.50078125,0.1198125,0.170625,0.2735,0.1279375,0.38090625,0.28275,0.2654999999999999,0.3959375,0.31015625,0.57109375,0.38409375,0.4010937499999999,0.3863124999999999,0.15384375,0.11940625,0.1374375,0.12625,0.42153125,0.0355625,0.25865625,517.78125,102.75
all,2025-04-24,28.0,20.0,0.2821111111111111,0.1248888888888889,0.2458518518518518,0.1398148148148148,0.0809999999999999,0.2388888888888888,0.1809259259259259,0.7308518518518519,0.6835555555555557,0.196037037037037,0.4406666666666666,0.0869629629629629,0.1133333333333333,0.1548888888888888,0.0147777777777777,0.2815185185185185,0.1951481481481481,0.1549629629629629,0.5225555555555554,0.3038148148148148,0.4911111111111111,0.3357037037037037,0.5167777777777778,0.3446296296296296,0.1039629629629629,0.0625185185185185,0.0608888888888888,0.1079259259259259,0.3842962962962963,0.0382222222222222,0.3228395061728395,370.7142857142857,74.75
all,2025-04-25,42.0,27.0,0.2485714285714286,0.1718095238095238,0.2286190476190475,0.1339047619047619,0.1360714285714285,0.2454285714285714,0.2097857142857143,0.6776904761904762,0.6272380952380953,0.1451666666666666,0.4436904761904762,0.1156428571428571,0.1340714285714285,0.1844761904761905,0.0737142857142857,0.2878095238095238,0.2119523809523809,0.2362142857142857,0.4543809523809524,0.3012142857142857,0.5683571428571428,0.3591904761904761,0.4847380952380952,0.2770238095238094,0.1495,0.0846666666666666,0.1029285714285714,0.097047619047619,0.3756428571428572,0.0049761904761904,0.2320714285714285,405.7619047619048,82.42857142857143
all,2025-04-26,25.0,19.0,0.2707916666666666,0.1795416666666666,0.2184166666666667,0.1682083333333333,0.089875,0.2779583333333333,0.2036666666666666,0.6450833333333333,0.686125,0.1822916666666666,0.4762916666666667,0.1142083333333333,0.1887916666666667,0.2432499999999999,0.027375,0.3505833333333333,0.2433333333333333,0.2565416666666666,0.4031666666666667,0.2833333333333334,0.5644166666666667,0.3585416666666667,0.4730416666666666,0.3472083333333333,0.10775,0.0609166666666666,0.1490416666666666,0.1185416666666666,0.4024583333333333,0.0253229166666666,0.3019027777777777,389.56,77.2
all,2025-04-27,24.0,22.0,0.3167916666666666,0.1987499999999999,0.30125,0.165875,0.0585416666666666,0.2577083333333334,0.2525833333333333,0.609875,0.6865833333333334,0.2558333333333333,0.4182916666666667,0.1312916666666666,0.265625,0.2037083333333333,0.0232916666666666,0.348375,0.2194583333333333,0.2987916666666667,0.470375,0.2230416666666666,0.5485416666666666,0.3710416666666667,0.4349583333333333,0.2532083333333333,0.125625,0.045125,0.1251666666666666,0.1269583333333333,0.4253333333333333,0.0875416666666666,0.3763333333333333,557.9166666666666,111.0
all,2025-04-28,38.0,26.0,0.3100526315789473,0.1906052631578947,0.2566052631578948,0.1837368421052631,0.0917105263157894,0.2052105263157895,0.1819473684210526,0.6777105263157895,0.6985263157894736,0.1834736842105263,0.4419473684210527,0.0734210526315789,0.2158421052631579,0.147,0.0196315789473684,0.3258421052631579,0.2102105263157895,0.2345263157894737,0.3292894736842104,0.3054210526315788,0.4871052631578947,0.3098157894736842,0.4682894736842105,0.2789210526315789,0.1240263157894736,0.0226842105263157,0.0619473684210526,0.1148684210526315,0.3807894736842105,0.0867894736842105,0.3300175438596491,345.39473684210526,68.78947368421052
all,2025-04-29,44.0,39.0,0.3765227272727273,0.199,0.2642045454545454,0.1505681818181818,0.099590909090909,0.2815909090909091,0.2398181818181818,0.6518636363636363,0.6937045454545455,0.2176363636363636,0.4728863636363635,0.1084545454545454,0.1731136363636363,0.2340909090909091,0.0309090909090909,0.3692954545454546,0.247340909090909,0.2912045454545455,0.3596818181818182,0.3061363636363636,0.5420227272727273,0.4221818181818182,0.4589090909090909,0.2988636363636363,0.1298636363636363,0.0499318181818181,0.0771363636363636,0.1325681818181818,0.4082727272727273,0.0569829545454545,0.3452196969696969,455.8181818181818,90.9090909090909
all,2025-04-30,78.0,62.0,0.3107564102564102,0.1781153846153846,0.2345384615384615,0.143,0.1304358974358974,0.2863589743589743,0.2813461538461538,0.6519615384615384,0.6558205128205128,0.1641282051282051,0.408525641025641,0.1336923076923077,0.1605897435897436,0.230128205128205,0.054551282051282,0.3857051282051282,0.2781794871794871,0.2952435897435897,0.4062820512820513,0.3750384615384615,0.5591794871794873,0.4025128205128205,0.5002820512820515,0.2828589743589744,0.1291282051282051,0.0821153846153846,0.0707692307692307,0.1246923076923077,0.419,0.0082051282051282,0.2699358974358974,563.9615384615385,109.8846153846154
all,2025-05-01,75.0,66.0,0.3438918918918918,0.2192027027027027,0.2842567567567568,0.2088783783783784,0.1156486486486486,0.3067432432432432,0.2737162162162162,0.7093108108108107,0.7060405405405406,0.1946621621621621,0.4574189189189189,0.1360405405405405,0.241054054054054,0.2685135135135135,0.0532027027027027,0.4005135135135135,0.3171891891891892,0.2657027027027027,0.4734054054054054,0.3221081081081081,0.5988378378378378,0.4203918918918919,0.4861486486486486,0.3291756756756756,0.1382432432432432,0.0582027027027027,0.1046621621621621,0.1397567567567567,0.4398243243243243,0.0528614864864864,0.3290810810810811,556.9066666666666,108.06666666666666
all,2025-05-02,41.0,34.0,0.3173414634146341,0.2460243902439024,0.2912439024390243,0.1854878048780487,0.1234878048780487,0.3275365853658536,0.291390243902439,0.720609756097561,0.6591951219512194,0.1822926829268292,0.4132439024390243,0.1303658536585366,0.3215365853658536,0.2492682926829268,0.0654390243902439,0.3631219512195122,0.3576829268292683,0.2842439024390243,0.5773902439024391,0.3597804878048781,0.6253658536585366,0.4287560975609755,0.5145853658536585,0.281,0.1450243902439024,0.0618780487804878,0.1019512195121951,0.138170731707317,0.4531463414634146,0.0345121951219512,0.2991056910569106,551.7317073170732,106.82926829268293
all,2025-05-03,63.0,51.0,0.4441904761904762,0.2982698412698413,0.3579047619047619,0.2525873015873016,0.1377936507936507,0.3548888888888889,0.2905714285714287,0.7332380952380952,0.7043650793650794,0.2326349206349205,0.557984126984127,0.1479365079365079,0.1985079365079365,0.3181904761904762,0.0469841269841269,0.439825396825397,0.2849047619047619,0.3568412698412698,0.4378095238095238,0.3237619047619048,0.6542063492063493,0.4974603174603174,0.5170317460317461,0.34815873015873,0.154047619047619,0.093031746031746,0.1369523809523809,0.1704285714285714,0.4717619047619048,0.0918968253968254,0.3643597883597883,712.8571428571429,140.84126984126985
all,2025-05-04,60.0,44.0,0.41875,0.2508333333333333,0.3037833333333333,0.1920666666666667,0.1143,0.3345833333333334,0.2764333333333334,0.7082833333333334,0.7428166666666666,0.2371166666666667,0.5347333333333334,0.1214333333333333,0.246,0.2538666666666666,0.03965,0.3921333333333333,0.2737166666666666,0.30955,0.4527166666666666,0.3132,0.6319166666666667,0.42705,0.5045333333333334,0.3264000000000001,0.1356833333333333,0.0766333333333333,0.1181333333333333,0.13235,0.4296833333333333,0.0669166666666666,0.37415,591.0333333333333,117.06666666666666
all,2025-05-05,53.0,35.0,0.3405094339622642,0.2238490566037736,0.2703584905660378,0.1798679245283018,0.0959245283018868,0.305566037735849,0.2422830188679245,0.7076603773584905,0.7356037735849057,0.221811320754717,0.4137169811320754,0.1139999999999999,0.1747169811320754,0.2886226415094339,0.0523396226415094,0.3422452830188679,0.2600754716981132,0.2504716981132076,0.3855094339622641,0.2987924528301887,0.5241698113207546,0.3749811320754717,0.4654528301886791,0.2624528301886792,0.1411132075471698,0.0758867924528301,0.0872452830188679,0.1135849056603773,0.401943396226415,0.0529009433962264,0.3528993710691824,487.37735849056605,94.83018867924528
all,2025-05-06,45.0,40.0,0.3523333333333334,0.2475555555555555,0.2660444444444444,0.1951777777777777,0.1146222222222222,0.3222222222222222,0.2843333333333333,0.6732222222222222,0.6961555555555555,0.2088666666666667,0.4628000000000001,0.1408222222222222,0.1471333333333333,0.2829333333333333,0.0515777777777777,0.3990666666666667,0.3066222222222222,0.2882444444444444,0.4932444444444445,0.3316444444444444,0.5921555555555555,0.4675111111111112,0.4271111111111111,0.3162,0.1686444444444444,0.0831777777777777,0.0576,0.1403777777777777,0.4441555555555556,0.0468555555555555,0.3235555555555555,599.9555555555555,114.4888888888889
all,2025-05-07,57.0,43.0,0.4734821428571429,0.314,0.4099464285714286,0.2696249999999999,0.1099464285714285,0.3937857142857143,0.33825,0.752625,0.7721785714285714,0.2464642857142857,0.5385714285714286,0.1685,0.2188214285714285,0.3750892857142857,0.0661071428571428,0.4648214285714286,0.3268214285714286,0.3812142857142858,0.485875,0.2785535714285714,0.6986785714285715,0.4879464285714286,0.5415178571428572,0.3460178571428571,0.1703035714285714,0.09725,0.1098035714285714,0.1775,0.4955,0.1148973214285714,0.441922619047619,693.6140350877193,131.82456140350877
all,2025-05-08,32.0,30.0,0.466125,0.41046875,0.4329375,0.25478125,0.152125,0.428875,0.38353125,0.71909375,0.77078125,0.33696875,0.65025,0.25834375,0.2643125,0.39403125,0.10759375,0.5056562499999999,0.3561875,0.43359375,0.5265000000000001,0.321125,0.747,0.5629062499999999,0.54753125,0.4160937499999999,0.219625,0.1739062499999999,0.1486875,0.2244062499999999,0.5049375,0.1005781249999999,0.4044895833333333,1048.625,203.9375
all,2025-05-09,37.0,34.0,0.4633243243243242,0.3399729729729729,0.3676486486486487,0.2392702702702702,0.1742702702702703,0.4376756756756757,0.3565135135135135,0.7392972972972973,0.7306756756756757,0.2602432432432432,0.6513243243243242,0.1612432432432432,0.2529189189189189,0.3642162162162162,0.1031351351351351,0.4878108108108107,0.3562162162162162,0.3654324324324324,0.5576756756756757,0.3624054054054054,0.7172972972972973,0.5661081081081082,0.5383513513513513,0.4358918918918918,0.1892702702702703,0.1506486486486487,0.1533243243243243,0.2163513513513513,0.5231351351351353,0.046581081081081,0.3462792792792792,771.8648648648649,149.67567567567568
all,2025-05-10,32.0,31.0,0.345,0.2074062499999999,0.25109375,0.1790312499999999,0.1375,0.29746875,0.2396875,0.6742812499999999,0.66434375,0.166375,0.4824999999999999,0.11575,0.2329375,0.25175,0.04196875,0.351875,0.25521875,0.29721875,0.368125,0.32671875,0.56740625,0.37628125,0.40615625,0.3105,0.1361875,0.05875,0.08234375,0.13603125,0.440125,0.0281484374999999,0.2826458333333334,584.53125,113.65625
all,2025-05-11,54.0,49.0,0.3620185185185185,0.2957407407407408,0.3127777777777777,0.1674074074074074,0.135074074074074,0.3617222222222222,0.3292407407407409,0.6914444444444444,0.6738148148148149,0.2191111111111111,0.6136666666666668,0.1558888888888889,0.2167222222222222,0.2976296296296296,0.0679259259259259,0.4477037037037036,0.2935185185185184,0.3311851851851852,0.4651666666666666,0.3569259259259258,0.6775,0.4849999999999999,0.4266481481481481,0.3801111111111112,0.1784629629629629,0.1035555555555555,0.0825925925925925,0.1487037037037037,0.449111111111111,0.0360879629629629,0.3144629629629629,689.2962962962963,130.11111111111111
all,2025-05-12,76.0,55.0,0.3768157894736842,0.2528421052631578,0.2947105263157895,0.1830394736842105,0.0986973684210526,0.2951184210526316,0.2592105263157894,0.6654605263157896,0.6856315789473683,0.2007763157894736,0.446578947368421,0.1143815789473684,0.1967631578947368,0.2658421052631579,0.0506973684210526,0.3798947368421053,0.2881842105263158,0.2601973684210527,0.4174473684210525,0.2630921052631579,0.57225,0.3973421052631579,0.4878421052631578,0.320578947368421,0.1444868421052631,0.0614342105263157,0.0535526315789473,0.1425526315789473,0.4342631578947367,0.0799440789473684,0.3536885964912281,558.3684210526316,109.26315789473684
all,2025-05-13,62.0,48.0,0.4465645161290322,0.2952741935483871,0.300032258064516,0.1989193548387096,0.1437741935483871,0.3535483870967742,0.3332903225806451,0.7031290322580643,0.7124516129032258,0.2276290322580644,0.5650967741935484,0.1675806451612903,0.2187903225806451,0.2841935483870968,0.0666774193548387,0.4631935483870967,0.2983225806451612,0.3724677419354839,0.4558548387096774,0.3176612903225806,0.6555645161290323,0.420532258064516,0.4965967741935484,0.3737741935483871,0.1994677419354838,0.0999838709677419,0.1075645161290322,0.1577258064516128,0.4650645161290322,0.0615362903225806,0.3425752688172043,826.5806451612904,157.16129032258064
all,2025-05-14,69.0,54.0,0.3430289855072463,0.2221884057971014,0.2690579710144927,0.1562463768115942,0.136536231884058,0.3289420289855073,0.2957971014492753,0.7177101449275363,0.7034202898550724,0.1997246376811594,0.5029855072463769,0.1397826086956521,0.1961304347826086,0.3087536231884058,0.0796376811594202,0.3916521739130434,0.3071159420289855,0.288695652173913,0.4162028985507245,0.3259855072463768,0.6074782608695651,0.4537101449275362,0.5213913043478261,0.3386086956521739,0.1420289855072463,0.0987681159420289,0.1025072463768116,0.1501014492753623,0.4682753623188407,0.014891304347826,0.3019661835748792,640.9710144927536,125.9855072463768
all,2025-05-15,65.0,51.0,0.3345846153846153,0.3054615384615384,0.2973076923076923,0.1927999999999999,0.1569384615384615,0.3713692307692308,0.3293846153846154,0.6902615384615384,0.6691230769230769,0.2097846153846153,0.5226000000000001,0.1374769230769231,0.2307384615384615,0.2936153846153846,0.0586923076923076,0.4229230769230769,0.3094923076923077,0.3526615384615384,0.48,0.3757999999999999,0.6941692307692308,0.5404615384615384,0.4338461538461538,0.3458461538461538,0.1826769230769231,0.0881076923076923,0.1437846153846154,0.1399076923076923,0.4531230769230769,0.0183846153846153,0.2767333333333333,639.0923076923077,122.5846153846154
all,2025-05-16,63.0,47.0,0.478984126984127,0.3547936507936507,0.3694126984126984,0.2363650793650794,0.1295714285714286,0.3959206349206348,0.3396190476190476,0.7179682539682538,0.7549841269841269,0.2766507936507937,0.5739523809523809,0.1743015873015873,0.2109365079365079,0.3756349206349206,0.0898571428571429,0.4656984126984127,0.3366349206349207,0.3562698412698413,0.5321428571428571,0.3071587301587301,0.6840952380952381,0.5421746031746032,0.5101428571428571,0.3944603174603174,0.1935873015873016,0.1249206349206349,0.1545238095238094,0.1859523809523809,0.4876507936507936,0.0971428571428571,0.4048888888888889,849.2222222222222,158.03174603174602
all,2025-05-17,49.0,45.0,0.4397142857142857,0.2828775510204081,0.3147142857142857,0.1876122448979592,0.132938775510204,0.3697755102040816,0.3173469387755102,0.7201632653061224,0.7519591836734695,0.2386122448979591,0.5520816326530613,0.1852448979591836,0.2661428571428571,0.3091428571428571,0.0535102040816326,0.4357142857142857,0.3260816326530613,0.3347551020408163,0.5183469387755102,0.2616530612244898,0.6592244897959184,0.5193469387755102,0.5039387755102042,0.365469387755102,0.1977142857142857,0.1080816326530612,0.0777959183673469,0.1728163265306122,0.4758979591836734,0.0548724489795918,0.3691904761904762,780.1836734693877,150.44897959183675
all,2025-05-18,66.0,51.0,0.4623787878787879,0.3538030303030303,0.3337121212121212,0.2237575757575758,0.1331060606060606,0.3713939393939394,0.343060606060606,0.7385909090909091,0.7664090909090909,0.3038484848484848,0.5023484848484847,0.2211818181818182,0.2514393939393939,0.3188787878787879,0.0585,0.4218636363636364,0.3307575757575758,0.3262575757575758,0.5634242424242423,0.2576212121212122,0.6583181818181818,0.5041969696969696,0.5331363636363637,0.3667727272727273,0.1699848484848485,0.1429848484848484,0.0953787878787879,0.1669090909090909,0.468560606060606,0.0911628787878787,0.3877272727272727,860.1818181818181,163.3030303030303
all,2025-05-19,103.0,78.0,0.3252156862745097,0.2212549019607843,0.2376372549019607,0.1555686274509804,0.1337745098039216,0.3293823529411764,0.2897941176470588,0.6885294117647058,0.6902254901960784,0.2268431372549019,0.4577254901960784,0.1309901960784313,0.218892156862745,0.2644705882352942,0.0574215686274509,0.3976960784313726,0.3074411764705881,0.2938725490196078,0.4499803921568627,0.335078431372549,0.5840882352941177,0.4689411764705881,0.4780588235294117,0.3199411764705882,0.1531960784313725,0.0760392156862745,0.0778529411764706,0.1363431372549019,0.4425882352941176,0.0033406862745098,0.2839183006535948,622.8155339805825,113.45631067961163
all,2025-05-20,98.0,79.0,0.3648979591836735,0.2588877551020408,0.250704081632653,0.1759795918367346,0.1253571428571428,0.3181020408163265,0.2908673469387755,0.697326530612245,0.7040306122448982,0.2443979591836734,0.4852244897959184,0.1304591836734694,0.2411836734693877,0.2850510204081632,0.0641020408163265,0.3956020408163265,0.2891632653061224,0.3268469387755102,0.4143061224489796,0.3099489795918367,0.6094285714285714,0.4230714285714285,0.4852551020408162,0.3072551020408163,0.1437959183673469,0.0894081632653061,0.1161428571428571,0.1413571428571428,0.4294285714285714,0.0408877551020408,0.3145204081632652,606.0408163265306,115.59183673469389
all,2025-05-21,68.0,63.0,0.3622941176470588,0.2589411764705882,0.2930441176470588,0.2046176470588235,0.1317352941176471,0.320485294117647,0.2796911764705883,0.6941764705882352,0.7067058823529412,0.2112794117647058,0.4915294117647059,0.1411617647058823,0.1919117647058823,0.2774264705882353,0.0706470588235294,0.4081470588235294,0.2670588235294118,0.3224264705882352,0.3723088235294118,0.3268529411764706,0.6393088235294117,0.443514705882353,0.496735294117647,0.3248529411764705,0.172985294117647,0.0599558823529411,0.0940588235294117,0.1524558823529411,0.4538235294117646,0.0536139705882353,0.3222794117647058,594.2058823529412,114.94117647058825
all,2025-05-22,72.0,58.0,0.443625,0.3004166666666666,0.3066527777777778,0.2061666666666667,0.0842638888888888,0.3461805555555555,0.3041805555555556,0.7422083333333334,0.7772083333333334,0.2369166666666666,0.4650138888888889,0.1411388888888888,0.2744861111111111,0.2995277777777778,0.0885555555555555,0.4244027777777778,0.3281666666666666,0.3182222222222222,0.4861388888888888,0.2673055555555555,0.619375,0.4700416666666667,0.5311111111111111,0.3226944444444444,0.1505277777777778,0.0782916666666666,0.0798888888888889,0.1484166666666666,0.4567083333333332,0.0989930555555555,0.4248981481481481,644.25,123.95833333333331
all,2025-05-23,66.0,51.0,0.3817424242424243,0.2727727272727272,0.3288484848484848,0.2073484848484848,0.0952272727272727,0.3422575757575758,0.2661212121212121,0.7373939393939394,0.7130909090909091,0.2036818181818181,0.4966060606060605,0.1239545454545454,0.1681212121212121,0.2599393939393939,0.0554848484848484,0.4078181818181818,0.2701212121212121,0.3472575757575757,0.4505757575757576,0.3197121212121212,0.6343636363636364,0.4618030303030303,0.4895151515151515,0.3219545454545455,0.1507272727272727,0.0738636363636363,0.0793787878787878,0.1361969696969696,0.4401515151515152,0.078935606060606,0.3793333333333333,618.969696969697,118.8030303030303
all,2025-05-24,68.0,54.0,0.3996176470588235,0.2990441176470588,0.3216911764705882,0.2087941176470588,0.1275735294117647,0.3628970588235293,0.3185,0.7366029411764706,0.7277647058823531,0.2404117647058823,0.5369705882352942,0.2083088235294117,0.2121617647058823,0.3067205882352941,0.0615294117647058,0.4227499999999999,0.3093088235294118,0.3351029411764705,0.5239558823529412,0.3253382352941176,0.630985294117647,0.4560294117647059,0.4860588235294119,0.3409999999999999,0.1693970588235294,0.10975,0.0891029411764706,0.1610588235294117,0.45875,0.0620514705882352,0.3554509803921568,785.1323529411765,149.80882352941177
all,2025-05-25,59.0,55.0,0.4264576271186441,0.2665593220338983,0.3156101694915254,0.189728813559322,0.1005762711864406,0.3521525423728813,0.3192372881355932,0.7346440677966102,0.7767627118644067,0.2181694915254237,0.5158813559322034,0.1283559322033898,0.2083220338983051,0.2920847457627118,0.0729322033898304,0.447457627118644,0.3118983050847457,0.3534067796610169,0.4769661016949152,0.2990169491525423,0.6139322033898306,0.4496271186440678,0.5069491525423728,0.3491016949152543,0.1536779661016949,0.088593220338983,0.0757966101694915,0.1594406779661016,0.4624576271186441,0.0732245762711864,0.4057005649717513,614.3220338983051,118.54237288135592
all,2025-05-26,54.0,43.0,0.2889629629629629,0.1957407407407407,0.2689259259259259,0.1602962962962963,0.1189814814814815,0.3260185185185185,0.2712777777777778,0.6785740740740741,0.6594814814814812,0.1824074074074074,0.5156296296296297,0.1185925925925926,0.2286111111111111,0.2361851851851852,0.1082592592592592,0.3712962962962963,0.2683518518518519,0.2778148148148147,0.433037037037037,0.326,0.6357407407407407,0.4343333333333333,0.4600925925925926,0.3307037037037036,0.136537037037037,0.0574629629629629,0.1729259259259259,0.1239074074074074,0.4213518518518518,0.0059814814814814,0.2868086419753086,479.3148148148149,93.83333333333331
all,2025-05-27,63.0,45.0,0.4057777777777778,0.2458095238095237,0.3609523809523808,0.2074285714285714,0.0953650793650793,0.3690317460317459,0.2876507936507937,0.7197619047619047,0.7248888888888889,0.2388095238095238,0.5706507936507936,0.1233015873015872,0.1789841269841269,0.329015873015873,0.0653333333333333,0.4062222222222222,0.2913174603174603,0.3493492063492063,0.5048730158730158,0.3108730158730159,0.6747936507936508,0.5053174603174603,0.5288253968253969,0.3716825396825396,0.1538571428571429,0.1321904761904762,0.0890634920634921,0.1426984126984126,0.4375873015873016,0.0727936507936507,0.4018412698412699,763.936507936508,146.47619047619048
all,2025-05-28,40.0,31.0,0.3160999999999999,0.1669,0.224275,0.154925,0.157375,0.301475,0.257225,0.705425,0.674575,0.191875,0.462875,0.14675,0.1869,0.269125,0.040775,0.3521249999999999,0.269125,0.250075,0.4637,0.32215,0.5473250000000001,0.378,0.4790749999999999,0.300425,0.159375,0.0806,0.105825,0.1165249999999999,0.4173249999999999,-0.0138749999999999,0.2476083333333333,466.95,88.85
all,2025-05-29,50.0,42.0,0.3355,0.2357,0.26554,0.1874399999999999,0.10296,0.29388,0.2478399999999999,0.68928,0.6653600000000001,0.19716,0.50722,0.1003,0.2209,0.2515,0.0454199999999999,0.38878,0.25776,0.29962,0.42056,0.29356,0.62644,0.4065999999999999,0.50148,0.3288599999999999,0.11942,0.08014,0.07088,0.1195999999999999,0.41522,0.057625,0.3191733333333333,519.82,100.52
all,2025-05-30,68.0,48.0,0.3880882352941177,0.2372794117647059,0.3253823529411765,0.1831176470588235,0.0958235294117647,0.3026029411764706,0.2736764705882353,0.7233088235294117,0.7381617647058824,0.2026323529411764,0.46375,0.1063529411764706,0.2041176470588235,0.2441323529411764,0.0425588235294117,0.3948382352941176,0.2608823529411764,0.3259558823529412,0.3778529411764705,0.3110882352941176,0.6031617647058822,0.4182205882352941,0.5665,0.335485294117647,0.1307941176470588,0.0809705882352941,0.0346323529411764,0.13525,0.4238676470588235,0.0842536764705882,0.3880539215686274,571.1323529411765,110.83823529411764
all,2025-05-31,56.0,39.0,0.4048928571428571,0.3073928571428571,0.2735892857142857,0.1938035714285714,0.1076785714285714,0.3225178571428571,0.291125,0.6868928571428572,0.7484464285714285,0.2380535714285714,0.54,0.1466964285714285,0.2510535714285714,0.2514821428571429,0.0579285714285714,0.4090892857142857,0.2946428571428571,0.2923928571428572,0.5078214285714286,0.30575,0.6616964285714287,0.4957678571428571,0.4697321428571429,0.3624285714285714,0.1334464285714285,0.0663928571428571,0.0725892857142857,0.1597142857142857,0.4648214285714286,0.0798214285714285,0.3679642857142857,600.0178571428571,118.17857142857144
all,2025-06-01,69.0,49.0,0.3465652173913043,0.2373768115942028,0.2851304347826087,0.1698550724637681,0.1032463768115942,0.3125797101449276,0.3112463768115941,0.6739275362318842,0.730840579710145,0.2014347826086956,0.5392898550724639,0.1501014492753623,0.2514202898550725,0.2525652173913044,0.0874347826086956,0.3896666666666666,0.3160724637681159,0.3178260869565218,0.4302898550724637,0.3576666666666666,0.5614347826086956,0.3742463768115942,0.4629420289855072,0.3504202898550724,0.1520434782608695,0.0817681159420289,0.0848840579710144,0.1331739130434782,0.4275217391304348,0.0518188405797101,0.3509323671497584,459.92753623188406,88.1304347826087
all,2025-06-02,36.0,33.0,0.4075555555555555,0.2941388888888888,0.3738333333333333,0.2008333333333333,0.1680277777777777,0.4096111111111111,0.38725,0.7158611111111112,0.7359722222222222,0.25225,0.5141111111111112,0.2143888888888888,0.1935277777777777,0.3495555555555556,0.1188611111111111,0.4698888888888888,0.3573888888888889,0.4125277777777777,0.5167222222222221,0.3825555555555556,0.6913611111111111,0.5043333333333333,0.4739444444444445,0.3845277777777777,0.1987777777777777,0.1403888888888888,0.1154444444444444,0.1712222222222222,0.4855833333333333,0.0302708333333333,0.3377592592592592,828.9722222222222,157.08333333333334
all,2025-06-03,59.0,46.0,0.3700508474576271,0.2437457627118644,0.2725254237288135,0.155728813559322,0.1122711864406779,0.3370677966101695,0.2775593220338983,0.7145254237288134,0.747,0.2068983050847457,0.5465932203389829,0.1239152542372881,0.2544915254237288,0.2616101694915254,0.056864406779661,0.3854067796610169,0.3197966101694915,0.270593220338983,0.5568813559322034,0.3285762711864406,0.613728813559322,0.442864406779661,0.5044067796610169,0.3330169491525424,0.1463050847457627,0.0850677966101695,0.0644745762711864,0.1452542372881356,0.439728813559322,0.035843220338983,0.3509209039548023,546.8813559322034,106.20338983050848
all,2025-06-04,42.0,37.0,0.3461190476190476,0.2370238095238095,0.3284761904761905,0.1743809523809524,0.1189047619047619,0.3352857142857142,0.2708809523809524,0.7223571428571429,0.7243095238095238,0.2025238095238095,0.5702380952380952,0.1334761904761904,0.2154285714285714,0.2613571428571428,0.0443095238095238,0.413595238095238,0.3045,0.3051904761904762,0.5375000000000001,0.312952380952381,0.6086904761904762,0.4314047619047619,0.4721428571428571,0.3509047619047619,0.1625238095238095,0.1070238095238095,0.0953095238095238,0.148,0.4532619047619047,0.0444047619047619,0.3473968253968255,529.3571428571429,101.71428571428572
all,2025-06-05,52.0,43.0,0.3451153846153846,0.2440961538461538,0.3185,0.1983461538461539,0.1074230769230769,0.3315961538461538,0.2880192307692307,0.688,0.7460384615384617,0.2127115384615384,0.4978269230769231,0.1237884615384615,0.1993846153846153,0.2621538461538462,0.0531923076923077,0.3948076923076923,0.2990961538461538,0.3295769230769231,0.4569038461538462,0.3222692307692307,0.6096153846153846,0.4039423076923076,0.4550576923076923,0.3028461538461539,0.1818076923076923,0.1191538461538461,0.08775,0.13525,0.4228461538461537,0.0570048076923076,0.3624615384615385,433.9423076923077,83.32692307692308
all,2025-06-06,41.0,34.0,0.4276585365853658,0.3303414634146341,0.381,0.2155365853658536,0.1404634146341463,0.4250975609756097,0.377170731707317,0.7050975609756097,0.7664878048780488,0.2651463414634146,0.5509512195121951,0.1870487804878048,0.2150731707317073,0.3735609756097561,0.0758780487804878,0.4624146341463414,0.3615853658536586,0.3900243902439024,0.5064146341463415,0.3832439024390244,0.6813414634146341,0.5120975609756098,0.4392682926829269,0.3279024390243902,0.1939268292682926,0.1388780487804878,0.0602682926829268,0.164390243902439,0.4636829268292682,0.0558536585365853,0.3845853658536585,602.609756097561,112.39024390243902
all,2025-06-07,35.0,25.0,0.3817428571428571,0.2941714285714285,0.2838571428571428,0.1690285714285714,0.1493999999999999,0.3998285714285714,0.3216857142857143,0.7318,0.7353142857142857,0.2303142857142857,0.5448000000000001,0.1943428571428571,0.2462857142857143,0.333,0.0658285714285714,0.4049714285714285,0.3349999999999999,0.382,0.5049142857142858,0.4158857142857143,0.6724285714285714,0.5257142857142857,0.4811999999999999,0.3447714285714285,0.1838,0.2483142857142857,0.0742571428571428,0.1604,0.4537428571428571,0.0075857142857142,0.3175714285714285,439.5142857142857,79.71428571428571
all,2025-06-08,54.0,37.0,0.3722592592592593,0.2974074074074074,0.300462962962963,0.1963148148148148,0.1281111111111111,0.3704814814814814,0.3544814814814815,0.6995555555555556,0.7654074074074074,0.2338888888888889,0.5578518518518517,0.1649444444444444,0.267037037037037,0.3465925925925925,0.0864259259259259,0.4360555555555556,0.3708703703703704,0.3708518518518518,0.5469444444444445,0.3284074074074074,0.6326111111111111,0.4543148148148148,0.4366481481481482,0.3818148148148149,0.1911666666666666,0.1534259259259258,0.0977222222222222,0.1724444444444444,0.4534074074074074,0.0423148148148148,0.3512654320987655,528.1666666666666,98.53703703703704
all,2025-06-09,38.0,32.0,0.3847894736842105,0.2379473684210526,0.2531315789473685,0.1352894736842105,0.0981842105263157,0.3444736842105263,0.317078947368421,0.7133157894736843,0.7616052631578946,0.2174473684210526,0.4898157894736843,0.1153684210526315,0.2329473684210526,0.3226315789473685,0.0782368421052631,0.4193421052631578,0.3528684210526316,0.3294473684210526,0.5360789473684209,0.3165,0.6138684210526315,0.4845263157894736,0.5029736842105264,0.3407894736842105,0.1547105263157894,0.1119210526315789,0.0557105263157894,0.1453421052631579,0.4417631578947369,0.0314605263157894,0.3683245614035088,586.3421052631579,109.6842105263158
all,2025-06-10,41.0,38.0,0.4178780487804878,0.3117317073170731,0.3595609756097561,0.2243414634146341,0.1604146341463414,0.416219512195122,0.365390243902439,0.7192439024390245,0.726780487804878,0.2764634146341463,0.5099268292682926,0.207,0.2522439024390244,0.3651219512195122,0.0721951219512195,0.4674634146341463,0.3908780487804878,0.3602195121951219,0.5703414634146342,0.3427073170731707,0.6620975609756097,0.5083170731707316,0.4767317073170732,0.3633414634146341,0.203,0.1393414634146341,0.1749756097560975,0.173780487804878,0.4999512195121951,0.040060975609756,0.3409918699186992,557.3414634146342,106.46341463414636
all,2025-06-11,54.0,40.0,0.3793148148148147,0.2724259259259259,0.3198518518518518,0.1785370370370371,0.1079259259259259,0.3737407407407407,0.3375740740740741,0.7313888888888888,0.7633703703703704,0.2399629629629629,0.5510925925925926,0.1495,0.3065925925925926,0.3457777777777777,0.0958518518518518,0.4243148148148147,0.3925555555555556,0.349462962962963,0.5488148148148149,0.3389444444444444,0.6421666666666668,0.5116481481481482,0.5072592592592594,0.3694074074074073,0.1772037037037037,0.1427777777777777,0.0882407407407407,0.1579444444444444,0.4719259259259259,0.046699074074074,0.3795864197530864,575.074074074074,107.70370370370372
all,2025-06-12,52.0,35.0,0.3455192307692307,0.2441923076923077,0.2767884615384615,0.1656346153846153,0.1227307692307692,0.3881923076923078,0.3565576923076924,0.7279615384615383,0.7064038461538462,0.2155,0.5046153846153847,0.1410576923076923,0.21325,0.3085961538461539,0.0802115384615384,0.4105576923076922,0.3558461538461538,0.3329615384615384,0.4939038461538461,0.4040769230769231,0.6183076923076923,0.4245961538461538,0.5043846153846153,0.3689423076923077,0.1971346153846154,0.1660961538461538,0.1142692307692307,0.1501153846153846,0.4609615384615385,0.0025721153846153,0.3201730769230769,441.2307692307692,83.46153846153847
all,2025-06-13,36.0,31.0,0.3741388888888889,0.2493888888888889,0.2802222222222222,0.1882777777777777,0.1548888888888888,0.3216388888888889,0.2871666666666667,0.6736666666666666,0.6983055555555555,0.2338888888888889,0.46625,0.1088333333333333,0.1803888888888889,0.2686388888888889,0.0738611111111111,0.3965555555555555,0.2933611111111111,0.3295277777777777,0.4194444444444444,0.2983611111111111,0.5759166666666666,0.3779722222222222,0.4178888888888889,0.276,0.158361111111111,0.0898888888888889,0.0599722222222222,0.1404444444444444,0.4331111111111111,0.0347430555555555,0.296,452.77777777777777,87.25
all,2025-06-14,37.0,30.0,0.4252972972972972,0.3054594594594594,0.3190810810810811,0.1955405405405405,0.1362432432432432,0.4336216216216215,0.3731891891891892,0.7336486486486486,0.7278648648648649,0.2301351351351351,0.571135135135135,0.1606486486486486,0.2235945945945945,0.358081081081081,0.0802162162162162,0.4681081081081082,0.356108108108108,0.3824324324324324,0.5547297297297297,0.3725405405405405,0.6947567567567569,0.472162162162162,0.535108108108108,0.3952162162162161,0.1873783783783783,0.159054054054054,0.1214054054054053,0.1825945945945945,0.4795405405405405,0.0264121621621621,0.3545045045045045,711.5135135135135,136.56756756756758
all,2025-06-15,43.0,33.0,0.3552093023255814,0.3007441860465116,0.3276744186046512,0.1889302325581395,0.1779302325581395,0.401813953488372,0.3702790697674419,0.6951627906976745,0.7019302325581396,0.2476744186046511,0.573046511627907,0.1617441860465116,0.2054651162790697,0.3382558139534883,0.0722790697674418,0.4494651162790698,0.3553488372093023,0.3734186046511628,0.4875813953488371,0.4111860465116279,0.6698837209302325,0.5000697674418606,0.4233023255813954,0.329906976744186,0.1861162790697674,0.1630697674418604,0.068953488372093,0.1635348837209302,0.4569069767441862,0.0032674418604651,0.2836744186046511,440.04651162790697,82.16279069767442
all,2025-06-16,40.0,35.0,0.4463249999999999,0.324425,0.35325,0.196625,0.123425,0.4268499999999999,0.3878999999999999,0.7350000000000001,0.7514749999999999,0.271275,0.650525,0.1529999999999999,0.229725,0.364125,0.079,0.505875,0.394225,0.4285,0.585475,0.3357,0.7062999999999999,0.5161250000000001,0.4874499999999999,0.3894499999999999,0.18895,0.144525,0.0832749999999999,0.16855,0.483325,0.05501875,0.3935916666666667,593.1,112.1
all,2025-06-17,62.0,54.0,0.4144426229508196,0.3465901639344262,0.3664754098360656,0.1860491803278688,0.158672131147541,0.4958032786885246,0.4760491803278688,0.754245901639344,0.7576393442622951,0.2879508196721311,0.6126557377049181,0.1871803278688524,0.2569016393442623,0.434967213114754,0.1138196721311475,0.5230655737704918,0.472672131147541,0.4903770491803279,0.6417213114754099,0.4336885245901639,0.754983606557377,0.5918688524590163,0.4742295081967213,0.4230819672131147,0.2486065573770492,0.2172622950819672,0.0672295081967213,0.1945901639344262,0.5163278688524591,0.0011516393442623,0.3541803278688524,512.2903225806451,91.83870967741936
all,2025-06-18,40.0,35.0,0.3923,0.261425,0.316075,0.19925,0.125525,0.357025,0.331075,0.709025,0.741675,0.2164749999999999,0.5454,0.131,0.191375,0.35995,0.066525,0.4287750000000001,0.30335,0.35605,0.464175,0.297525,0.64785,0.466925,0.496525,0.344725,0.155175,0.0937,0.084225,0.1397499999999999,0.442775,0.0509875,0.3578249999999999,618.775,120.2
all,2025-06-19,40.0,33.0,0.3267435897435897,0.3047948717948718,0.2721794871794872,0.1966153846153846,0.1066923076923076,0.3682307692307692,0.3107692307692308,0.7386923076923078,0.7565384615384616,0.2175384615384615,0.5364358974358974,0.1101025641025641,0.1803076923076923,0.3135128205128205,0.0624615384615384,0.4269487179487179,0.3374358974358974,0.3698461538461538,0.4777692307692308,0.2899487179487179,0.675948717948718,0.5021282051282051,0.5033589743589744,0.3949999999999999,0.1567179487179487,0.1031794871794871,0.0746923076923076,0.1421538461538461,0.4500256410256411,0.0376217948717948,0.3451282051282051,562.125,107.35
all,2025-06-20,41.0,34.0,0.4236585365853658,0.3600243902439024,0.390609756097561,0.2125365853658536,0.1375121951219512,0.4530731707317074,0.4182926829268292,0.7334634146341463,0.7796097560975609,0.2989756097560976,0.6359999999999999,0.1689756097560975,0.2886097560975609,0.421780487804878,0.127,0.5161463414634146,0.4490487804878049,0.4272682926829267,0.6050243902439024,0.3686341463414634,0.7,0.5619024390243903,0.4805609756097561,0.4119024390243903,0.2296097560975609,0.2039756097560975,0.0621463414634146,0.1947073170731707,0.5047560975609757,0.0514146341463414,0.393780487804878,647.780487804878,122.17073170731707
all,2025-06-21,35.0,32.0,0.3824857142857143,0.3039714285714286,0.3071428571428571,0.2004571428571428,0.0969428571428571,0.3616857142857143,0.3446,0.7091714285714286,0.7466857142857142,0.2348,0.5128857142857143,0.1373714285714286,0.2863714285714286,0.3693142857142856,0.0876571428571428,0.4551999999999999,0.3827428571428571,0.3813428571428572,0.5456857142857143,0.2863714285714285,0.6448285714285714,0.4754857142857143,0.4614285714285714,0.3898,0.1785428571428572,0.1227714285714285,0.0904857142857143,0.1639142857142857,0.4725999999999999,0.0692,0.3818285714285714,533.5428571428571,101.6
all,2025-06-22,36.0,30.0,0.3875882352941176,0.2419411764705882,0.3126764705882352,0.1265882352941176,0.1236176470588235,0.3624117647058824,0.3589411764705883,0.7248235294117646,0.7624705882352941,0.2572941176470588,0.5016470588235294,0.1324117647058823,0.1811470588235293,0.3257647058823529,0.1112058823529411,0.4561176470588235,0.3427941176470588,0.3735,0.4684117647058823,0.3289411764705882,0.6361764705882355,0.5367647058823529,0.4711470588235293,0.3708235294117647,0.1572941176470588,0.1323529411764705,0.0429411764705882,0.1305294117647059,0.4230588235294117,0.0241838235294117,0.3639607843137254,536.1388888888889,98.86111111111111
all,2025-06-23,43.0,34.0,0.3694651162790698,0.3115581395348837,0.3518372093023256,0.1820697674418604,0.1671395348837209,0.4450930232558139,0.4122093023255814,0.7330930232558139,0.724093023255814,0.2628604651162791,0.5946046511627907,0.1796744186046511,0.2764418604651162,0.4062558139534883,0.111813953488372,0.4853488372093023,0.439767441860465,0.424906976744186,0.6149999999999999,0.3993023255813954,0.7093953488372093,0.5176744186046511,0.4522093023255814,0.3924651162790697,0.246,0.1537441860465116,0.0430465116279069,0.182953488372093,0.5031627906976743,-0.0023837209302325,0.3146589147286821,649.9302325581396,118.95348837209302
all,2025-06-24,47.0,35.0,0.3832765957446809,0.3114255319148936,0.3212127659574467,0.1942553191489361,0.1147659574468085,0.3810638297872339,0.3538723404255319,0.7230212765957447,0.8048936170212766,0.2178085106382978,0.6407234042553192,0.1359361702127659,0.2553404255319149,0.3112978723404256,0.0814680851063829,0.4671914893617022,0.376659574468085,0.3987872340425532,0.5521063829787235,0.3230851063829787,0.6540425531914894,0.4758085106382979,0.4321489361702126,0.3849787234042552,0.1669361702127659,0.1406382978723404,0.0776382978723404,0.1515106382978723,0.4543829787234043,0.054627659574468,0.3883617021276596,539.0,100.36170212765956
all,2025-06-25,40.0,35.0,0.4437179487179487,0.2751794871794871,0.2815128205128205,0.1704358974358974,0.1206410256410256,0.3834615384615384,0.3732307692307692,0.7262307692307692,0.7926666666666667,0.2606410256410256,0.5511794871794872,0.1509487179487179,0.2494615384615384,0.3388974358974359,0.0866923076923077,0.4632564102564102,0.382948717948718,0.4453846153846154,0.5529743589743591,0.3720512820512821,0.6468205128205128,0.5008461538461538,0.4674615384615385,0.4116410256410256,0.2192564102564102,0.1611794871794871,0.0849487179487179,0.1602307692307692,0.4626923076923077,0.0406602564102564,0.3853247863247864,540.275,96.975
all,2025-06-26,44.0,39.0,0.3377954545454545,0.3265681818181818,0.3017954545454545,0.1611590909090909,0.1598409090909091,0.4200681818181818,0.4162954545454545,0.7209318181818181,0.7134318181818181,0.2459772727272727,0.5514999999999999,0.1764318181818182,0.2284545454545454,0.3682500000000001,0.0876136363636363,0.4725227272727272,0.4013863636363636,0.4324772727272727,0.5942045454545455,0.3996136363636364,0.7518636363636364,0.5765227272727272,0.4159090909090908,0.3681818181818181,0.2327045454545454,0.1441136363636363,0.0818636363636363,0.1568863636363636,0.4629545454545454,-0.0081249999999999,0.2911666666666667,663.8409090909091,118.4090909090909
all,2025-06-27,48.0,44.0,0.3613478260869565,0.2763478260869565,0.2862173913043478,0.1512173913043478,0.1512391304347826,0.3711521739130435,0.3449347826086956,0.6896304347826087,0.6973478260869566,0.2163043478260869,0.5860217391304348,0.1414347826086956,0.2198478260869565,0.3245869565217391,0.0782826086956521,0.4470652173913043,0.3284565217391304,0.3876086956521739,0.4830869565217391,0.3704782608695652,0.6734565217391304,0.4622173913043478,0.4101086956521739,0.390804347826087,0.1903695652173913,0.1177173913043478,0.1091521739130434,0.1520869565217391,0.4532391304347827,0.0075869565217391,0.2970652173913043,598.875,113.08333333333331
all,2025-06-28,36.0,31.0,0.3582222222222223,0.2988888888888888,0.3426388888888889,0.2284722222222222,0.1233333333333333,0.3896111111111111,0.36,0.7118888888888889,0.7398611111111111,0.235,0.5767222222222222,0.1418055555555555,0.1944166666666666,0.3452499999999999,0.0773888888888889,0.446611111111111,0.3600555555555556,0.3799722222222222,0.5034444444444444,0.3316666666666666,0.6374444444444446,0.4815555555555556,0.4723888888888889,0.3731666666666667,0.1898888888888888,0.1657222222222222,0.0795277777777777,0.1603055555555555,0.4693888888888888,0.0505833333333333,0.3569074074074074,536.4166666666666,103.94444444444444
all,2025-06-29,45.0,40.0,0.4017111111111111,0.3046222222222222,0.3434222222222222,0.1902888888888889,0.1342222222222222,0.4271555555555557,0.4164444444444445,0.7422444444444445,0.7640666666666667,0.2454444444444444,0.5491777777777778,0.1895111111111111,0.2843555555555555,0.3587333333333333,0.0989333333333333,0.4973777777777776,0.416111111111111,0.4416,0.5720444444444444,0.3820888888888888,0.7281333333333333,0.5567777777777778,0.4862222222222222,0.4031999999999999,0.217111111111111,0.1666666666666666,0.0581111111111111,0.1835333333333333,0.4949555555555555,0.0293222222222222,0.3688444444444444,563.0888888888888,102.71111111111112
all,2025-06-30,45.0,39.0,0.3528888888888888,0.2688666666666667,0.2854222222222222,0.1593555555555555,0.1647333333333333,0.3862222222222222,0.3752666666666667,0.7156,0.6861111111111112,0.2309777777777777,0.5093333333333334,0.1768222222222222,0.2658222222222222,0.3431555555555555,0.1022222222222222,0.4356888888888889,0.3782888888888889,0.3810444444444444,0.5302444444444445,0.4254,0.6200666666666664,0.4812222222222223,0.4824444444444444,0.4049111111111111,0.2326888888888888,0.1522666666666666,0.1039111111111111,0.1594666666666666,0.4487777777777779,-0.0088444444444444,0.2767407407407407,488.7111111111111,91.04444444444444
all,2025-07-01,50.0,42.0,0.41326,0.34664,0.3853999999999999,0.1927399999999999,0.17602,0.4877599999999999,0.4429999999999999,0.7525,0.73962,0.27564,0.6087800000000001,0.21566,0.2996,0.41644,0.1282,0.53112,0.4681,0.4617200000000001,0.63042,0.39362,0.74048,0.57976,0.4837,0.42694,0.23064,0.19826,0.0643199999999999,0.2162599999999999,0.5196200000000001,0.00262,0.33674,695.88,121.7
all,2025-07-02,59.0,47.0,0.423728813559322,0.3038813559322034,0.3309152542372881,0.1858813559322034,0.1185593220338983,0.3811525423728814,0.3656271186440678,0.7297118644067796,0.7485084745762711,0.2456949152542372,0.5067457627118644,0.1854067796610169,0.2676610169491525,0.3230338983050847,0.074135593220339,0.4793050847457627,0.3644067796610168,0.400135593220339,0.5026610169491526,0.3636610169491526,0.6633389830508474,0.4971525423728814,0.5290677966101694,0.3706101694915254,0.1846610169491525,0.140593220338983,0.0593050847457627,0.1693728813559322,0.4789661016949152,0.0612457627118644,0.3824915254237288,538.4745762711865,100.72881355932203
all,2025-07-03,46.0,42.0,0.393,0.3265652173913043,0.3387391304347826,0.1826521739130435,0.162195652173913,0.4343478260869566,0.4107608695652174,0.7156521739130435,0.737586956521739,0.2892173913043478,0.5875217391304348,0.2153043478260869,0.2273260869565217,0.3843478260869565,0.1045,0.4862608695652173,0.3814782608695651,0.4772173913043479,0.5292826086956522,0.3674782608695653,0.7132391304347826,0.5583913043478261,0.464391304347826,0.388108695652174,0.2450217391304347,0.1866739130434782,0.1161086956521739,0.1868695652173913,0.4921521739130435,0.0119673913043478,0.3275797101449275,613.7391304347826,116.02173913043478
all,2025-07-04,55.0,45.0,0.4388,0.3063090909090908,0.3340727272727273,0.2035090909090909,0.1264727272727272,0.3730727272727272,0.3411272727272726,0.7106545454545455,0.7904181818181818,0.2635272727272728,0.5622545454545453,0.1458909090909091,0.2345818181818182,0.3587090909090909,0.0791454545454545,0.4386727272727272,0.3598909090909091,0.3806363636363636,0.5346000000000001,0.3165272727272726,0.6444545454545456,0.4931272727272728,0.4539272727272727,0.3639272727272727,0.1822727272727273,0.1524545454545454,0.0704,0.1596363636363636,0.4577090909090909,0.0708999999999999,0.3946242424242426,607.3454545454546,112.07272727272728
all,2025-07-05,43.0,33.0,0.3374883720930232,0.2467209302325581,0.281,0.1565348837209302,0.1011162790697674,0.3901860465116278,0.3337674418604651,0.7382790697674418,0.748093023255814,0.1972325581395348,0.552186046511628,0.1088837209302325,0.1920697674418604,0.2945813953488372,0.0853255813953488,0.4300697674418606,0.3365116279069767,0.3106279069767442,0.5846976744186045,0.3096511627906976,0.6981395348837208,0.501325581395349,0.5017441860465117,0.3796279069767441,0.1524418604651163,0.1271162790697674,0.074953488372093,0.1487441860465116,0.4334883720930232,0.0097848837209302,0.3544108527131783,467.7441860465116,90.86046511627907
all,2025-07-06,40.0,37.0,0.2878999999999999,0.2531,0.256,0.132525,0.205275,0.376075,0.3711,0.703425,0.6539249999999999,0.230625,0.5478,0.171625,0.2322999999999999,0.329825,0.122775,0.448625,0.37055,0.37695,0.5173,0.4640749999999999,0.629,0.4448249999999999,0.41925,0.3724,0.2041749999999999,0.140225,0.080875,0.1494,0.464325,-0.05829375,0.194,520.65,98.025
all,2025-07-07,57.0,49.0,0.3887719298245614,0.302578947368421,0.3700701754385964,0.1894210526315789,0.1159122807017543,0.4209122807017544,0.3655964912280702,0.7423859649122807,0.7727894736842105,0.2428245614035087,0.5705263157894738,0.1477017543859649,0.2608245614035087,0.377719298245614,0.088578947368421,0.4506842105263158,0.3771754385964912,0.3895614035087719,0.544438596491228,0.3276666666666666,0.6999298245614034,0.5328421052631579,0.4858421052631579,0.3973508771929825,0.1885263157894736,0.1568771929824561,0.1121228070175438,0.1713157894736842,0.4759298245614036,0.044298245614035,0.3946315789473684,495.89473684210526,94.75438596491227
all,2025-07-08,41.0,37.0,0.3743170731707317,0.3000487804878048,0.3018292682926829,0.1777073170731707,0.1286829268292683,0.4129512195121951,0.3904878048780487,0.7331463414634146,0.7901463414634147,0.253609756097561,0.5764634146341463,0.1465121951219512,0.2254878048780487,0.3440731707317073,0.0876829268292683,0.4591951219512195,0.377609756097561,0.4051463414634145,0.5460243902439024,0.3604878048780488,0.6895121951219513,0.488829268292683,0.4449268292682927,0.3612195121951219,0.2091463414634146,0.1582926829268292,0.1006097560975609,0.1579268292682926,0.4524878048780488,0.0176585365853658,0.3600813008130081,468.8048780487805,87.02439024390245
all,2025-07-09,49.0,42.0,0.3840408163265307,0.3020816326530612,0.3143469387755102,0.1906938775510204,0.1556530612244898,0.4551632653061224,0.3956122448979592,0.7667142857142858,0.7310612244897959,0.2694081632653061,0.5829591836734694,0.1704081632653061,0.2831836734693878,0.3953469387755102,0.0847755102040816,0.4951836734693878,0.3997755102040816,0.401265306122449,0.5565714285714286,0.3657551020408163,0.7037755102040818,0.5547959183673469,0.5151020408163265,0.3755714285714286,0.2103673469387755,0.1405918367346938,0.0615306122448979,0.1957755102040816,0.5020408163265305,-0.0076173469387755,0.3208299319727891,754.5510204081633,139.6326530612245
all,2025-07-10,34.0,32.0,0.3537352941176471,0.2736470588235294,0.2942352941176471,0.1863823529411764,0.0752941176470588,0.3319999999999999,0.319470588235294,0.6813823529411766,0.7824411764705883,0.1965588235294117,0.4622941176470588,0.1095882352941176,0.1709117647058823,0.2861470588235294,0.0787941176470588,0.4106470588235295,0.3429411764705882,0.2984411764705883,0.4691470588235293,0.3020882352941176,0.5929411764705882,0.4310294117647059,0.4384705882352941,0.3157647058823529,0.1477058823529412,0.1016764705882352,0.0856176470588235,0.1325882352941176,0.4295588235294117,0.0733529411764705,0.4015098039215686,455.6764705882353,87.05882352941177
all,2025-07-11,47.0,34.0,0.4780851063829788,0.4098510638297872,0.4018085106382979,0.2206595744680851,0.1362340425531914,0.4915531914893616,0.4677872340425533,0.7835106382978723,0.8206808510638297,0.3447446808510639,0.6668510638297872,0.194936170212766,0.3078510638297872,0.4424680851063829,0.1213191489361702,0.5523191489361702,0.4689999999999999,0.4927872340425532,0.6638297872340425,0.3653829787234042,0.7668297872340425,0.608468085106383,0.5008723404255319,0.445468085106383,0.2347659574468085,0.1853617021276596,0.0821702127659574,0.2182978723404256,0.5365744680851064,0.0637074468085106,0.4306241134751774,854.1489361702128,155.40425531914894
all,2025-07-12,53.0,49.0,0.3403962264150943,0.2622830188679245,0.3161320754716981,0.1662641509433962,0.1177358490566037,0.3820943396226414,0.3550566037735849,0.7221886792452828,0.7233962264150943,0.2173396226415094,0.5388113207547169,0.1364150943396226,0.1930566037735849,0.3460754716981132,0.0862452830188679,0.4590943396226414,0.3573018867924528,0.3721509433962265,0.4870754716981132,0.3913018867924527,0.6316981132075472,0.4583396226415094,0.4719056603773584,0.3450754716981131,0.1823962264150944,0.1241509433962264,0.1035094339622641,0.1563584905660377,0.4449056603773585,0.0213537735849056,0.3422389937106919,554.566037735849,103.94339622641508
all,2025-07-13,46.0,36.0,0.3768260869565218,0.2629130434782609,0.3085,0.1799782608695652,0.1164782608695652,0.3437173913043478,0.3208043478260869,0.7146521739130435,0.7540000000000001,0.2232608695652173,0.5429565217391304,0.1469782608695652,0.2765217391304348,0.3060652173913042,0.079,0.4369565217391304,0.3377826086956522,0.3639565217391304,0.490695652173913,0.3106739130434782,0.6305434782608695,0.4888478260869565,0.4282173913043478,0.3420434782608696,0.1607608695652173,0.1154347826086956,0.0715,0.1376739130434782,0.4337826086956521,0.0519565217391304,0.3632971014492753,515.0652173913044,101.3695652173913
all,2025-07-14,34.0,31.0,0.315735294117647,0.2158529411764706,0.2855588235294118,0.1205588235294117,0.1069705882352941,0.3686470588235294,0.324,0.6689705882352941,0.7008529411764706,0.1955588235294117,0.5212058823529412,0.1225294117647058,0.1728823529411765,0.2667647058823529,0.0707647058823529,0.4020294117647059,0.3078823529411765,0.3332647058823528,0.5302941176470588,0.3291176470588235,0.6085,0.4684117647058824,0.4010882352941176,0.3173823529411764,0.1861470588235294,0.1238529411764705,0.0722058823529411,0.1345588235294117,0.4058823529411764,-0.0033823529411764,0.327078431372549,528.0294117647059,101.1470588235294
all,2025-07-15,54.0,42.0,0.4490555555555555,0.3809999999999999,0.3680740740740741,0.2116481481481482,0.1502037037037037,0.4746111111111111,0.440462962962963,0.7293518518518519,0.7625925925925926,0.2979259259259258,0.6229629629629628,0.1742777777777778,0.2922962962962963,0.4220925925925927,0.1012962962962962,0.5146851851851852,0.4303333333333333,0.4534629629629628,0.6179074074074073,0.3605555555555555,0.7704259259259258,0.578925925925926,0.4621296296296296,0.4178518518518518,0.2185,0.1720555555555555,0.0925925925925925,0.1894999999999999,0.504,0.040037037037037,0.3763703703703704,697.2407407407408,131.42592592592592
all,2025-07-16,37.0,31.0,0.363081081081081,0.2834324324324324,0.3001351351351351,0.1793243243243243,0.1378918918918919,0.3754594594594594,0.3436486486486487,0.7235405405405405,0.6866216216216217,0.2215945945945946,0.507891891891892,0.1602162162162161,0.2357297297297297,0.322027027027027,0.0657567567567567,0.4534864864864865,0.3414594594594594,0.3923243243243243,0.4748918918918919,0.3345945945945946,0.7134594594594595,0.5292702702702703,0.3859999999999999,0.3327837837837837,0.1939459459459459,0.1244594594594594,0.105054054054054,0.1376216216216216,0.4504324324324324,0.0248175675675675,0.312054054054054,608.2432432432432,114.48648648648648
all,2025-07-17,48.0,39.0,0.3797659574468084,0.2802340425531915,0.3259787234042554,0.1673191489361702,0.1101702127659574,0.3747021276595744,0.3420851063829787,0.7373829787234042,0.7406170212765957,0.2543191489361702,0.588468085106383,0.1872340425531915,0.2315744680851064,0.3242978723404255,0.0861063829787234,0.4612127659574468,0.342063829787234,0.3703404255319149,0.5605744680851064,0.3294042553191489,0.6514468085106383,0.4693191489361702,0.4836808510638297,0.3697872340425531,0.1763829787234042,0.1186808510638297,0.0758510638297872,0.1588723404255319,0.4665531914893616,0.0458882978723404,0.3719503546099291,702.4375,133.29166666666666
all,2025-07-18,48.0,39.0,0.40975,0.2620625,0.2754791666666666,0.1633333333333333,0.1217291666666666,0.3940416666666667,0.3422083333333334,0.7450416666666667,0.7491666666666666,0.2416874999999999,0.6617083333333333,0.1431041666666666,0.1947291666666666,0.3190624999999999,0.0634791666666666,0.4581875,0.3265625,0.3885625000000001,0.5005625,0.33075,0.6727916666666668,0.4869791666666667,0.4925208333333333,0.4016458333333333,0.1977291666666666,0.1220416666666666,0.051875,0.14075,0.45025,0.0197708333333333,0.3564027777777778,504.1875,93.52083333333331
all,2025-07-19,37.0,30.0,0.3962162162162162,0.3555675675675676,0.3737837837837837,0.2111351351351351,0.1278648648648648,0.4167297297297297,0.3890810810810811,0.7232162162162161,0.8020540540540539,0.2862162162162162,0.6669459459459459,0.1497837837837838,0.2756486486486486,0.3502972972972973,0.1041891891891891,0.4652702702702703,0.3957027027027027,0.4332432432432432,0.5574054054054055,0.3658108108108108,0.6817027027027027,0.4795405405405405,0.4204594594594594,0.4024324324324324,0.205,0.2004594594594594,0.0731351351351351,0.186027027027027,0.4890270270270269,0.0618783783783783,0.3961531531531532,465.4324324324325,84.48648648648648
all,2025-07-20,48.0,39.0,0.4357291666666666,0.3690208333333333,0.3737291666666666,0.1922291666666666,0.1475208333333333,0.4803541666666667,0.441125,0.7597291666666667,0.78675,0.2952083333333333,0.6336041666666666,0.1975625,0.2749583333333333,0.4059791666666667,0.1081041666666666,0.527375,0.4465416666666666,0.4707708333333333,0.6441458333333333,0.36375,0.7758333333333333,0.5887291666666666,0.4648333333333332,0.3849999999999999,0.2351875,0.1941041666666666,0.0867708333333333,0.1905833333333333,0.5095625,0.0287395833333333,0.3845486111111111,706.7291666666666,131.35416666666666
all,2025-07-21,49.0,39.0,0.3382857142857143,0.2517755102040816,0.2743469387755102,0.1804897959183673,0.1150612244897959,0.3547551020408163,0.2903265306122449,0.678265306122449,0.7116938775510203,0.2246938775510203,0.6,0.1416734693877551,0.1629183673469387,0.304734693877551,0.0525306122448979,0.3988367346938775,0.2628571428571429,0.3646122448979592,0.3902040816326531,0.3251632653061225,0.6025714285714285,0.3903673469387755,0.4384897959183673,0.3433265306122449,0.1770612244897959,0.0993265306122449,0.1239591836734694,0.134,0.432673469387755,0.0263163265306122,0.3263809523809524,517.6530612244898,100.22448979591836
all,2025-07-22,40.0,36.0,0.381525,0.275375,0.3149,0.168425,0.1556499999999999,0.37865,0.3821,0.70595,0.7308250000000001,0.2456,0.478325,0.1504249999999999,0.26605,0.32815,0.09625,0.45145,0.3668749999999999,0.376125,0.5243249999999999,0.35015,0.6655749999999999,0.5584,0.449975,0.379575,0.210325,0.18275,0.083,0.165225,0.4488999999999999,0.01790625,0.3201,533.525,99.375
all,2025-07-23,33.0,31.0,0.3608181818181818,0.263939393939394,0.3343636363636363,0.2079696969696969,0.1392727272727272,0.3874545454545454,0.3649090909090909,0.7129090909090908,0.7152121212121212,0.2566666666666667,0.5816363636363637,0.1608181818181818,0.2196666666666666,0.327,0.0807575757575757,0.431,0.3293939393939394,0.3718787878787878,0.5624242424242424,0.3257272727272727,0.6746969696969697,0.478,0.4686969696969697,0.3483939393939393,0.1833030303030303,0.1708484848484848,0.1181212121212121,0.1730909090909091,0.4637575757575757,0.0284090909090909,0.3308585858585858,536.8787878787879,104.72727272727272
all,2025-07-24,32.0,28.0,0.425375,0.31575,0.3241874999999999,0.20621875,0.1391562499999999,0.4084375,0.34665625,0.75146875,0.798625,0.2646874999999999,0.56584375,0.1376875,0.32478125,0.3716875,0.1046874999999999,0.45165625,0.37653125,0.37509375,0.566875,0.33175,0.6703125,0.499125,0.5022187499999999,0.3994375,0.19009375,0.16153125,0.1069375,0.17409375,0.4772499999999999,0.0440859374999999,0.37690625,506.96875,95.5
all,2025-07-25,39.0,30.0,0.3416578947368421,0.2981315789473684,0.3081315789473684,0.1539210526315789,0.191578947368421,0.4446578947368421,0.395578947368421,0.7325,0.7032631578947367,0.229421052631579,0.6032105263157894,0.1346842105263158,0.2429736842105263,0.3550263157894737,0.0882368421052631,0.4898947368421052,0.4077894736842105,0.3791842105263157,0.5788684210526318,0.399078947368421,0.7223684210526315,0.5292631578947369,0.4610789473684211,0.3917105263157895,0.2052105263157894,0.1712631578947368,0.0633421052631579,0.1705,0.4930263157894736,-0.0426578947368421,0.2594385964912281,459.71794871794873,85.17948717948718
all,2025-07-26,41.0,32.0,0.4000243902439024,0.2786585365853658,0.2986097560975609,0.1503414634146341,0.1250731707317073,0.4028780487804878,0.3718292682926829,0.6982682926829268,0.7702439024390243,0.2450243902439023,0.4864878048780488,0.1276829268292682,0.2308536585365853,0.3381707317073171,0.1039268292682926,0.4475609756097561,0.3988048780487804,0.3984390243902438,0.5726097560975609,0.3454878048780488,0.6620243902439025,0.5161219512195121,0.4060731707317072,0.3559024390243903,0.1859756097560976,0.1548292682926829,0.0554390243902439,0.1589024390243902,0.4576585365853658,0.0179329268292683,0.3645528455284552,515.780487804878,96.73170731707316
all,2025-07-27,69.0,47.0,0.3845072463768116,0.3024492753623187,0.3449565217391304,0.1765942028985507,0.143695652173913,0.4439565217391304,0.391231884057971,0.7411739130434782,0.7446521739130435,0.2512608695652173,0.6038985507246377,0.1565072463768116,0.2361304347826086,0.3648985507246377,0.0991304347826086,0.4950869565217392,0.4211449275362319,0.4143623188405796,0.6106521739130436,0.3514637681159421,0.7173478260869566,0.5679275362318841,0.4832753623188405,0.3813043478260869,0.2044927536231883,0.1691884057971014,0.0903478260869565,0.1693043478260869,0.4896521739130434,0.0083007246376811,0.3476763285024155,638.2898550724638,119.97101449275362
all,2025-07-28,48.0,36.0,0.352375,0.24075,0.2830208333333333,0.1541249999999999,0.1268541666666666,0.3530624999999999,0.3080833333333333,0.7068541666666667,0.7236250000000001,0.20425,0.5570416666666667,0.1181041666666666,0.2301875,0.2794166666666667,0.0901875,0.4256041666666667,0.3439166666666666,0.3622708333333333,0.525,0.3530625,0.6112083333333334,0.4523958333333333,0.421,0.3219375,0.1521458333333333,0.1011875,0.0657291666666666,0.1230208333333333,0.4289166666666666,0.017609375,0.3261527777777778,397.8333333333333,76.79166666666667
all,2025-07-29,40.0,37.0,0.413175,0.304225,0.351825,0.183725,0.1132499999999999,0.389175,0.3469,0.7480500000000001,0.78085,0.240975,0.5576,0.14775,0.207,0.311875,0.0973749999999999,0.443675,0.3628,0.4122,0.534775,0.32715,0.66815,0.518375,0.4872999999999999,0.362125,0.1728,0.12545,0.041175,0.162575,0.4530999999999999,0.062025,0.4020333333333333,498.8,95.225
all,2025-07-30,33.0,31.0,0.460030303030303,0.3246969696969696,0.3923636363636363,0.1919999999999999,0.1118484848484848,0.4112424242424243,0.3511515151515151,0.7555151515151515,0.7923030303030303,0.2458181818181818,0.5726666666666667,0.1641212121212121,0.2925151515151515,0.3264242424242424,0.0745454545454545,0.4622727272727273,0.3816969696969697,0.3798484848484849,0.5983333333333334,0.3183636363636364,0.7030606060606062,0.5915757575757575,0.4610909090909091,0.3744242424242425,0.162,0.1378484848484848,0.0457272727272727,0.1551818181818182,0.4717878787878787,0.0807272727272727,0.4363838383838384,576.030303030303,111.72727272727272
all,2025-07-31,40.0,33.0,0.3161282051282051,0.2254102564102564,0.3396153846153846,0.1572820512820512,0.1232051282051282,0.341076923076923,0.2858717948717948,0.6872051282051281,0.6827179487179487,0.2088461538461538,0.5711025641025642,0.0997692307692307,0.2127692307692307,0.2699230769230769,0.0778974358974359,0.3934102564102564,0.2996153846153845,0.2914615384615385,0.461897435897436,0.402974358974359,0.5798717948717949,0.4505128205128205,0.4617948717948717,0.3075641025641026,0.1493846153846153,0.1494102564102564,0.1041282051282051,0.1321538461538461,0.4238717948717948,0.0274679487179487,0.322948717948718,411.425,78.175
all,2025-08-01,32.0,27.0,0.4276875,0.2413124999999999,0.37903125,0.19740625,0.0815625,0.35425,0.30096875,0.7083125,0.7678750000000001,0.214125,0.58303125,0.11234375,0.17725,0.30259375,0.0583125,0.42196875,0.32640625,0.34603125,0.52134375,0.30121875,0.6817500000000001,0.48296875,0.4503749999999999,0.3537187499999999,0.13890625,0.12028125,0.07165625,0.14203125,0.430875,0.093453125,0.4433020833333333,487.6875,95.6875
all,2025-08-02,34.0,32.0,0.4050882352941176,0.2702352941176471,0.2845,0.1544411764705882,0.158970588235294,0.4048235294117647,0.370764705882353,0.7158235294117647,0.7194705882352941,0.2315294117647058,0.578,0.1223529411764705,0.2580588235294117,0.312970588235294,0.0661176470588235,0.4523823529411764,0.3440294117647058,0.356764705882353,0.576735294117647,0.3716176470588235,0.6712352941176472,0.5016470588235294,0.5110882352941176,0.3481470588235294,0.167,0.1639411764705882,0.0965588235294117,0.1757058823529411,0.4626764705882353,-0.0033308823529411,0.3107156862745097,735.2058823529412,137.88235294117646
all,2025-08-03,50.0,40.0,0.41902,0.2739,0.32594,0.16664,0.11254,0.3954399999999999,0.34772,0.72556,0.76926,0.26682,0.56778,0.1266,0.2116799999999999,0.35022,0.07408,0.46064,0.37544,0.3782000000000001,0.5232199999999999,0.31276,0.6579999999999999,0.4948,0.4674799999999999,0.36682,0.16794,0.15564,0.08796,0.1599,0.47306,0.0423849999999999,0.3922,407.64,77.96
all,2025-08-04,54.0,46.0,0.3986851851851852,0.2963888888888888,0.3349814814814814,0.1848518518518518,0.1387222222222222,0.4006666666666667,0.3517037037037036,0.723037037037037,0.7793148148148148,0.246574074074074,0.5750185185185186,0.1517592592592592,0.2519814814814815,0.3306666666666665,0.0862037037037037,0.4578888888888888,0.3686296296296296,0.3774814814814815,0.5531481481481482,0.3306481481481481,0.6542222222222223,0.4990555555555555,0.4170185185185185,0.3637592592592593,0.1744814814814815,0.1450555555555555,0.0551851851851851,0.1556111111111111,0.4577592592592592,0.0340324074074074,0.3656049382716048,539.0925925925926,101.64814814814817
all,2025-08-05,43.0,33.0,0.3397906976744185,0.2410930232558139,0.2783720930232558,0.1891162790697674,0.0864883720930232,0.3274651162790698,0.3152558139534883,0.701093023255814,0.7272093023255815,0.1930232558139535,0.4520232558139535,0.1113488372093023,0.2006976744186046,0.2977906976744187,0.0530697674418604,0.423,0.3353023255813953,0.3635116279069768,0.4263953488372094,0.2877674418604651,0.5805581395348837,0.4088372093023255,0.5050697674418605,0.2955581395348837,0.1571860465116279,0.1614883720930232,0.0474651162790697,0.1385348837209302,0.4365813953488372,0.0551162790697674,0.361968992248062,451.6279069767442,86.79069767441861
all,2025-08-06,43.0,32.0,0.3715116279069768,0.2467209302325581,0.3010697674418605,0.1765116279069767,0.0976511627906976,0.336813953488372,0.303953488372093,0.6841860465116278,0.7605813953488372,0.2407674418604651,0.4934651162790698,0.1259302325581395,0.1664186046511628,0.3242093023255814,0.0703023255813953,0.4062558139534883,0.3141627906976744,0.336860465116279,0.4497906976744185,0.3112558139534884,0.5869767441860465,0.4648837209302325,0.4222558139534884,0.3023720930232557,0.200046511627907,0.1384651162790698,0.0656976744186046,0.1386279069767441,0.4240232558139535,0.0567209302325581,0.3800697674418604,501.6976744186047,97.7906976744186
all,2025-08-07,45.0,35.0,0.3104772727272726,0.2018181818181818,0.26725,0.1690454545454545,0.14025,0.3135454545454545,0.2802727272727272,0.7182045454545455,0.6976363636363637,0.1711590909090909,0.4900681818181819,0.1199999999999999,0.2023181818181818,0.2488863636363636,0.0677954545454545,0.3725454545454545,0.309340909090909,0.2742727272727273,0.488590909090909,0.3349545454545455,0.5664772727272728,0.3945681818181818,0.4945227272727272,0.3478409090909091,0.1880681818181817,0.13075,0.0717954545454545,0.1221136363636363,0.4063636363636364,0.0102499999999999,0.2848712121212121,393.3555555555556,74.02222222222223
all,2025-08-08,31.0,26.0,0.3749354838709677,0.2830645161290323,0.3600967741935484,0.1936129032258064,0.1528064516129032,0.4210645161290323,0.3779677419354837,0.7241290322580647,0.7505483870967742,0.2658387096774194,0.5774516129032257,0.1747741935483871,0.2410645161290322,0.3749354838709676,0.0930645161290322,0.4274838709677419,0.3597419354838709,0.4101290322580645,0.5744838709677421,0.3962258064516128,0.6597419354838708,0.5188064516129032,0.4846774193548387,0.3974193548387096,0.2297419354838709,0.2718387096774193,0.081774193548387,0.1753870967741935,0.4613548387096773,0.0159919354838709,0.3423870967741934,566.483870967742,110.80645161290325
all,2025-08-09,42.0,36.0,0.4494285714285714,0.3438809523809524,0.3363333333333333,0.2101428571428571,0.1184761904761905,0.4124761904761905,0.3868333333333333,0.744547619047619,0.7912380952380952,0.2524285714285714,0.6167380952380954,0.1402857142857142,0.2692142857142857,0.3589047619047619,0.0824285714285714,0.4714761904761905,0.3814285714285714,0.4305,0.5599047619047619,0.3147619047619048,0.7041190476190476,0.5255238095238095,0.4548095238095238,0.4170000000000001,0.1981190476190476,0.1646904761904762,0.0685,0.1635952380952381,0.4763333333333333,0.0694702380952381,0.4071904761904762,509.6428571428572,97.11904761904762
all,2025-08-10,58.0,47.0,0.4028965517241379,0.2784655172413793,0.3138275862068965,0.1768103448275862,0.1187931034482758,0.4064137931034483,0.368448275862069,0.7314310344827585,0.7485862068965516,0.2603620689655172,0.5303448275862069,0.1395862068965517,0.1929310344827586,0.3251034482758621,0.0686206896551724,0.4847931034482759,0.3502068965517241,0.3841551724137931,0.5420344827586208,0.3613620689655173,0.6722758620689654,0.4691206896551724,0.4815689655172414,0.373603448275862,0.1819827586206897,0.1531551724137931,0.0747068965517241,0.1520689655172414,0.4712068965517241,0.0303965517241379,0.3696436781609195,620.3793103448276,115.65517241379312
all,2025-08-11,40.0,38.0,0.430675,0.32385,0.34465,0.1749,0.142,0.432475,0.393725,0.7078749999999999,0.733075,0.242225,0.683675,0.1493249999999999,0.2680749999999999,0.360125,0.085575,0.4951,0.396525,0.4291999999999999,0.586525,0.365675,0.7095750000000001,0.50295,0.4394249999999999,0.461275,0.1882,0.13395,0.071,0.1728,0.492825,0.03128125,0.3607999999999999,645.625,122.85
all,2025-08-12,59.0,47.0,0.3815084745762712,0.2843050847457627,0.3246779661016949,0.1755084745762711,0.1185762711864406,0.3935593220338982,0.3700338983050847,0.7402033898305086,0.7767966101694914,0.2502033898305084,0.5605762711864406,0.1273050847457627,0.2242711864406779,0.337728813559322,0.0805762711864406,0.456457627118644,0.382864406779661,0.3835084745762712,0.5881694915254239,0.3391186440677965,0.6998305084745763,0.5412881355932204,0.4593389830508473,0.3710677966101695,0.191593220338983,0.1665762711864407,0.0510338983050847,0.152728813559322,0.4571694915254238,0.0354322033898305,0.3757514124293785,432.0677966101695,82.32203389830508
all,2025-08-13,53.0,42.0,0.415377358490566,0.303,0.3781320754716982,0.2145283018867924,0.1047735849056603,0.3884905660377358,0.3459622641509434,0.7265849056603775,0.7349622641509435,0.2276226415094339,0.5104905660377359,0.1443018867924528,0.2359433962264151,0.3654150943396226,0.0725471698113207,0.4783584905660377,0.3727735849056602,0.3633396226415095,0.5297735849056604,0.3018490566037736,0.6891509433962265,0.5048867924528301,0.504622641509434,0.3506415094339623,0.1569245283018868,0.1247169811320754,0.0718867924528302,0.1748679245283018,0.478566037735849,0.081127358490566,0.4047169811320754,570.8679245283018,109.0754716981132
all,2025-08-14,47.0,34.0,0.4221739130434784,0.3354782608695652,0.3194782608695652,0.2264130434782608,0.1565869565217391,0.402891304347826,0.3806304347826087,0.7295434782608695,0.7841739130434782,0.282,0.5863478260869565,0.1713478260869565,0.235695652173913,0.3801304347826086,0.1024999999999999,0.455695652173913,0.3415869565217392,0.4007826086956519,0.5003695652173914,0.317195652173913,0.6630434782608695,0.4962173913043478,0.5259347826086956,0.4232826086956521,0.1940869565217391,0.1865652173913043,0.1227391304347826,0.1864130434782608,0.4782391304347825,0.0461467391304347,0.3520217391304347,900.5531914893617,170.63829787234042
all,2025-08-15,50.0,44.0,0.3885799999999999,0.27946,0.32204,0.20354,0.11656,0.40258,0.3512800000000001,0.72072,0.7527799999999999,0.24522,0.54826,0.16638,0.26514,0.33514,0.07114,0.45146,0.3635799999999999,0.3641,0.5121800000000001,0.33078,0.64602,0.4866,0.50662,0.3438799999999999,0.1807,0.13344,0.06326,0.17578,0.4683,0.0388349999999999,0.37124,572.68,110.02
all,2025-08-16,50.0,42.0,0.38492,0.29938,0.35582,0.19724,0.13746,0.40692,0.3822,0.6880200000000001,0.72698,0.26222,0.56162,0.16622,0.2009,0.35558,0.09208,0.4479999999999999,0.3564,0.38968,0.50188,0.3754200000000001,0.6519400000000001,0.5206600000000001,0.4714999999999999,0.3781399999999999,0.19768,0.1634,0.1092599999999999,0.17582,0.46114,0.0371499999999999,0.35178,595.62,114.52
all,2025-08-17,45.0,32.0,0.3401555555555555,0.3019555555555555,0.2613777777777777,0.165,0.1316444444444444,0.3596,0.3336444444444444,0.6652444444444445,0.7190222222222221,0.2208,0.5476000000000001,0.1266888888888888,0.2115555555555555,0.3202888888888889,0.0835333333333333,0.4291777777777776,0.3556888888888889,0.3447333333333333,0.5181111111111111,0.3431333333333333,0.6140666666666665,0.4891333333333334,0.4196888888888889,0.3487333333333333,0.1722888888888889,0.1065555555555555,0.1047555555555555,0.1347333333333333,0.4253333333333332,0.0215,0.3085407407407408,494.0444444444444,94.28888888888888
all,2025-08-18,43.0,43.0,0.3796046511627907,0.3172558139534884,0.3509767441860465,0.1972325581395348,0.1202558139534884,0.393186046511628,0.3517209302325581,0.7115581395348837,0.7490465116279069,0.243813953488372,0.6149302325581395,0.1762325581395349,0.2194186046511627,0.3706279069767442,0.0938837209302325,0.4604883720930233,0.3696046511627907,0.3754186046511628,0.632720930232558,0.3192790697674418,0.7108837209302326,0.5326046511627908,0.4261162790697675,0.4103720930232558,0.1829767441860465,0.1567906976744185,0.1219767441860465,0.1554418604651163,0.4651162790697674,0.0545465116279069,0.372953488372093,596.046511627907,116.02325581395348
all,2025-08-19,60.0,47.0,0.3668666666666667,0.2575833333333334,0.27225,0.1766999999999999,0.1217166666666666,0.3486166666666667,0.3363666666666666,0.6549500000000001,0.7585666666666667,0.2360333333333333,0.5539166666666666,0.12945,0.1946,0.3114833333333333,0.0672166666666666,0.4373666666666666,0.3636333333333333,0.3334999999999999,0.5011666666666668,0.3143833333333334,0.5935166666666667,0.4453333333333333,0.4265333333333333,0.3679166666666666,0.1753666666666667,0.1185333333333333,0.0768166666666666,0.14775,0.4437166666666667,0.0331833333333333,0.3441777777777778,499.0833333333333,95.11666666666666
all,2025-08-20,35.0,32.0,0.3621142857142857,0.3115142857142857,0.3128,0.1809428571428571,0.1480285714285714,0.4001142857142857,0.3634285714285714,0.7386285714285715,0.7315428571428572,0.2409142857142857,0.6290285714285715,0.1407428571428571,0.2243142857142857,0.3441142857142857,0.0845142857142857,0.4723428571428571,0.3781428571428571,0.4291142857142857,0.5277714285714286,0.3827142857142857,0.6868285714285715,0.5016285714285715,0.4746571428571429,0.3671714285714286,0.1872857142857142,0.1852571428571428,0.1048285714285714,0.1593142857142857,0.4696,0.0177714285714285,0.3207904761904762,470.4,89.4
all,2025-08-21,41.0,35.0,0.4020243902439024,0.309390243902439,0.3080731707317073,0.178,0.0928048780487804,0.3803658536585366,0.3159756097560975,0.7636585365853659,0.7712682926829268,0.2352439024390243,0.5740243902439024,0.1257317073170731,0.2412926829268293,0.3204146341463414,0.0778048780487804,0.431170731707317,0.3458536585365853,0.3381707317073171,0.4848536585365854,0.3053414634146341,0.6598048780487805,0.4927317073170731,0.5195609756097561,0.3549268292682927,0.1534146341463414,0.1142926829268292,0.0571951219512195,0.1592439024390244,0.4561219512195122,0.0627865853658536,0.4009837398373983,499.6829268292683,98.02439024390245
all,2025-08-22,49.0,42.0,0.3809591836734694,0.3092857142857143,0.3348775510204081,0.1848979591836734,0.1523469387755102,0.4252448979591837,0.4217755102040816,0.7119183673469388,0.7265102040816326,0.2410204081632653,0.6178775510204082,0.1757959183673469,0.2653877551020408,0.3591428571428571,0.1029591836734693,0.4838367346938776,0.3683061224489796,0.417938775510204,0.5277142857142857,0.3986122448979592,0.7010204081632654,0.5024897959183674,0.4766326530612245,0.4384897959183673,0.2256530612244897,0.160469387755102,0.1351020408163265,0.1802448979591837,0.4931836734693877,0.0137091836734693,0.3284353741496599,657.3265306122449,127.36734693877553
all,2025-08-23,46.0,40.0,0.3956739130434784,0.2882391304347826,0.2929565217391304,0.1906521739130434,0.1366521739130435,0.3730217391304347,0.3519782608695652,0.7412391304347826,0.7741521739130434,0.2685652173913044,0.5428043478260869,0.1580434782608695,0.2613695652173913,0.3322608695652174,0.0879130434782608,0.4348043478260869,0.3520434782608696,0.3732608695652174,0.5174565217391303,0.3314782608695652,0.6499347826086956,0.519,0.4865652173913043,0.3473913043478261,0.196391304347826,0.1358260869565217,0.0599130434782608,0.1502173913043478,0.4593260869565217,0.0370434782608695,0.3509420289855072,533.804347826087,103.17391304347828
all,2025-08-24,49.0,46.0,0.3628979591836734,0.2731428571428571,0.3146938775510204,0.161204081632653,0.1151224489795918,0.3540408163265306,0.3254285714285714,0.6786530612244898,0.7545102040816327,0.2173673469387755,0.5191020408163265,0.1236326530612244,0.2074285714285714,0.2896326530612244,0.0884489795918367,0.4208163265306122,0.3342448979591836,0.3027755102040816,0.5108775510204082,0.3058367346938775,0.6193673469387755,0.4640204081632653,0.4398775510204082,0.3537346938775509,0.1628571428571428,0.1076122448979591,0.055469387755102,0.1492244897959183,0.4225510204081632,0.0434030612244898,0.3622448979591837,496.530612244898,93.3061224489796
all,2025-08-25,71.0,57.0,0.396,0.3158450704225352,0.3398732394366196,0.1993521126760563,0.1547605633802817,0.4295774647887324,0.3920845070422535,0.7246338028169015,0.7538309859154931,0.2743943661971831,0.6454507042253522,0.1796197183098591,0.2061830985915493,0.35943661971831,0.0908873239436619,0.4456056338028168,0.3638732394366197,0.4014366197183098,0.5197887323943661,0.3949859154929577,0.6732112676056338,0.4953521126760564,0.455112676056338,0.3911830985915492,0.202,0.1645915492957746,0.0836760563380281,0.1609295774647887,0.4618028169014084,0.0205985915492957,0.3418075117370892,603.4929577464789,112.02816901408453
all,2025-08-26,48.0,40.0,0.3702916666666667,0.2782291666666666,0.2832916666666666,0.1742083333333333,0.1414166666666666,0.3748541666666667,0.3398333333333334,0.7030833333333333,0.7235625,0.23625,0.5233125,0.1358541666666666,0.2035208333333333,0.3159166666666667,0.0959791666666666,0.4470833333333333,0.3377708333333333,0.3684166666666666,0.5450416666666666,0.3684583333333333,0.6635416666666666,0.51275,0.4413125,0.3742083333333334,0.1697916666666666,0.1336666666666666,0.1398125,0.1656666666666666,0.4548333333333333,0.0183697916666666,0.3176319444444444,524.0208333333334,100.60416666666669
all,2025-08-27,48.0,40.0,0.4094583333333333,0.3003333333333333,0.367,0.1753958333333333,0.1383125,0.4095208333333333,0.3860625,0.7193541666666667,0.7525416666666667,0.2683958333333333,0.6361666666666667,0.140375,0.2555416666666667,0.3346666666666666,0.0849791666666666,0.4776249999999999,0.4005416666666666,0.3661666666666667,0.5789375,0.3663749999999999,0.6567291666666667,0.4974375,0.4415,0.40375,0.1852916666666666,0.1482708333333333,0.0443333333333333,0.1608333333333333,0.4671666666666667,0.0391302083333333,0.3713541666666666,496.3958333333333,93.8125
all,2025-08-28,40.0,33.0,0.4082,0.31975,0.348625,0.2009999999999999,0.125575,0.394425,0.35415,0.730275,0.7545,0.24805,0.5801000000000001,0.14285,0.222025,0.348925,0.0730499999999999,0.439925,0.357875,0.3951749999999999,0.528975,0.3293,0.7053,0.48945,0.4665499999999999,0.359425,0.174225,0.12815,0.068975,0.15,0.4644999999999999,0.05939375,0.3782,615.275,117.025
all,2025-08-29,43.0,37.0,0.3803488372093023,0.280093023255814,0.3124186046511627,0.2015116279069767,0.0806511627906976,0.3230930232558139,0.2938372093023256,0.7093720930232558,0.7706976744186048,0.2071395348837209,0.5314418604651163,0.118,0.3242325581395349,0.289720930232558,0.1011627906976744,0.4189069767441861,0.326906976744186,0.330953488372093,0.475953488372093,0.2553488372093023,0.6202558139534884,0.4003023255813954,0.429,0.3404186046511628,0.1504418604651163,0.0863953488372093,0.0671162790697674,0.1488837209302325,0.4432093023255815,0.0917209302325581,0.407170542635659,537.1162790697674,103.95348837209302
all,2025-08-30,46.0,38.0,0.4584130434782609,0.3058478260869565,0.3265434782608695,0.2095434782608695,0.1152608695652173,0.3865434782608696,0.3573695652173913,0.7416304347826086,0.7909347826086958,0.2648478260869565,0.5776956521739132,0.1296304347826087,0.3161086956521738,0.3479565217391304,0.0710652173913043,0.4674130434782609,0.3948043478260871,0.3801739130434783,0.5744565217391304,0.3025869565217391,0.6596739130434782,0.4871086956521739,0.4685434782608695,0.3973478260869565,0.191891304347826,0.1079565217391304,0.0695652173913043,0.1650217391304347,0.493804347826087,0.0741847826086956,0.4100362318840581,457.39130434782606,88.3695652173913
all,2025-08-31,40.0,34.0,0.386275,0.297625,0.3301999999999999,0.185425,0.14355,0.375725,0.3698749999999999,0.6979,0.7571,0.249825,0.6181750000000001,0.183425,0.2297499999999999,0.3294249999999999,0.08215,0.420725,0.3501249999999999,0.3356249999999999,0.5577250000000001,0.361125,0.64705,0.4922749999999999,0.453725,0.38835,0.1764,0.1710499999999999,0.0684249999999999,0.1712,0.4570999999999999,0.04024375,0.3476416666666666,534.55,102.65
all,2025-09-01,55.0,40.0,0.3720545454545454,0.2709090909090909,0.3093454545454546,0.2027272727272727,0.1354545454545454,0.3533272727272727,0.3242727272727272,0.6996181818181816,0.7508363636363637,0.2444909090909091,0.5321818181818182,0.1426545454545454,0.2871636363636364,0.3539454545454545,0.0752727272727272,0.4264545454545454,0.3381636363636364,0.3427454545454544,0.4859454545454545,0.2944181818181818,0.6045090909090909,0.4610000000000001,0.4427999999999999,0.3670545454545454,0.1741454545454545,0.1251818181818181,0.1312727272727273,0.1639636363636363,0.4651272727272727,0.0443681818181818,0.3419575757575757,596.8181818181819,113.83636363636364
all,2025-09-02,38.0,36.0,0.4186052631578947,0.2531842105263158,0.3845,0.2318421052631579,0.1011842105263158,0.3695526315789473,0.2996578947368422,0.7205263157894737,0.7724210526315788,0.2272631578947368,0.5614736842105265,0.0962894736842105,0.2061052631578947,0.3213421052631579,0.0554473684210526,0.4026052631578947,0.3077631578947368,0.3270789473684211,0.5140000000000001,0.2599999999999999,0.6326315789473683,0.4154736842105264,0.4678684210526315,0.3646315789473684,0.1475263157894737,0.1564736842105263,0.113078947368421,0.1607368421052631,0.4628684210526315,0.0866644736842105,0.4239912280701753,603.7894736842105,118.36842105263158
all,2025-09-03,48.0,40.0,0.3448297872340425,0.2530212765957447,0.3435531914893617,0.1597446808510638,0.154531914893617,0.3880638297872339,0.3714042553191489,0.6832553191489361,0.6807659574468085,0.2195744680851064,0.5906170212765958,0.1706382978723404,0.2277234042553191,0.3487234042553191,0.0931702127659574,0.4482978723404255,0.3526382978723404,0.3714255319148936,0.5194468085106383,0.4142978723404255,0.6399787234042553,0.4824255319148936,0.3959148936170213,0.3962553191489362,0.1943191489361702,0.1382553191489361,0.0818510638297872,0.1450851063829787,0.4586808510638298,0.0039893617021276,0.3018510638297872,803.9166666666666,150.54166666666666
all,2025-09-04,40.0,36.0,0.3514615384615385,0.2638205128205128,0.2828717948717948,0.1902564102564102,0.12,0.3492051282051282,0.3041538461538461,0.7037948717948718,0.6615641025641026,0.215025641025641,0.5262051282051282,0.1132307692307692,0.2829230769230769,0.2984615384615385,0.0755384615384615,0.4032564102564102,0.3403846153846154,0.3191538461538461,0.5158205128205128,0.3101282051282051,0.6728461538461539,0.4677692307692308,0.4949230769230769,0.3305897435897436,0.1504871794871795,0.0805897435897435,0.0773076923076923,0.1478717948717948,0.4380769230769231,0.0374999999999999,0.311965811965812,469.925,91.775
all,2025-09-05,47.0,38.0,0.376659574468085,0.3144042553191489,0.3413617021276596,0.1971063829787234,0.1300212765957446,0.4014468085106384,0.3800212765957446,0.725595744680851,0.7216808510638297,0.2463829787234042,0.5438936170212766,0.1535744680851064,0.1684042553191489,0.3558297872340425,0.0687021276595744,0.4525744680851064,0.3338085106382978,0.401659574468085,0.4595744680851064,0.3120425531914893,0.687531914893617,0.5063617021276595,0.4797021276595744,0.3353404255319149,0.1884042553191489,0.1397446808510638,0.0943617021276595,0.1572765957446808,0.4673404255319149,0.0416489361702127,0.3498794326241135,656.531914893617,125.40425531914892
all,2025-09-06,55.0,45.0,0.4348181818181819,0.2677090909090909,0.3053818181818182,0.2381818181818181,0.1178181818181818,0.3611636363636363,0.3254727272727273,0.7103636363636365,0.7547272727272727,0.2375818181818181,0.5203090909090909,0.1461090909090909,0.2855636363636363,0.3417818181818181,0.0777454545454545,0.4169818181818182,0.3560181818181818,0.3617454545454545,0.5072181818181819,0.2936727272727272,0.6259272727272728,0.4214,0.4617454545454546,0.3840545454545455,0.1650727272727273,0.1614,0.1292545454545454,0.1645818181818181,0.4819454545454545,0.0720318181818181,0.3804909090909091,553.1454545454545,105.92727272727272
all,2025-09-07,56.0,46.0,0.326,0.2627818181818182,0.3058727272727273,0.1842909090909091,0.1254545454545454,0.3592181818181817,0.3010363636363636,0.6991818181818181,0.7207090909090909,0.218,0.6011818181818182,0.1570909090909091,0.1826363636363636,0.2766909090909091,0.0572545454545454,0.3902363636363636,0.2661090909090909,0.3283090909090909,0.4004,0.349,0.6108545454545454,0.3785090909090909,0.4810545454545454,0.3452545454545454,0.1792363636363636,0.1436545454545454,0.0573818181818181,0.1506545454545454,0.4198909090909091,0.0274,0.3254060606060606,436.9107142857143,85.30357142857143
all,2025-09-08,47.0,39.0,0.401,0.3073829787234042,0.3445531914893617,0.1938936170212765,0.1497234042553191,0.4328085106382978,0.3716595744680852,0.7242765957446806,0.7464255319148936,0.261,0.5760425531914893,0.1597234042553191,0.229531914893617,0.3600851063829787,0.0888936170212766,0.4700851063829787,0.3441914893617021,0.3547659574468085,0.5591063829787234,0.3294893617021276,0.6770638297872342,0.5088297872340426,0.5012127659574469,0.3700638297872341,0.1986808510638297,0.1490212765957446,0.1105106382978723,0.1905744680851064,0.4818936170212767,0.0204414893617021,0.3476028368794326,742.1914893617021,143.19148936170214
all,2025-09-09,47.0,39.0,0.4357872340425531,0.2970851063829787,0.3629148936170212,0.190659574468085,0.1391702127659574,0.4102340425531914,0.3759148936170212,0.7441063829787233,0.7708085106382978,0.2625744680851063,0.5765106382978723,0.182531914893617,0.2744042553191489,0.335872340425532,0.0736170212765957,0.4936808510638297,0.3825319148936169,0.4155106382978723,0.5537872340425531,0.355531914893617,0.6632765957446809,0.4955957446808511,0.4736382978723404,0.3901489361702127,0.1834680851063829,0.1420425531914893,0.0678510638297872,0.1764042553191489,0.4885106382978723,0.0469095744680851,0.384,601.4255319148937,115.72340425531917
all,2025-09-10,40.0,36.0,0.309025641025641,0.2382307692307692,0.2822307692307693,0.2141794871794872,0.1228461538461538,0.3173076923076923,0.269051282051282,0.7004871794871795,0.7429230769230769,0.2356153846153846,0.5442051282051282,0.1496410256410256,0.2864358974358974,0.2944358974358974,0.0555897435897435,0.3763589743589743,0.2835897435897436,0.3333076923076922,0.4156410256410257,0.3000512820512821,0.5813846153846154,0.4006666666666666,0.4376923076923077,0.3398461538461538,0.1412051282051282,0.0863076923076923,0.0909230769230769,0.1279487179487179,0.4246923076923077,0.0408397435897435,0.3218803418803418,426.375,83.95
all,2025-09-11,53.0,41.0,0.3467924528301887,0.2571509433962264,0.3356981132075472,0.1833962264150943,0.1480943396226415,0.3677735849056603,0.3116415094339622,0.7218679245283017,0.7225849056603773,0.2608867924528302,0.6004528301886792,0.1516792452830188,0.2744716981132075,0.3170566037735849,0.0657924528301886,0.4253207547169811,0.3538490566037735,0.3322264150943396,0.5583584905660377,0.3661509433962263,0.590301886792453,0.4467547169811321,0.4895471698113208,0.3784339622641509,0.1651132075471698,0.1246415094339622,0.0780943396226415,0.1675283018867923,0.4688867924528301,0.0228254716981132,0.3202641509433962,549.9811320754717,108.9622641509434
all,2025-09-12,47.0,38.0,0.3592340425531916,0.2816382978723404,0.2795106382978723,0.1672765957446808,0.1534255319148936,0.3964255319148937,0.3469361702127659,0.6943617021276596,0.7094255319148937,0.2293829787234042,0.5585531914893618,0.1630851063829787,0.2066170212765957,0.3417234042553191,0.1145531914893616,0.4472553191489361,0.3630851063829787,0.3856382978723404,0.5052765957446808,0.3912765957446809,0.656936170212766,0.521,0.4415957446808512,0.3635531914893617,0.1891489361702127,0.1322765957446808,0.1039361702127659,0.157,0.4622127659574468,-0.0030106382978723,0.2959645390070922,463.7234042553192,86.70212765957447
all,2025-09-13,34.0,29.0,0.4313823529411764,0.3795882352941176,0.3387647058823529,0.2209999999999999,0.152735294117647,0.4363823529411764,0.4116764705882353,0.7290882352941176,0.7541176470588236,0.2928235294117647,0.6230588235294118,0.1767058823529411,0.2157647058823529,0.3907058823529411,0.0869705882352941,0.514,0.3911176470588235,0.433470588235294,0.5841764705882353,0.3589117647058823,0.7430588235294118,0.5225588235294119,0.436735294117647,0.3941764705882353,0.2118823529411764,0.1836176470588235,0.0878823529411764,0.1648529411764705,0.4912647058823529,0.0481249999999999,0.3553529411764705,555.9411764705883,105.29411764705884
all,2025-09-14,43.0,37.0,0.4498372093023255,0.3445116279069767,0.3512558139534883,0.2113488372093022,0.0966511627906976,0.3827674418604651,0.3727441860465116,0.7281627906976744,0.7702790697674419,0.2681627906976744,0.6498139534883722,0.1530232558139534,0.2683953488372093,0.3192558139534883,0.0696976744186046,0.4891395348837209,0.3920000000000001,0.4061162790697674,0.5519767441860464,0.3057209302325581,0.6893488372093024,0.4843720930232558,0.4481627906976744,0.3670697674418604,0.161953488372093,0.1108837209302325,0.1102558139534883,0.1635813953488372,0.4782093023255813,0.0995290697674418,0.4271395348837208,492.72093023255815,94.18604651162792
all,2025-09-15,39.0,32.0,0.3759999999999999,0.2474358974358975,0.3274102564102564,0.1645641025641025,0.1354102564102564,0.3895384615384616,0.3178974358974359,0.7236666666666666,0.7572051282051283,0.239051282051282,0.6431025641025641,0.1167179487179487,0.1708461538461538,0.3156666666666667,0.0712307692307692,0.4314615384615385,0.3128974358974359,0.3232307692307692,0.474076923076923,0.3271025641025641,0.6352820512820513,0.4585128205128204,0.4708717948717948,0.3605897435897435,0.143076923076923,0.1152564102564102,0.0436666666666666,0.1596410256410256,0.4443846153846154,0.0163782051282051,0.3514615384615384,530.6666666666666,101.25641025641026
all,2025-09-16,36.0,32.0,0.4173333333333333,0.2900277777777778,0.2826666666666667,0.1912499999999999,0.1147777777777778,0.3662222222222222,0.3273055555555555,0.7267500000000001,0.7710277777777779,0.2713055555555555,0.5460833333333333,0.1478888888888888,0.2885,0.3486666666666666,0.0832222222222222,0.4437222222222223,0.3943333333333333,0.351,0.5735833333333332,0.2973333333333334,0.62475,0.4586111111111111,0.4643333333333334,0.4332499999999999,0.1784722222222222,0.1491388888888889,0.09625,0.1760833333333333,0.4815833333333333,0.0548194444444444,0.3755648148148148,557.6666666666666,104.11111111111111
all,2025-09-17,37.0,28.0,0.3542702702702703,0.2332702702702702,0.2867567567567567,0.1691621621621621,0.1974864864864864,0.3958648648648649,0.3628918918918918,0.6916216216216217,0.6739459459459459,0.2335945945945945,0.6090540540540541,0.1652162162162162,0.1763243243243243,0.3532972972972973,0.0748918918918918,0.4313243243243243,0.322972972972973,0.3775135135135135,0.5227567567567568,0.4128108108108109,0.6434324324324323,0.4401351351351351,0.4147837837837838,0.3821891891891891,0.1771891891891892,0.1697027027027027,0.0836216216216216,0.160054054054054,0.4576486486486486,-0.0358108108108108,0.2408378378378377,600.5675675675676,112.54054054054056
all,2025-09-18,46.0,39.0,0.3997608695652174,0.3042608695652174,0.3284565217391305,0.1987826086956521,0.1043043478260869,0.3774565217391304,0.3241739130434782,0.7039565217391306,0.7241739130434783,0.2429782608695652,0.5335652173913044,0.1374565217391304,0.1711739130434782,0.3223695652173913,0.0906304347826087,0.4053478260869564,0.3011739130434783,0.3412173913043478,0.5161956521739129,0.2939565217391304,0.6517173913043478,0.4639130434782608,0.475891304347826,0.3446521739130433,0.1653695652173913,0.1503695652173912,0.0716739130434782,0.1472173913043478,0.4123478260869564,0.0669347826086956,0.3798260869565217,529.2173913043479,102.30434782608695
all,2025-09-19,36.0,26.0,0.4624722222222222,0.34525,0.40475,0.2489722222222223,0.1425555555555555,0.4320277777777778,0.41475,0.7536666666666667,0.7362222222222221,0.267,0.5298888888888889,0.1969722222222222,0.2716944444444444,0.3654444444444444,0.0972777777777777,0.4781388888888888,0.3914444444444445,0.4236388888888889,0.5064444444444445,0.3081388888888889,0.7279999999999999,0.5339444444444444,0.5603888888888889,0.406,0.1994166666666667,0.1833611111111111,0.0986111111111111,0.1978055555555555,0.5039722222222223,0.0780694444444444,0.391925925925926,765.2222222222222,151.33333333333334
all,2025-09-20,48.0,36.0,0.3646666666666666,0.2642499999999999,0.3029583333333333,0.1746458333333333,0.1343125,0.3850833333333334,0.3599583333333334,0.7399375,0.7409374999999999,0.2384791666666666,0.5365416666666667,0.1278958333333333,0.2834375,0.3318125,0.0766875,0.4282083333333333,0.3417291666666666,0.3903125,0.4957499999999999,0.3465,0.6645625000000001,0.480625,0.5133541666666667,0.3831666666666666,0.2008333333333333,0.1261458333333333,0.0893125,0.1587708333333333,0.460625,0.0169322916666666,0.3352083333333333,523.0,100.58333333333331
all,2025-09-21,39.0,32.0,0.3873846153846154,0.2927179487179487,0.332948717948718,0.2189230769230769,0.1689230769230769,0.4367948717948717,0.3856410256410257,0.7361538461538462,0.7390512820512822,0.2627692307692307,0.6614358974358974,0.1901538461538461,0.2475641025641027,0.3543846153846154,0.1028974358974359,0.4597435897435897,0.3688461538461539,0.4116410256410256,0.5714871794871796,0.3699230769230769,0.7160256410256409,0.5062820512820513,0.4449487179487179,0.3836666666666666,0.232051282051282,0.2128974358974359,0.138,0.1869487179487179,0.4956923076923077,0.0051346153846153,0.3175384615384615,646.6410256410256,125.3076923076923
all,2025-09-22,47.0,44.0,0.3978085106382977,0.2865106382978722,0.3252340425531915,0.1962978723404256,0.1287021276595744,0.3816170212765957,0.3626595744680851,0.6758297872340426,0.7504255319148937,0.2752127659574468,0.4772765957446808,0.1495106382978724,0.2017872340425532,0.3435106382978724,0.0870851063829787,0.4553404255319149,0.3474255319148937,0.359063829787234,0.5307446808510637,0.3197234042553191,0.6521702127659574,0.5229574468085108,0.4481702127659573,0.3251914893617021,0.2093617021276595,0.1498297872340425,0.0836170212765957,0.1663191489361702,0.4623617021276597,0.0463031914893617,0.3624539007092198,716.9787234042553,136.27659574468086
all,2025-09-23,47.0,32.0,0.3596382978723405,0.2496170212765957,0.2911063829787233,0.1937872340425531,0.1752765957446808,0.3954893617021277,0.3640425531914893,0.6977659574468086,0.6977659574468087,0.2460212765957447,0.610212765957447,0.1308936170212765,0.1688723404255319,0.3468085106382978,0.0827021276595744,0.4203191489361701,0.3021063829787234,0.3587234042553191,0.4203191489361703,0.3372553191489361,0.660063829787234,0.4911489361702126,0.509531914893617,0.4528510638297871,0.2317872340425531,0.1741063829787233,0.1241702127659574,0.1831489361702127,0.4795531914893616,-0.011845744680851,0.2742269503546099,695.5106382978723,135.53191489361703
all,2025-09-24,33.0,29.0,0.3594242424242424,0.2980909090909091,0.3685454545454545,0.2037878787878787,0.1385151515151515,0.4356363636363636,0.3762727272727272,0.730030303030303,0.7439090909090909,0.2405151515151515,0.5844242424242425,0.1537878787878788,0.2737272727272727,0.3538181818181818,0.0865151515151515,0.4812727272727273,0.3932121212121212,0.4038787878787878,0.5405454545454546,0.3623333333333333,0.7011515151515153,0.5531818181818181,0.4590909090909091,0.3902727272727272,0.1903333333333333,0.1807272727272727,0.1191212121212121,0.1664848484848484,0.4706969696969696,0.0203863636363636,0.3521111111111111,753.5151515151515,141.21212121212122
all,2025-09-25,38.0,32.0,0.2718684210526315,0.2258947368421052,0.2486052631578947,0.181078947368421,0.1218684210526315,0.3213421052631579,0.2856315789473684,0.7086842105263158,0.7077368421052632,0.1956842105263158,0.5540263157894736,0.1261578947368421,0.1787894736842105,0.2834210526315789,0.0503157894736842,0.4074736842105263,0.3023157894736841,0.3074210526315789,0.4550263157894736,0.3098947368421053,0.5942894736842105,0.3766842105263157,0.5185000000000001,0.3323157894736842,0.153,0.1409736842105262,0.1466052631578947,0.1114736842105263,0.4178157894736842,0.0102565789473684,0.2875350877192982,446.9736842105263,84.60526315789474
all,2025-09-26,46.0,35.0,0.3227608695652174,0.2118478260869565,0.2544130434782609,0.1685,0.1110652173913043,0.3255434782608695,0.285195652173913,0.678304347826087,0.6799130434782609,0.1829347826086956,0.5200869565217391,0.124,0.2010217391304347,0.2453043478260869,0.0572173913043478,0.3658695652173913,0.2794782608695652,0.2746086956521739,0.4162826086956521,0.3405652173913044,0.5743478260869564,0.3913043478260868,0.4957391304347826,0.2959347826086956,0.1737826086956521,0.1060869565217391,0.1046304347826087,0.1295434782608695,0.4110217391304347,0.0210760869565217,0.307963768115942,473.2608695652174,93.04347826086956
all,2025-09-27,44.0,38.0,0.3505,0.2611136363636364,0.2937954545454545,0.1766363636363636,0.1621818181818181,0.4087727272727272,0.3754090909090909,0.7197045454545455,0.7122045454545455,0.2479772727272727,0.6041363636363636,0.1634772727272727,0.26775,0.3843181818181818,0.0915909090909091,0.4624090909090909,0.3918409090909091,0.4083636363636364,0.5309545454545455,0.4163636363636362,0.652090909090909,0.517840909090909,0.4879318181818182,0.428,0.1984318181818181,0.1907272727272727,0.0967272727272726,0.1713636363636363,0.4783181818181818,-0.014965909090909,0.2899848484848485,616.6136363636364,117.22727272727272
all,2025-09-28,36.0,32.0,0.4554722222222223,0.2801388888888889,0.3158333333333333,0.1765833333333333,0.1342499999999999,0.4104722222222221,0.3979444444444444,0.7173333333333333,0.7780833333333333,0.2440833333333333,0.49025,0.1589722222222221,0.2498333333333333,0.3682777777777777,0.0982777777777777,0.4512222222222222,0.4073333333333333,0.3392222222222222,0.6061388888888888,0.3297777777777778,0.65325,0.5215,0.5240833333333333,0.3435277777777778,0.1958333333333333,0.1295833333333333,0.0995833333333333,0.1651666666666667,0.4788055555555556,0.0346458333333333,0.3822129629629629,469.72222222222223,89.02777777777777
all,2025-09-29,35.0,28.0,0.4005999999999999,0.2555428571428572,0.2987714285714286,0.1706857142857143,0.102,0.3603428571428571,0.3276285714285714,0.7000857142857143,0.7550857142857144,0.2103428571428571,0.5147428571428572,0.1184,0.1801142857142856,0.2862285714285714,0.0437142857142857,0.4029428571428571,0.3205428571428571,0.3497142857142857,0.509,0.304,0.693542857142857,0.4425428571428572,0.4517142857142856,0.3329999999999999,0.1758857142857142,0.0880571428571428,0.1067999999999999,0.1493428571428571,0.4573999999999999,0.0502285714285714,0.3828190476190476,520.7142857142857,102.57142857142856
all,2025-09-30,44.0,34.0,0.3890681818181818,0.248,0.2749318181818181,0.1604318181818181,0.0947272727272727,0.3448636363636363,0.3013409090909091,0.6998636363636364,0.7501363636363636,0.2045454545454545,0.6024545454545455,0.1179545454545454,0.2548636363636363,0.2997727272727272,0.1053636363636363,0.4330227272727273,0.3392727272727273,0.3082045454545454,0.5373181818181818,0.2963636363636363,0.6183409090909092,0.4282727272727273,0.4932727272727273,0.3913863636363635,0.1484772727272727,0.1151136363636363,0.1011136363636363,0.1456136363636363,0.4495227272727273,0.0483125,0.3766515151515151,430.0,82.1590909090909
all,2025-10-01,49.0,41.0,0.3243265306122448,0.2530408163265306,0.3150612244897959,0.1612857142857142,0.1240816326530612,0.3799591836734694,0.3525714285714286,0.6994897959183674,0.734204081632653,0.2207346938775509,0.5639183673469388,0.1253673469387755,0.2227551020408163,0.3164489795918367,0.0828163265306122,0.4433061224489795,0.3543061224489796,0.3676326530612245,0.5790204081632653,0.3721224489795918,0.6946326530612245,0.4990204081632653,0.4181020408163265,0.3568367346938775,0.1888571428571428,0.1696326530612244,0.1122244897959184,0.1466326530612245,0.4286938775510204,0.0114081632653061,0.33378231292517,400.1224489795918,75.73469387755102
all,2025-10-02,41.0,36.0,0.2883658536585366,0.2414878048780487,0.2560243902439024,0.1274390243902439,0.1456829268292682,0.3898536585365854,0.3428048780487804,0.7056341463414634,0.6852195121951219,0.1878048780487805,0.5006341463414634,0.1066097560975609,0.2084634146341463,0.3139756097560975,0.0728780487804878,0.4282439024390244,0.3648536585365854,0.3431219512195121,0.5449999999999999,0.3985365853658537,0.6669268292682927,0.4947073170731708,0.462609756097561,0.3489268292682927,0.1618292682926829,0.1309024390243902,0.0646585365853658,0.1421219512195121,0.4412195121951219,-0.0394390243902439,0.2641869918699187,418.1463414634146,76.97560975609755
all,2025-10-03,39.0,34.0,0.3695384615384615,0.2324615384615383,0.2996153846153846,0.1654871794871794,0.1197948717948717,0.3448461538461539,0.3546410256410256,0.7089487179487179,0.7807692307692309,0.2205641025641025,0.5526666666666669,0.1238205128205128,0.2107948717948718,0.2931025641025642,0.0717179487179487,0.4143076923076922,0.3681282051282051,0.2913333333333333,0.5487692307692308,0.3489743589743589,0.5933846153846153,0.4436666666666667,0.4782307692307693,0.3286666666666666,0.1687692307692308,0.1433846153846154,0.0696923076923076,0.1633846153846153,0.4543076923076924,0.0344551282051282,0.3635128205128205,465.12820512820514,86.02564102564102
all,2025-10-04,51.0,46.0,0.4216078431372549,0.3358431372549019,0.3375686274509803,0.2109019607843137,0.1009019607843137,0.419078431372549,0.3877254901960784,0.7541960784313725,0.7762156862745098,0.2355294117647059,0.5916862745098039,0.1365490196078431,0.2744901960784314,0.3543333333333333,0.0979607843137255,0.4979999999999999,0.3888235294117647,0.4038039215686275,0.5609019607843136,0.3022156862745098,0.7223529411764705,0.5275490196078431,0.5380784313725491,0.3821372549019608,0.1799019607843137,0.1161176470588235,0.0456274509803921,0.1758627450980392,0.4899803921568627,0.0664901960784313,0.4108954248366013,490.1764705882353,94.94117647058825
all,2025-10-05,45.0,40.0,0.4957999999999999,0.334311111111111,0.3334444444444445,0.2387777777777778,0.1328666666666666,0.4075777777777778,0.3800888888888888,0.7648444444444444,0.7998222222222223,0.282311111111111,0.5396,0.1842666666666666,0.3178888888888889,0.3775555555555556,0.0753111111111111,0.4882222222222221,0.3589999999999999,0.401911111111111,0.5053111111111112,0.2976,0.7310888888888889,0.5111333333333333,0.5436000000000001,0.3855555555555555,0.1847555555555555,0.1160888888888889,0.1441999999999999,0.1946222222222222,0.488111111111111,0.0803611111111111,0.4101555555555555,769.2222222222222,149.86666666666667
all,2025-10-06,46.0,38.0,0.452195652173913,0.3435434782608695,0.3315434782608695,0.1982608695652174,0.1359782608695652,0.3941956521739129,0.3550652173913043,0.7202173913043477,0.7201956521739131,0.2453043478260869,0.6203478260869566,0.1374782608695652,0.2499130434782609,0.3612173913043477,0.065195652173913,0.4730652173913044,0.3562391304347825,0.3917173913043478,0.5340434782608696,0.3012173913043479,0.7062391304347827,0.5117391304347826,0.4712826086956522,0.4481304347826086,0.1597173913043478,0.1020652173913043,0.0816739130434782,0.1701739130434782,0.4733260869565218,0.0662989130434782,0.3653333333333334,607.304347826087,119.28260869565216
all,2025-10-07,44.0,34.0,0.3777954545454545,0.3153863636363636,0.3056136363636363,0.2171818181818181,0.1645454545454545,0.3987499999999999,0.3686590909090909,0.7169318181818182,0.7557727272727273,0.2787727272727273,0.5480454545454544,0.17625,0.2619772727272727,0.354,0.0897045454545454,0.43225,0.3646818181818181,0.3800227272727273,0.510659090909091,0.33925,0.6347045454545454,0.4583181818181819,0.4797272727272726,0.3738636363636363,0.2163181818181818,0.1624772727272727,0.1115,0.1827727272727272,0.4843863636363636,0.0223465909090908,0.3151818181818182,603.5,116.02272727272728
all,2025-10-08,42.0,39.0,0.3673095238095238,0.2694285714285714,0.2865238095238095,0.1963809523809523,0.1171190476190476,0.3521904761904761,0.3141666666666666,0.7187857142857143,0.7277380952380952,0.2426666666666666,0.5030952380952382,0.1238809523809524,0.2524523809523809,0.3407142857142857,0.0650238095238095,0.4080714285714285,0.3337619047619047,0.3599761904761905,0.502047619047619,0.288547619047619,0.6445238095238095,0.4229047619047618,0.4924761904761904,0.3117619047619048,0.1850238095238095,0.1127380952380952,0.1152142857142857,0.1402857142857143,0.4478571428571428,0.0452559523809523,0.3434047619047619,496.0952380952381,96.35714285714286
all,2025-10-09,59.0,49.0,0.3191694915254238,0.2294237288135592,0.2860169491525423,0.1476610169491525,0.1160338983050847,0.3484745762711865,0.3263728813559322,0.7057627118644068,0.6751186440677965,0.2144745762711864,0.5295254237288136,0.1219830508474576,0.2092542372881356,0.3098474576271187,0.0729491525423728,0.4141864406779662,0.3388474576271186,0.353457627118644,0.4715593220338983,0.3420508474576272,0.6245084745762711,0.4515593220338983,0.5080508474576272,0.3666440677966101,0.1947457627118644,0.1276440677966101,0.1088983050847457,0.154,0.4468474576271186,0.0133135593220338,0.3107344632768362,434.5593220338983,82.37288135593221
all,2025-10-10,62.0,46.0,0.3069516129032259,0.2188225806451613,0.2768225806451613,0.1603064516129032,0.1416774193548387,0.3510806451612903,0.3088387096774194,0.6886935483870966,0.6617741935483871,0.1885322580645161,0.5252741935483871,0.1098709677419354,0.2119838709677419,0.2920483870967742,0.0549032258064516,0.4036935483870968,0.3163548387096774,0.3207419354838709,0.4411451612903226,0.3382903225806452,0.6086774193548387,0.4160483870967741,0.4667258064516129,0.341258064516129,0.1718709677419354,0.113516129032258,0.1048548387096774,0.1390645161290322,0.4460322580645161,-0.0056532258064516,0.273505376344086,440.96774193548384,84.80645161290323
all,2025-10-11,60.0,48.0,0.4175833333333333,0.3427499999999999,0.3693333333333334,0.22515,0.1074333333333333,0.3897500000000001,0.3569,0.7391166666666666,0.7530333333333332,0.2657833333333333,0.5710666666666666,0.1516333333333333,0.2576666666666666,0.3494666666666667,0.0791999999999999,0.4747333333333333,0.3829166666666666,0.3933166666666665,0.5290666666666667,0.3301333333333333,0.6718833333333334,0.50315,0.5099166666666667,0.36445,0.1842,0.1344833333333333,0.0599666666666666,0.1740333333333333,0.4788500000000001,0.0901125,0.4058833333333333,641.2333333333333,122.11666666666666
all,2025-10-12,62.0,45.0,0.3816885245901639,0.2618688524590164,0.2913770491803278,0.1837868852459016,0.107327868852459,0.3841311475409836,0.3573770491803278,0.712360655737705,0.7462786885245902,0.2037868852459017,0.4825245901639344,0.1118196721311475,0.248311475409836,0.3349016393442622,0.0757213114754098,0.436016393442623,0.3580491803278689,0.3767540983606557,0.5089016393442622,0.3192295081967212,0.6712950819672131,0.4672295081967213,0.4823114754098361,0.3383934426229508,0.1718032786885246,0.1110819672131147,0.046295081967213,0.1611311475409836,0.4664754098360656,0.0339508196721311,0.3657868852459016,488.983870967742,94.7258064516129
all,2025-10-13,52.0,41.0,0.3725576923076922,0.3286153846153846,0.3321730769230769,0.204076923076923,0.1342115384615384,0.40475,0.3720192307692308,0.7462884615384614,0.7413461538461539,0.2304423076923077,0.5566730769230769,0.1537115384615384,0.19675,0.3349615384615384,0.0741730769230769,0.4795769230769231,0.3635192307692308,0.4106153846153846,0.5315576923076922,0.3511153846153846,0.7072307692307693,0.5265384615384614,0.4897307692307692,0.3745576923076923,0.1894038461538461,0.1293076923076923,0.0565384615384615,0.1521153846153846,0.4734423076923078,0.039875,0.3478141025641025,436.3269230769231,84.84615384615384
all,2025-10-14,45.0,38.0,0.4057111111111111,0.2672222222222222,0.2798444444444444,0.1869333333333333,0.094511111111111,0.3475777777777778,0.3267333333333334,0.7104666666666667,0.7364444444444445,0.2255777777777777,0.5554666666666667,0.1134222222222222,0.2131777777777777,0.2876666666666667,0.0809111111111111,0.4088222222222222,0.3332666666666666,0.2945111111111111,0.4743111111111111,0.3177333333333333,0.5847555555555555,0.4317333333333333,0.473911111111111,0.3706444444444444,0.1446444444444444,0.1058444444444444,0.0856222222222222,0.1547555555555555,0.4399333333333333,0.0638833333333333,0.3794888888888889,493.2888888888889,97.53333333333332
all,2025-10-15,72.0,48.0,0.3855352112676056,0.2560140845070422,0.3363098591549295,0.1897887323943662,0.0927323943661971,0.341169014084507,0.3026197183098592,0.7240281690140845,0.7564647887323943,0.2129436619718309,0.5194366197183098,0.126169014084507,0.1568732394366197,0.3001267605633803,0.0571830985915493,0.4212112676056337,0.3211971830985915,0.3134225352112676,0.528830985915493,0.2944507042253521,0.5898450704225353,0.4554225352112676,0.5367464788732395,0.3349295774647887,0.1466197183098591,0.1087746478873239,0.0641971830985915,0.149225352112676,0.4351971830985915,0.0749612676056338,0.400037558685446,467.0138888888889,91.44444444444444
all,2025-10-16,56.0,41.0,0.3879285714285714,0.2854821428571428,0.29575,0.177,0.1275892857142857,0.3711607142857143,0.3201785714285714,0.7323571428571428,0.7558392857142857,0.2305535714285714,0.6492857142857142,0.1304821428571428,0.1948392857142857,0.3128214285714286,0.0554821428571428,0.4299821428571428,0.321125,0.3437321428571428,0.4787321428571429,0.3199999999999999,0.6284464285714285,0.4261428571428571,0.479,0.39475,0.1659999999999999,0.1375535714285714,0.1114821428571428,0.1414107142857143,0.4657142857142857,0.0371651785714285,0.35225,428.1785714285714,83.35714285714286
all,2025-10-17,61.0,48.0,0.3664754098360656,0.2725573770491803,0.3547868852459016,0.2072295081967213,0.1428688524590164,0.3760163934426229,0.3435409836065574,0.7343114754098361,0.7261147540983607,0.2219016393442623,0.5380327868852459,0.1331475409836065,0.2150983606557376,0.3439672131147541,0.0822950819672131,0.441950819672131,0.3394426229508196,0.3680819672131147,0.5290655737704919,0.3275573770491803,0.6759999999999999,0.5104918032786885,0.5059180327868853,0.3368196721311476,0.172,0.1308032786885246,0.1062950819672131,0.1623606557377049,0.4740327868852458,0.0408196721311475,0.3395901639344262,592.1475409836065,109.9672131147541
all,2025-10-18,62.0,53.0,0.3325806451612904,0.2394193548387096,0.2938064516129032,0.1757903225806451,0.1198870967741935,0.3592741935483871,0.3117258064516129,0.7227096774193547,0.7301451612903227,0.2268064516129032,0.5200967741935484,0.1536612903225806,0.2556451612903226,0.2919999999999999,0.0886290322580645,0.4145806451612903,0.3192096774193548,0.3576935483870967,0.5050645161290322,0.3271935483870968,0.6644032258064517,0.4596290322580645,0.4934999999999999,0.326774193548387,0.1699677419354838,0.1030483870967741,0.1125967741935483,0.1451774193548387,0.4561774193548387,0.0208185483870967,0.3322903225806451,508.8064516129032,96.9516129032258
all,2025-10-19,56.0,49.0,0.3564464285714286,0.2347321428571428,0.2989464285714285,0.1518392857142857,0.0987678571428571,0.3342142857142857,0.284625,0.694767857142857,0.756375,0.2237678571428571,0.5451071428571429,0.0906428571428571,0.2048392857142857,0.2651964285714285,0.0430178571428571,0.412875,0.2879285714285715,0.3413392857142857,0.4373928571428571,0.3085535714285714,0.6293214285714287,0.3861964285714286,0.4550892857142857,0.3554285714285714,0.1527857142857143,0.0911785714285714,0.0664821428571428,0.1203392857142857,0.4309285714285714,0.044,0.3718214285714286,379.82142857142856,74.10714285714286
all,2025-10-20,64.0,56.0,0.3575,0.294515625,0.3041875,0.183640625,0.1573125,0.39621875,0.36771875,0.7424062499999999,0.718421875,0.244765625,0.54428125,0.139328125,0.245890625,0.318984375,0.070453125,0.4503749999999999,0.3699218749999999,0.333609375,0.554078125,0.365671875,0.66921875,0.489484375,0.500046875,0.4055625,0.17809375,0.130765625,0.097203125,0.1685625,0.486875,0.0081953125,0.3027239583333333,683.46875,128.734375
all,2025-10-21,41.0,36.0,0.3102682926829268,0.2226341463414634,0.2685121951219512,0.1490487804878049,0.1059024390243902,0.288,0.262,0.6849756097560976,0.718390243902439,0.1800731707317073,0.4343658536585365,0.1649268292682926,0.2068536585365853,0.2244390243902438,0.0580487804878048,0.3540487804878048,0.2964634146341464,0.2711707317073171,0.4907560975609756,0.2561707317073171,0.544829268292683,0.3708048780487805,0.4762439024390245,0.3109512195121951,0.1332195121951219,0.1279268292682927,0.0881219512195121,0.1175365853658536,0.4002439024390244,0.0406646341463414,0.3264878048780487,433.6341463414634,84.1951219512195
all,2025-10-22,50.0,45.0,0.30988,0.23302,0.2275399999999999,0.16158,0.15656,0.3637,0.33336,0.6955800000000001,0.68304,0.23608,0.55938,0.12662,0.2135,0.30454,0.09412,0.4201,0.3724,0.3424399999999999,0.5015999999999999,0.41038,0.61336,0.43516,0.43178,0.3786199999999999,0.1714599999999999,0.11218,0.1414399999999999,0.1285,0.4579999999999999,-0.027125,0.25026,422.16,79.46
all,2025-10-23,75.0,57.0,0.3799733333333333,0.2456799999999999,0.2823466666666666,0.1843466666666666,0.1169066666666666,0.3493599999999999,0.32796,0.71964,0.75052,0.2025066666666666,0.4870266666666666,0.1283333333333333,0.2117333333333333,0.3128666666666667,0.1030266666666666,0.4264933333333333,0.34876,0.3292133333333334,0.5261333333333333,0.31448,0.6326400000000001,0.4531733333333334,0.5071333333333334,0.34596,0.1693866666666666,0.1096133333333333,0.0661733333333333,0.1610533333333333,0.4634266666666667,0.0399533333333333,0.35404,512.92,98.52
all,2025-10-24,56.0,42.0,0.3512499999999999,0.2952499999999999,0.3283392857142857,0.2041607142857142,0.1205535714285714,0.3713571428571428,0.3542857142857142,0.7299285714285714,0.7396607142857142,0.241875,0.5095535714285714,0.151375,0.2216071428571428,0.3368035714285713,0.0770535714285714,0.4527857142857142,0.367625,0.3698928571428572,0.5321071428571428,0.358875,0.6582857142857144,0.5288035714285714,0.5096607142857142,0.3253392857142857,0.1932499999999999,0.1158928571428571,0.0641785714285714,0.1575178571428571,0.4623392857142857,0.0487946428571428,0.3525297619047619,516.3035714285714,98.75
all,2025-10-25,78.0,58.0,0.3193636363636363,0.2301298701298701,0.2584025974025975,0.1373636363636363,0.1162077922077922,0.3335584415584415,0.3329999999999999,0.6981948051948054,0.7167142857142856,0.199038961038961,0.4913506493506493,0.1324415584415584,0.2032857142857142,0.2762207792207791,0.0783766233766233,0.4029220779220778,0.337961038961039,0.3344415584415584,0.5140129870129871,0.3541558441558441,0.6102077922077923,0.4374415584415584,0.4934155844155844,0.3333636363636363,0.1596623376623377,0.1367662337662337,0.0731818181818181,0.1288571428571428,0.4194805194805195,0.0114318181818181,0.3152857142857143,395.3076923076923,73.32051282051282
all,2025-10-26,69.0,51.0,0.3435217391304347,0.2568405797101449,0.2922753623188406,0.1673333333333333,0.1163043478260869,0.3361159420289855,0.3105942028985507,0.6920289855072465,0.7389710144927537,0.2176376811594203,0.4962028985507245,0.1548115942028985,0.1696086956521739,0.2730579710144928,0.0627391304347826,0.4038695652173913,0.3088260869565217,0.3354057971014492,0.4886666666666667,0.3206376811594202,0.6286666666666667,0.4306811594202898,0.4341014492753622,0.3211739130434782,0.172159420289855,0.1314492753623188,0.0597971014492753,0.1294492753623188,0.4214492753623188,0.0387826086956521,0.3419516908212561,464.39130434782606,88.3913043478261
all,2025-10-27,47.0,40.0,0.2820425531914893,0.2022127659574467,0.2500851063829788,0.1295106382978723,0.0935744680851064,0.3181702127659574,0.2969787234042553,0.6797659574468083,0.712,0.1878085106382979,0.4732765957446808,0.1162340425531914,0.1713617021276595,0.2449574468085106,0.0495744680851063,0.3896595744680851,0.2753617021276595,0.353723404255319,0.4661489361702127,0.3078723404255319,0.6229148936170213,0.4538510638297872,0.4540212765957447,0.2845744680851064,0.1741063829787234,0.1222127659574468,0.0642553191489361,0.1161914893617021,0.4037872340425532,0.0100904255319148,0.3211347517730497,335.02127659574467,65.06382978723404
all,2025-10-28,54.0,43.0,0.3694074074074074,0.2615925925925926,0.3151481481481482,0.1614444444444444,0.1518703703703703,0.3830925925925926,0.3579259259259258,0.6985555555555555,0.6916481481481482,0.2205925925925925,0.5315925925925926,0.1523148148148148,0.2210185185185185,0.3130555555555556,0.073537037037037,0.4524999999999999,0.360388888888889,0.3628148148148148,0.5006481481481482,0.403074074074074,0.6342222222222224,0.4851296296296295,0.4604259259259258,0.3748518518518519,0.185074074074074,0.1385,0.0627962962962963,0.1608518518518518,0.4572962962962963,0.0094166666666666,0.3068641975308641,475.8888888888889,88.79629629629629
all,2025-10-29,59.0,48.0,0.3964406779661016,0.2875932203389831,0.314406779661017,0.1621694915254237,0.1524406779661017,0.4277796610169491,0.4013559322033898,0.7284067796610171,0.7322372881355933,0.2612711864406779,0.6341186440677965,0.1350338983050847,0.266457627118644,0.3599152542372881,0.1045254237288135,0.4942711864406781,0.3980338983050847,0.4032881355932203,0.5892033898305085,0.3738135593220339,0.7305423728813559,0.5509661016949152,0.4724237288135593,0.4161864406779661,0.1959152542372881,0.136135593220339,0.0662711864406779,0.1657118644067796,0.4943898305084745,4.237288135593483e-05,0.3285875706214689,582.1525423728814,111.0677966101695
all,2025-10-30,48.0,41.0,0.3222708333333333,0.2303958333333333,0.2676875,0.1477291666666666,0.1375833333333333,0.3550625,0.3152708333333333,0.7000625,0.6960000000000001,0.1790625,0.5364375,0.099125,0.184,0.267875,0.0544791666666666,0.4257291666666666,0.3159791666666667,0.3222291666666667,0.5065833333333333,0.377,0.6465208333333333,0.4840625,0.4117708333333333,0.343875,0.1369791666666666,0.1198124999999999,0.0852499999999999,0.121875,0.4257916666666666,-0.0043020833333333,0.2910694444444444,407.125,78.375
all,2025-10-31,59.0,47.0,0.3524406779661017,0.2888813559322034,0.3322881355932203,0.203864406779661,0.0980338983050847,0.3502881355932203,0.307186440677966,0.684271186440678,0.7184745762711866,0.2119322033898305,0.5676949152542373,0.1494915254237288,0.1986610169491525,0.3118305084745763,0.0671016949152542,0.4440677966101695,0.3305593220338983,0.3283898305084746,0.513864406779661,0.2981525423728813,0.6350338983050847,0.4625932203389831,0.4790847457627118,0.3604067796610169,0.1633559322033898,0.1001186440677966,0.0465254237288135,0.1404237288135593,0.448135593220339,0.070207627118644,0.3697005649717514,535.542372881356,105.47457627118644
all,2025-11-01,55.0,40.0,0.3905090909090909,0.3153454545454545,0.3415818181818182,0.1788545454545455,0.1338181818181818,0.4362181818181818,0.4116727272727272,0.7622545454545456,0.725890909090909,0.2689454545454545,0.5460363636363637,0.1427454545454545,0.2577454545454545,0.3633818181818182,0.0832,0.4896363636363636,0.4234727272727273,0.372890909090909,0.6009636363636365,0.3823090909090909,0.7216363636363635,0.5135818181818181,0.5740727272727273,0.4144545454545454,0.1947454545454545,0.1308181818181818,0.0396727272727272,0.1848363636363636,0.5153636363636365,0.0215545454545454,0.3521757575757576,473.6181818181818,88.47272727272727
all,2025-11-02,53.0,46.0,0.4028490566037736,0.2946037735849057,0.319811320754717,0.1638490566037735,0.1408301886792452,0.4123396226415093,0.4068867924528302,0.7380943396226414,0.7849811320754718,0.2517735849056604,0.5925471698113208,0.1743962264150943,0.3039056603773585,0.3679811320754717,0.0875471698113207,0.5004905660377359,0.4024716981132075,0.4534905660377358,0.518566037735849,0.3567735849056604,0.6861509433962264,0.5147358490566039,0.4709056603773585,0.4063018867924529,0.1940943396226414,0.1422641509433962,0.1226981132075471,0.1780377358490565,0.4892075471698112,0.018693396226415,0.3617169811320754,569.0377358490566,105.67924528301889
all,2025-11-03,61.0,44.0,0.3396393442622951,0.288688524590164,0.3104590163934426,0.1826885245901639,0.0966229508196721,0.329655737704918,0.3164590163934425,0.7031311475409836,0.7266065573770492,0.2165081967213115,0.5135081967213114,0.1340491803278688,0.1817049180327869,0.2942131147540983,0.0704262295081967,0.4285901639344263,0.3229344262295083,0.3482295081967214,0.4558688524590165,0.3557377049180327,0.6223770491803279,0.4509344262295083,0.5149999999999999,0.3245737704918032,0.1682295081967213,0.1168852459016393,0.0784262295081967,0.1332131147540983,0.4287704918032786,0.0672295081967213,0.3622786885245901,422.1967213114754,77.91803278688525
all,2025-11-04,48.0,40.0,0.3642291666666666,0.30525,0.279375,0.1851249999999999,0.1231666666666666,0.3642708333333333,0.3592083333333333,0.6763333333333333,0.7006875,0.216875,0.5413541666666667,0.129875,0.2421458333333333,0.3063958333333333,0.08125,0.4254374999999999,0.3095833333333333,0.3526458333333333,0.4391458333333333,0.3311875,0.6268125,0.4481458333333333,0.4866666666666666,0.3755416666666666,0.1833125,0.1266874999999999,0.0944375,0.1625208333333333,0.4280208333333333,0.0397760416666666,0.3249305555555555,529.75,103.0
all,2025-11-05,64.0,52.0,0.3240937499999999,0.241203125,0.302125,0.15215625,0.09490625,0.3264375,0.321359375,0.687640625,0.70040625,0.189125,0.4778125,0.10665625,0.17146875,0.2658125,0.06,0.39303125,0.29834375,0.3285625,0.45959375,0.326015625,0.577109375,0.424515625,0.4859687499999999,0.32828125,0.146078125,0.121671875,0.053953125,0.13634375,0.413953125,0.04422265625,0.3473020833333333,472.03125,92.65625
all,2025-11-06,35.0,34.0,0.3290571428571429,0.2889142857142858,0.3008285714285715,0.1603714285714285,0.1670857142857142,0.4407428571428571,0.4366,0.7310571428571428,0.7070857142857143,0.2315428571428571,0.5718571428571428,0.1679142857142857,0.2461714285714285,0.3686571428571428,0.0819999999999999,0.4694,0.3900857142857143,0.3871714285714285,0.5708857142857142,0.4253428571428571,0.7060857142857142,0.5062857142857142,0.4669714285714287,0.4005142857142857,0.2061714285714285,0.1673428571428571,0.1670857142857143,0.1833428571428571,0.4984285714285714,-0.0341214285714285,0.2785714285714286,509.74285714285713,95.6
all,2025-11-07,41.0,36.0,0.3592439024390244,0.2179512195121951,0.2497317073170731,0.1668292682926829,0.1193658536585366,0.3659268292682927,0.3328048780487804,0.7303658536585367,0.7212195121951219,0.1936829268292683,0.4959756097560975,0.1122926829268292,0.1939024390243902,0.3049756097560976,0.0613414634146341,0.4210243902439024,0.3421707317073171,0.3240975609756098,0.5053170731707317,0.3387073170731707,0.6556585365853659,0.4965853658536585,0.5311219512195122,0.332780487804878,0.1503658536585365,0.0893658536585366,0.1226829268292683,0.129780487804878,0.4347560975609756,0.0057926829268292,0.3240325203252032,520.609756097561,98.51219512195122
all,2025-11-08,42.0,38.0,0.4258571428571428,0.317047619047619,0.3963809523809523,0.2119047619047619,0.1375714285714285,0.418595238095238,0.3497380952380952,0.7249523809523809,0.7500238095238094,0.2616190476190476,0.6160238095238095,0.1673809523809523,0.2852380952380952,0.3607619047619047,0.0902619047619047,0.464952380952381,0.3607619047619048,0.3981904761904762,0.5235714285714286,0.3178333333333333,0.7113333333333333,0.5275000000000001,0.4871904761904762,0.4161666666666666,0.2028333333333333,0.1811666666666666,0.1354523809523809,0.1877142857142857,0.4763095238095238,0.0597142857142857,0.386515873015873,560.5714285714286,107.45238095238096
all,2025-11-09,63.0,56.0,0.3531428571428571,0.2698253968253967,0.3346666666666667,0.1895714285714286,0.1084126984126984,0.3693809523809523,0.3289682539682539,0.6943650793650793,0.7291111111111112,0.2125555555555555,0.5088571428571428,0.140079365079365,0.2212222222222222,0.3373492063492063,0.0862222222222222,0.436936507936508,0.3482698412698413,0.349095238095238,0.5009523809523809,0.3193809523809524,0.6566190476190475,0.4711746031746031,0.452968253968254,0.340015873015873,0.1701111111111111,0.1305873015873015,0.1217619047619047,0.1555714285714285,0.4628730158730157,0.0479047619047619,0.36389417989418,648.1587301587301,122.46031746031746
all,2025-11-10,45.0,39.0,0.3691777777777777,0.3203777777777777,0.3095111111111111,0.1932444444444444,0.1058666666666666,0.3412,0.3286444444444444,0.691688888888889,0.7465555555555556,0.2524444444444444,0.5330222222222222,0.1701555555555555,0.2787777777777777,0.2928666666666666,0.0665333333333333,0.4119777777777778,0.3547555555555555,0.2915555555555555,0.5509555555555556,0.2958,0.6342,0.4505111111111112,0.4399555555555556,0.3770666666666667,0.1698888888888889,0.0946666666666666,0.0798888888888888,0.1442888888888888,0.4522888888888889,0.0745444444444444,0.3692148148148148,479.73333333333335,91.33333333333331
all,2025-11-11,71.0,50.0,0.3668591549295775,0.2774366197183098,0.2667042253521127,0.1922676056338028,0.1011267605633803,0.3179577464788732,0.3213802816901407,0.733718309859155,0.7540140845070422,0.2016056338028169,0.4549154929577466,0.1421549295774647,0.1780704225352112,0.2773802816901409,0.0751549295774648,0.4175633802816901,0.313112676056338,0.3329859154929577,0.4769718309859154,0.3469014084507041,0.5743521126760563,0.3998450704225352,0.5267464788732393,0.3176338028169014,0.1652957746478873,0.1111971830985915,0.0967464788732394,0.1415352112676056,0.4439014084507042,0.0662746478873239,0.3613990610328638,486.59154929577466,91.14084507042251
all,2025-11-12,51.0,43.0,0.3648039215686275,0.2009019607843137,0.2726862745098039,0.1649215686274509,0.1038431372549019,0.2941764705882353,0.2812352941176471,0.6838431372549019,0.7455294117647059,0.2043921568627451,0.4226862745098039,0.1140980392156862,0.2250392156862745,0.2447450980392156,0.0763529411764705,0.3739019607843137,0.3031960784313726,0.2686274509803921,0.4673921568627451,0.3297058823529412,0.5433725490196079,0.3666862745098039,0.5199607843137254,0.2777450980392156,0.1441176470588235,0.1261764705882353,0.0533725490196078,0.1355686274509804,0.405235294117647,0.0518186274509803,0.3571633986928104,329.7450980392157,64.92156862745098
all,2025-11-13,74.0,54.0,0.3434594594594594,0.2483513513513513,0.2923918918918919,0.1454324324324324,0.1180405405405405,0.3515,0.309554054054054,0.7127702702702703,0.7169189189189188,0.2105675675675676,0.5567432432432433,0.1228378378378378,0.2105675675675676,0.297,0.0707567567567567,0.4002972972972973,0.3337297297297297,0.3104459459459459,0.5097837837837839,0.3784729729729729,0.6124324324324324,0.4207162162162162,0.4622162162162162,0.3528918918918918,0.1651621621621621,0.1148918918918918,0.1151216216216216,0.1285135135135135,0.4339324324324325,0.0226385135135135,0.3328828828828828,409.0945945945946,77.36486486486487
all,2025-11-14,63.0,50.0,0.3448571428571428,0.2255873015873015,0.2790000000000001,0.1601269841269841,0.134079365079365,0.3725873015873016,0.3346507936507937,0.7026031746031746,0.6614126984126985,0.2211111111111111,0.538015873015873,0.1212063492063491,0.1826507936507936,0.2833015873015873,0.047079365079365,0.4079523809523809,0.3073333333333333,0.3265555555555555,0.4633174603174603,0.3858571428571428,0.611857142857143,0.4323809523809523,0.4982539682539683,0.4031587301587301,0.1658571428571428,0.1601587301587301,0.1353333333333333,0.1554126984126984,0.4551746031746032,-0.0009404761904761,0.2943439153439153,515.1111111111111,101.6031746031746
all,2025-11-15,53.0,36.0,0.4077169811320754,0.3219056603773584,0.3151320754716981,0.1953584905660377,0.1256415094339622,0.4057735849056603,0.3441320754716982,0.7598301886792453,0.7521698113207547,0.2417169811320754,0.5683584905660377,0.1337924528301886,0.1931698113207546,0.3471698113207548,0.074943396226415,0.4816981132075471,0.3769245283018868,0.3706603773584905,0.5486603773584906,0.3000566037735849,0.6844528301886792,0.5210377358490565,0.5083584905660378,0.4035471698113207,0.158377358490566,0.1033584905660377,0.0994339622641509,0.1645471698113207,0.4741886792452831,0.0443207547169811,0.3660314465408805,698.2075471698113,134.47169811320754
all,2025-11-16,46.0,41.0,0.4320217391304347,0.3267173913043478,0.3690869565217392,0.2139782608695652,0.1382391304347826,0.460695652173913,0.4103695652173914,0.7236304347826087,0.7215652173913043,0.2545652173913043,0.6257608695652174,0.1593913043478261,0.2340434782608696,0.391891304347826,0.0863260869565217,0.4903478260869565,0.4105869565217391,0.4133260869565217,0.584304347826087,0.3652173913043478,0.721913043478261,0.5371304347826087,0.445695652173913,0.4057391304347825,0.188195652173913,0.1506739130434782,0.0966521739130434,0.1796521739130434,0.5073695652173913,0.0359836956521739,0.3693188405797101,677.0434782608696,129.82608695652175
all,2025-11-17,44.0,35.0,0.3560227272727272,0.2667954545454545,0.3328409090909091,0.1962954545454545,0.1446363636363636,0.3659318181818181,0.3564318181818182,0.7020227272727273,0.7085454545454545,0.2415454545454546,0.6118636363636363,0.13475,0.2159545454545454,0.3163181818181818,0.07925,0.4729545454545453,0.3274545454545455,0.3864545454545454,0.4884545454545455,0.3742045454545454,0.6479545454545454,0.4386136363636363,0.4741363636363637,0.3745227272727272,0.18175,0.1536363636363636,0.0985454545454545,0.1553409090909091,0.4516363636363636,0.0327045454545454,0.3211666666666666,451.59090909090907,87.9090909090909
all,2025-11-18,45.0,41.0,0.4559777777777778,0.3407333333333333,0.4129777777777778,0.2030444444444444,0.1217111111111111,0.4160666666666666,0.3800222222222222,0.7304888888888889,0.7798666666666665,0.2562888888888889,0.5765111111111111,0.1556666666666666,0.2523333333333333,0.3772888888888888,0.0867777777777777,0.4672888888888888,0.3892666666666667,0.4151111111111112,0.5845333333333333,0.3308666666666667,0.6969777777777778,0.5385777777777778,0.4627111111111111,0.3874222222222221,0.1980888888888888,0.1793333333333333,0.0857111111111111,0.1855777777777777,0.4881333333333333,0.0842944444444444,0.4278962962962963,599.8666666666667,116.15555555555557
all,2025-11-19,53.0,43.0,0.4513962264150943,0.2904150943396226,0.2838679245283019,0.1846981132075471,0.1092264150943396,0.3373018867924529,0.3359245283018869,0.6898113207547169,0.7989056603773584,0.2519622641509434,0.4967358490566037,0.1347924528301886,0.1957547169811321,0.2962452830188679,0.0590188679245283,0.4309622641509433,0.3298867924528302,0.3613396226415094,0.4730377358490565,0.2795849056603773,0.6321886792452829,0.4236792452830189,0.4904339622641509,0.3258867924528301,0.1639245283018868,0.1177169811320754,0.086377358490566,0.1488867924528301,0.449056603773585,0.0793301886792452,0.4021635220125785,457.7735849056604,88.0754716981132
all,2025-11-20,59.0,43.0,0.3601694915254236,0.2801016949152542,0.2633559322033898,0.1742033898305085,0.108593220338983,0.344,0.3176101694915254,0.726271186440678,0.7598305084745762,0.2393559322033898,0.5033389830508475,0.131135593220339,0.1749661016949153,0.294050847457627,0.0622711864406779,0.4073559322033899,0.3142033898305085,0.3348813559322033,0.4897627118644068,0.3191694915254238,0.6298305084745762,0.437271186440678,0.5459491525423729,0.360135593220339,0.1701694915254237,0.1248813559322033,0.1128813559322033,0.1528983050847457,0.4513898305084746,0.0431610169491525,0.3525254237288135,501.64406779661016,97.66101694915254
all,2025-11-21,56.0,47.0,0.3410714285714286,0.2547321428571428,0.2869821428571428,0.1557142857142857,0.1233035714285714,0.3581071428571428,0.3127321428571428,0.7019285714285713,0.6579464285714286,0.2069642857142857,0.5401428571428571,0.1205535714285714,0.2393571428571428,0.2920357142857143,0.0769642857142857,0.4335714285714286,0.3144107142857142,0.3670892857142857,0.4444285714285714,0.3470178571428571,0.6229464285714286,0.4051071428571428,0.448,0.3782321428571428,0.1665535714285714,0.0949642857142857,0.0854285714285714,0.1387499999999999,0.4504285714285714,0.0189196428571428,0.3053630952380952,498.82142857142856,96.03571428571428
all,2025-11-22,63.0,49.0,0.3541111111111111,0.2581746031746031,0.3186190476190476,0.1991111111111111,0.1303333333333333,0.3623333333333333,0.3345238095238095,0.6873174603174602,0.7447301587301587,0.2203333333333333,0.542,0.1363015873015873,0.2168571428571428,0.3028412698412698,0.0678412698412698,0.4303333333333333,0.3342222222222223,0.3404285714285714,0.4807777777777778,0.3209682539682539,0.6112857142857143,0.4528888888888889,0.4794285714285713,0.3592698412698413,0.1668095238095238,0.169063492063492,0.071063492063492,0.152031746031746,0.4377142857142857,0.0361706349206349,0.3421534391534391,560.5873015873016,107.57142857142856
all,2025-11-23,69.0,50.0,0.3592463768115942,0.2706811594202899,0.3240869565217391,0.1806811594202898,0.1249130434782608,0.3397101449275362,0.3233768115942028,0.7186086956521739,0.7561739130434781,0.2100724637681159,0.5136666666666666,0.2681449275362318,0.2209420289855072,0.2952898550724638,0.0727971014492753,0.4134347826086957,0.333144927536232,0.3195652173913043,0.4757391304347826,0.306304347826087,0.5918405797101449,0.4312028985507246,0.4904202898550724,0.3859275362318841,0.191695652173913,0.1269565217391304,0.0788840579710144,0.153768115942029,0.4398115942028985,0.0513623188405797,0.3549227053140096,624.6231884057971,118.1159420289855
all,2025-11-24,47.0,41.0,0.402111111111111,0.3011333333333333,0.3123555555555556,0.2314444444444444,0.1107333333333333,0.3389777777777778,0.3064444444444444,0.7154666666666668,0.7676222222222222,0.2411999999999999,0.5352,0.1311555555555555,0.2395777777777777,0.296,0.0604444444444444,0.4445555555555555,0.3316444444444444,0.3821555555555555,0.4460888888888889,0.3096,0.5817555555555555,0.4137777777777777,0.4566666666666666,0.3488222222222222,0.1639777777777777,0.1041555555555555,0.0746666666666666,0.1616666666666666,0.4668888888888889,0.0869055555555555,0.3832962962962963,580.7446808510638,113.19148936170212
all,2025-11-25,54.0,37.0,0.4418888888888889,0.3582592592592593,0.3423888888888888,0.2396851851851851,0.102574074074074,0.3772222222222222,0.3663888888888888,0.7263888888888891,0.7818518518518519,0.2821296296296295,0.5117777777777778,0.1620925925925925,0.1870925925925926,0.3249814814814815,0.0969444444444444,0.4317222222222222,0.3143518518518519,0.3945185185185185,0.4857962962962964,0.2777592592592592,0.6652777777777777,0.4952037037037038,0.5129074074074075,0.3811666666666667,0.2186111111111111,0.1497222222222222,0.0844814814814814,0.1811851851851852,0.4698148148148148,0.1056574074074073,0.4194691358024691,847.6481481481482,161.05555555555554
all,2025-11-26,50.0,42.0,0.32924,0.2632,0.28354,0.1627799999999999,0.14206,0.3510799999999999,0.34928,0.6943000000000003,0.7154600000000001,0.23172,0.5503800000000001,0.12558,0.3186799999999999,0.28508,0.06908,0.42108,0.3388799999999999,0.3439199999999999,0.4899199999999999,0.3745599999999999,0.60566,0.4384399999999999,0.43674,0.3173399999999999,0.17516,0.12582,0.06046,0.14462,0.42902,0.01312,0.3006866666666666,439.38,84.68
all,2025-11-27,56.0,50.0,0.3448035714285714,0.2573214285714286,0.2963392857142857,0.1515535714285714,0.1248749999999999,0.3830535714285714,0.3624107142857143,0.6929642857142857,0.7141964285714286,0.2193035714285714,0.5178035714285715,0.1387678571428571,0.2075178571428571,0.3031607142857143,0.0732857142857142,0.435625,0.3637500000000001,0.3462321428571428,0.5693928571428571,0.3694464285714285,0.6660178571428571,0.5135357142857143,0.4299821428571428,0.3642142857142857,0.182,0.1414107142857142,0.1005,0.137875,0.4419642857142857,0.0085401785714285,0.3269047619047618,576.3392857142857,105.82142857142856
all,2025-11-28,51.0,42.0,0.4251960784313725,0.3506078431372549,0.4120980392156863,0.2105490196078431,0.1514705882352941,0.4505294117647059,0.4358431372549019,0.7568823529411765,0.7268235294117648,0.2703137254901961,0.6388627450980392,0.1685686274509804,0.2588431372549019,0.4085686274509804,0.0982745098039215,0.5050392156862745,0.4118235294117647,0.4664901960784314,0.5380980392156863,0.3938823529411765,0.7019607843137255,0.5408823529411764,0.5101960784313725,0.4124509803921569,0.2064509803921568,0.1691764705882353,0.0619803921568627,0.2015098039215686,0.5069019607843137,0.0486127450980392,0.3699019607843137,716.843137254902,135.52941176470588
all,2025-11-29,78.0,66.0,0.3126538461538462,0.2611538461538462,0.2943333333333334,0.1904871794871795,0.1146410256410256,0.3459871794871794,0.3014102564102563,0.7048589743589745,0.6997564102564102,0.2056923076923076,0.5486794871794872,0.1118333333333333,0.2549743589743589,0.317974358974359,0.0660897435897435,0.418,0.3370641025641026,0.3792051282051282,0.480576923076923,0.3296538461538462,0.6553589743589744,0.4892179487179487,0.4609358974358973,0.3146666666666666,0.1729743589743589,0.1293974358974359,0.1143717948717948,0.1466666666666667,0.4446153846153846,0.0343429487179487,0.3209401709401709,446.5,83.32051282051282
all,2025-11-30,49.0,38.0,0.3814081632653061,0.2503061224489795,0.3131224489795918,0.1723877551020408,0.1278979591836734,0.3785510204081632,0.3547142857142857,0.6788571428571428,0.7312448979591836,0.2118775510204081,0.4906122448979592,0.1240204081632652,0.1993877551020408,0.300469387755102,0.0910816326530612,0.4381836734693877,0.3331428571428572,0.3754489795918367,0.4700612244897958,0.3721020408163265,0.6131224489795919,0.4336734693877552,0.4281020408163265,0.3385306122448979,0.1869591836734693,0.1208571428571428,0.0594081632653061,0.150204081632653,0.448530612244898,0.0260816326530612,0.3473605442176871,475.4693877551021,92.10204081632654
all,2025-12-01,47.0,34.0,0.4309361702127659,0.2777234042553191,0.3373404255319148,0.1804042553191489,0.132531914893617,0.3731489361702128,0.3358936170212765,0.735531914893617,0.7826382978723404,0.2788936170212766,0.5753617021276596,0.1456170212765957,0.2631489361702127,0.330063829787234,0.0887234042553191,0.4372978723404256,0.3384255319148936,0.3542127659574468,0.5155744680851064,0.307063829787234,0.621063829787234,0.4697021276595745,0.4871063829787234,0.3871063829787234,0.1800851063829787,0.1443617021276595,0.128063829787234,0.169659574468085,0.4584255319148936,0.0537606382978723,0.3844397163120568,532.6382978723404,103.23404255319149
all,2025-12-02,60.0,50.0,0.4051833333333333,0.2611,0.3204499999999999,0.1738,0.1178666666666666,0.3832333333333333,0.3538,0.7467833333333334,0.7603166666666666,0.2666833333333333,0.5394166666666667,0.1354333333333333,0.2235,0.34875,0.0667999999999999,0.4365833333333333,0.3408166666666666,0.3061166666666667,0.5404500000000001,0.3430666666666667,0.6271,0.4570166666666665,0.5365333333333333,0.3250666666666666,0.1588333333333333,0.1348,0.0678833333333333,0.1584166666666666,0.4679666666666666,0.0395833333333333,0.3774499999999999,512.2666666666667,99.48333333333332
all,2025-12-03,51.0,44.0,0.345686274509804,0.2848235294117646,0.3145490196078431,0.181,0.1254509803921568,0.3775490196078431,0.3199019607843136,0.7334705882352941,0.7251176470588235,0.2005882352941176,0.5840392156862746,0.1312156862745098,0.1833137254901961,0.313921568627451,0.0675098039215686,0.4478235294117647,0.3285098039215687,0.3916470588235294,0.4789019607843136,0.3293333333333333,0.6767254901960785,0.4737647058823529,0.4576078431372549,0.3603333333333333,0.1907647058823529,0.1053333333333333,0.1098823529411764,0.1480196078431372,0.4488823529411764,0.0300147058823529,0.3363333333333334,529.3333333333334,99.80392156862744
all,2025-12-04,57.0,49.0,0.4050175438596491,0.3447719298245614,0.3266842105263157,0.2305263157894737,0.1504035087719298,0.3906842105263158,0.346,0.7385263157894737,0.773701754385965,0.268298245614035,0.6169298245614034,0.1584210526315789,0.2222631578947368,0.3355438596491228,0.0871578947368421,0.461701754385965,0.3574561403508771,0.4003333333333333,0.5582982456140352,0.3654035087719298,0.6774035087719298,0.461859649122807,0.4718421052631579,0.3885789473684211,0.1969649122807018,0.1888245614035087,0.0714736842105263,0.1701929824561403,0.4624736842105263,0.0562061403508771,0.3513976608187135,555.719298245614,105.9298245614035
all,2025-12-05,89.0,50.0,0.3119204545454546,0.2313522727272727,0.2648522727272727,0.1603068181818181,0.103875,0.3450795454545455,0.3222727272727272,0.6878636363636363,0.7221363636363636,0.1895795454545454,0.5421477272727272,0.119875,0.2594204545454545,0.2717613636363636,0.0493636363636363,0.3782727272727272,0.3151931818181818,0.3268749999999999,0.5573068181818182,0.2725340909090909,0.6600454545454544,0.4440568181818181,0.380590909090909,0.3253977272727272,0.1715,0.1150340909090909,0.1577386363636363,0.1249431818181818,0.4467954545454545,0.0176306818181818,0.329094696969697,464.7977528089888,91.26966292134831
all,2025-12-06,50.0,39.0,0.36164,0.29396,0.36432,0.2050399999999999,0.14316,0.4078799999999999,0.38622,0.73574,0.7423200000000001,0.2518,0.57358,0.13626,0.1899,0.35108,0.09612,0.4543999999999999,0.35798,0.3852,0.52842,0.3599199999999999,0.7083999999999999,0.54762,0.50442,0.38938,0.19524,0.13792,0.11494,0.16686,0.47074,0.03072,0.3462666666666666,538.44,102.8
all,2025-12-07,61.0,50.0,0.4071475409836065,0.2999508196721312,0.3025573770491803,0.2094918032786885,0.0894426229508197,0.3611311475409837,0.3312295081967212,0.7148524590163933,0.7780655737704919,0.2631639344262295,0.4811311475409837,0.1267049180327868,0.1912622950819672,0.3038360655737704,0.0719344262295082,0.444622950819672,0.3389016393442622,0.3535081967213114,0.5002622950819672,0.2704262295081966,0.6410655737704919,0.4380163934426229,0.493688524590164,0.3337049180327868,0.1666721311475409,0.1090491803278688,0.1038524590163934,0.1455409836065573,0.4555737704918032,0.0795,0.4064808743169398,633.6229508196722,125.04918032786884
all,2025-12-08,52.0,40.0,0.2631730769230769,0.1997307692307692,0.2561346153846153,0.1401730769230769,0.0930961538461538,0.2925961538461539,0.2471538461538461,0.6736346153846154,0.6886730769230769,0.1502307692307692,0.52675,0.0825384615384615,0.2128076923076922,0.228826923076923,0.0418846153846153,0.3686730769230769,0.2877115384615384,0.2621346153846154,0.4760576923076923,0.3301538461538462,0.5464807692307693,0.3703461538461538,0.4245,0.2798846153846154,0.111326923076923,0.0638461538461538,0.0768846153846153,0.11325,0.4097499999999999,0.0219567307692307,0.3095641025641026,340.40384615384613,66.5
all,2025-12-09,63.0,52.0,0.3328571428571429,0.2606031746031746,0.2879523809523809,0.1817936507936508,0.1218253968253968,0.3519206349206349,0.3019523809523809,0.7163650793650793,0.7224126984126982,0.2301269841269841,0.5200634920634921,0.1458571428571428,0.2467777777777778,0.3008095238095238,0.0835079365079365,0.4142857142857143,0.3292698412698412,0.3610317460317461,0.4727936507936507,0.3297619047619047,0.6122698412698414,0.4404444444444444,0.455031746031746,0.3409365079365079,0.1609047619047619,0.1297301587301587,0.104079365079365,0.1517142857142857,0.4512063492063493,0.0289285714285714,0.3259153439153439,487.4285714285714,93.93650793650794
all,2025-12-10,62.0,49.0,0.3534262295081968,0.2309999999999999,0.2479508196721311,0.1581803278688524,0.1437868852459016,0.3725409836065573,0.3357868852459016,0.7358852459016394,0.6812786885245902,0.2141147540983606,0.5082786885245901,0.1313770491803278,0.241639344262295,0.3008852459016394,0.0537704918032787,0.4293770491803279,0.3355245901639345,0.3473934426229508,0.5472459016393441,0.3400491803278689,0.6551475409836066,0.4960983606557377,0.5123278688524591,0.3232786885245901,0.1686393442622951,0.1097704918032787,0.0507704918032786,0.1441967213114754,0.4600655737704918,-0.0105245901639344,0.2837650273224043,497.3870967741936,98.12903225806453
all,2025-12-11,57.0,52.0,0.3607894736842105,0.2785438596491227,0.3092280701754386,0.1811228070175438,0.1154561403508772,0.4011754385964912,0.3586666666666666,0.7441228070175439,0.751421052631579,0.2485087719298245,0.5854736842105264,0.1656666666666666,0.2466666666666666,0.3372631578947367,0.0834035087719298,0.4626315789473684,0.3630877192982456,0.3718245614035088,0.5178070175438596,0.3308596491228069,0.6614912280701755,0.5066666666666667,0.4622631578947368,0.3653157894736842,0.1754736842105263,0.1184561403508771,0.0441052631578947,0.1554035087719298,0.4555087719298245,0.0241052631578947,0.3583567251461988,606.561403508772,115.9298245614035
all,2025-12-12,53.0,46.0,0.3842641509433961,0.2644528301886791,0.3383207547169811,0.1733018867924528,0.1372075471698113,0.4041509433962264,0.3479433962264151,0.7512075471698113,0.7361132075471699,0.232811320754717,0.5710754716981132,0.1325849056603773,0.2489622641509433,0.3516603773584906,0.0694339622641509,0.4644339622641509,0.3292641509433962,0.4026603773584906,0.4975471698113207,0.333320754716981,0.6657924528301888,0.4758301886792451,0.4583962264150944,0.3491698113207547,0.1685471698113207,0.1446981132075471,0.1273962264150943,0.1648867924528302,0.4918490566037735,0.0194056603773584,0.3490251572327044,578.8301886792453,109.77358490566036
all,2025-12-13,68.0,53.0,0.3534264705882353,0.2564852941176471,0.296985294117647,0.1868088235294117,0.123,0.3772058823529411,0.3437794117647059,0.7229999999999999,0.7527352941176471,0.2090294117647058,0.5463088235294118,0.1273970588235294,0.1643088235294117,0.3112058823529413,0.0745735294117647,0.4265294117647059,0.31375,0.3529411764705882,0.4591617647058824,0.3333823529411765,0.6482941176470589,0.4890882352941176,0.4543823529411764,0.3392647058823529,0.1664558823529411,0.1271911764705882,0.0873529411764705,0.1417941176470588,0.445235294117647,0.0233235294117647,0.3447156862745097,459.9558823529412,86.57352941176471
all,2025-12-14,55.0,42.0,0.3511636363636364,0.2685999999999999,0.2557636363636364,0.1561090909090909,0.1422727272727272,0.3617090909090908,0.3445818181818181,0.7204727272727272,0.6672363636363636,0.2187818181818181,0.4984363636363636,0.1101272727272727,0.161690909090909,0.2847090909090909,0.0517636363636363,0.4343454545454545,0.3137272727272727,0.3565818181818183,0.4653090909090909,0.374890909090909,0.6370727272727273,0.4773090909090908,0.4749272727272727,0.3183454545454545,0.1632727272727272,0.1164,0.0967818181818181,0.1340363636363636,0.4478,0.0059181818181818,0.2824484848484848,516.9636363636364,101.05454545454543
all,2025-12-15,44.0,37.0,0.3912272727272727,0.2803181818181818,0.2900227272727272,0.1974318181818182,0.1099090909090909,0.3569090909090909,0.3278636363636363,0.7429772727272727,0.7784318181818182,0.2146818181818181,0.5255681818181818,0.1107045454545454,0.3109545454545455,0.2809772727272727,0.0671818181818181,0.4449318181818181,0.3530681818181818,0.3400000000000001,0.5141363636363637,0.301340909090909,0.6312954545454545,0.4294318181818182,0.5038409090909091,0.3244318181818182,0.1668409090909091,0.1129999999999999,0.1127272727272727,0.1466363636363636,0.4548181818181818,0.056340909090909,0.3766515151515151,408.6818181818182,79.29545454545455
all,2025-12-16,40.0,35.0,0.3311,0.33855,0.32075,0.216,0.153125,0.389675,0.3535,0.72615,0.7192000000000001,0.2932,0.587925,0.1578,0.2237,0.362025,0.096425,0.4737249999999999,0.3505749999999999,0.4267999999999999,0.5113749999999999,0.3479,0.672025,0.483275,0.5008750000000001,0.3941,0.26175,0.170175,0.090025,0.1801,0.4827,0.0302,0.3038916666666666,515.275,100.7
all,2025-12-17,48.0,39.0,0.2985,0.1952083333333333,0.2693125,0.15175,0.0805416666666666,0.3154999999999999,0.2924374999999999,0.6953541666666666,0.7362291666666666,0.19025,0.4735208333333334,0.0927708333333333,0.1964999999999999,0.2589166666666666,0.0532291666666666,0.3988541666666667,0.3063958333333333,0.3439791666666666,0.4610625,0.3069791666666667,0.6611666666666666,0.4504375,0.4421875,0.2972708333333333,0.1475625,0.0996875,0.0848749999999999,0.12725,0.4233125,0.0306718749999999,0.3541388888888888,409.5208333333333,77.625
all,2025-12-18,58.0,43.0,0.2676896551724138,0.1967068965517241,0.2655,0.1588448275862069,0.1015344827586206,0.2872586206896552,0.2706206896551724,0.6671551724137931,0.6754655172413793,0.1668620689655172,0.4537068965517241,0.1036379310344827,0.1633103448275862,0.2340344827586207,0.0675344827586206,0.3745344827586207,0.3069827586206897,0.2729827586206896,0.4558275862068966,0.3581034482758621,0.5733448275862069,0.417,0.4404827586206896,0.3103620689655173,0.1334655172413793,0.0833965517241379,0.1013103448275862,0.1201379310344827,0.4134655172413793,0.0277887931034482,0.3013505747126436,408.7068965517241,79.65517241379311
all,2025-12-19,54.0,43.0,0.3043703703703703,0.2069074074074074,0.294537037037037,0.1766666666666667,0.0795925925925925,0.2732777777777777,0.235037037037037,0.6903333333333335,0.724962962962963,0.1779814814814815,0.4569444444444444,0.0994074074074074,0.145537037037037,0.2250925925925926,0.0362777777777777,0.3680370370370371,0.2700555555555555,0.2675185185185185,0.427148148148148,0.2665740740740741,0.5743333333333334,0.4026111111111112,0.5044074074074074,0.293462962962963,0.1127592592592592,0.0654074074074074,0.0692222222222222,0.1281851851851851,0.4207222222222222,0.0691851851851851,0.3616975308641975,405.0925925925926,79.05555555555556
all,2025-12-20,67.0,52.0,0.370641791044776,0.2740597014925374,0.2976119402985074,0.1824029850746268,0.1049850746268656,0.37155223880597,0.3404925373134328,0.7035820895522387,0.7239402985074627,0.2515820895522388,0.5513432835820895,0.1307611940298507,0.1697462686567164,0.3150149253731343,0.0575671641791044,0.4118805970149253,0.296686567164179,0.3326716417910448,0.5020597014925373,0.3146716417910447,0.6580746268656716,0.4692537313432836,0.4814029850746268,0.3431641791044776,0.1746716417910448,0.1454776119402984,0.1221791044776119,0.1487313432835821,0.4253432835820895,0.042910447761194,0.3590796019900497,557.5223880597015,107.95522388059702
all,2025-12-21,60.0,48.0,0.3611833333333333,0.2518999999999999,0.2759833333333333,0.1628833333333333,0.1094666666666666,0.3401333333333333,0.3178666666666667,0.7098666666666666,0.7299666666666667,0.2031999999999999,0.5496000000000001,0.1232166666666666,0.2018499999999999,0.2626666666666667,0.05415,0.3942833333333333,0.2906833333333333,0.3329000000000001,0.4828833333333334,0.2867166666666667,0.6296999999999999,0.4427833333333333,0.4673999999999998,0.3260333333333333,0.15665,0.1166166666666666,0.0950833333333333,0.1332166666666666,0.4320333333333332,0.0381875,0.3462444444444444,399.85,78.61666666666666
all,2025-12-22,50.0,45.0,0.42542,0.26978,0.3416999999999999,0.2083,0.12542,0.38046,0.31964,0.73862,0.7545999999999999,0.26602,0.54308,0.15508,0.20546,0.3243399999999999,0.0656,0.42626,0.31628,0.35298,0.49668,0.314,0.6424,0.46936,0.49982,0.35266,0.1707,0.12138,0.08922,0.1524,0.45742,0.0583599999999999,0.38182,694.84,137.76
all,2025-12-23,53.0,46.0,0.4094716981132074,0.3230377358490566,0.3083584905660378,0.2023018867924528,0.0967169811320754,0.363754716981132,0.3250188679245283,0.7559811320754717,0.7448490566037735,0.2264905660377358,0.4840188679245283,0.1259056603773584,0.158811320754717,0.2822830188679245,0.0536792452830188,0.4270188679245282,0.2838301886792453,0.3580943396226416,0.4352075471698112,0.2986981132075471,0.6419622641509434,0.4298490566037735,0.4702641509433963,0.304566037735849,0.1602075471698112,0.1229622641509433,0.0470754716981132,0.1316981132075471,0.4256603773584905,0.0805566037735849,0.3908427672955975,508.8301886792453,98.20754716981132
all,2025-12-24,45.0,41.0,0.3925555555555554,0.2931111111111111,0.3561555555555555,0.2029999999999999,0.1195777777777777,0.3816,0.350911111111111,0.7275111111111111,0.7628666666666667,0.2292666666666666,0.5368444444444445,0.1502222222222222,0.2182666666666667,0.318488888888889,0.0688888888888888,0.4332888888888888,0.3501999999999999,0.3294444444444445,0.5413111111111112,0.3378444444444445,0.6546888888888889,0.4861555555555555,0.4547777777777778,0.3724666666666666,0.180111111111111,0.1610444444444444,0.0958222222222222,0.1581111111111111,0.4548888888888888,0.0606166666666666,0.3842814814814814,572.5333333333333,109.4888888888889
all,2025-12-25,41.0,32.0,0.3462682926829268,0.2861707317073171,0.3543414634146341,0.1739756097560975,0.137,0.4324390243902439,0.3806829268292683,0.7585365853658537,0.7118536585365854,0.2468780487804878,0.5872926829268292,0.1482682926829268,0.2213170731707316,0.3135853658536585,0.0805609756097561,0.4486585365853658,0.3418780487804878,0.3962195121951219,0.5088536585365854,0.4028292682926829,0.720048780487805,0.575,0.5256829268292682,0.3870243902439024,0.1934146341463414,0.1339024390243902,0.0773414634146341,0.1541219512195122,0.4537317073170733,0.0054695121951219,0.3338211382113821,640.1951219512196,123.09756097560977
all,2025-12-26,41.0,37.0,0.3243170731707316,0.2211463414634147,0.2834878048780488,0.1751951219512195,0.1098292682926829,0.3463170731707317,0.2928780487804878,0.6737073170731708,0.6870975609756097,0.1797317073170731,0.5515121951219512,0.1004390243902439,0.1403170731707317,0.2660975609756097,0.046780487804878,0.3626097560975609,0.2480243902439024,0.3050243902439024,0.4251219512195122,0.3283414634146341,0.6123902439024389,0.4283414634146341,0.4536097560975609,0.2864390243902439,0.147780487804878,0.1089756097560975,0.1120487804878048,0.1223414634146341,0.4030243902439026,0.0229634146341463,0.3218048780487804,546.0,106.6829268292683
all,2025-12-27,56.0,52.0,0.3987636363636364,0.2415818181818182,0.3049818181818182,0.1917090909090909,0.0965090909090909,0.3358363636363637,0.2886545454545455,0.7271818181818182,0.7822181818181819,0.2111090909090909,0.5655090909090909,0.1210363636363636,0.237490909090909,0.3028909090909091,0.0663272727272727,0.4268909090909091,0.3033454545454545,0.3240909090909091,0.4824909090909091,0.2573454545454545,0.5795454545454546,0.4411818181818182,0.4991090909090909,0.4053636363636363,0.1504727272727272,0.1070363636363636,0.0665454545454545,0.1546,0.4650181818181818,0.0680863636363636,0.3988121212121212,610.1785714285714,117.26785714285714
all,2025-12-28,52.0,43.0,0.3955192307692308,0.3204423076923077,0.3539038461538461,0.1927115384615385,0.1496346153846154,0.4297115384615384,0.3724230769230769,0.7434038461538461,0.7007884615384616,0.2621538461538462,0.6134038461538462,0.1475576923076923,0.2037115384615384,0.3448846153846154,0.0765,0.4766346153846153,0.3405961538461538,0.4028846153846154,0.4718846153846153,0.3679038461538461,0.7045576923076925,0.5233846153846153,0.4975769230769231,0.4185192307692308,0.185576923076923,0.1352884615384615,0.1020961538461538,0.1674230769230769,0.4785384615384614,0.0259711538461538,0.3337692307692307,586.0,111.21153846153848
all,2025-12-29,45.0,37.0,0.3556666666666666,0.2634222222222222,0.301,0.2214444444444444,0.0867333333333333,0.3319777777777777,0.2838222222222222,0.6548222222222223,0.7553777777777777,0.2311555555555555,0.5337777777777777,0.1711111111111111,0.2526222222222222,0.2766,0.0716444444444444,0.39,0.2938888888888888,0.3413333333333332,0.4734444444444445,0.2484444444444444,0.620688888888889,0.4196666666666667,0.4071111111111112,0.3135777777777778,0.1584666666666667,0.102,0.1601555555555555,0.1519111111111111,0.441111111111111,0.0760277777777777,0.383948148148148,640.8222222222222,126.15555555555557
all,2025-12-30,53.0,40.0,0.354566037735849,0.1966415094339622,0.2799622641509434,0.1629811320754717,0.1220566037735849,0.3501320754716981,0.2926792452830188,0.721,0.7381886792452831,0.2176037735849056,0.4818490566037736,0.1314339622641509,0.2070754716981132,0.2856981132075472,0.0658113207547169,0.415132075471698,0.3183396226415094,0.3167169811320754,0.483188679245283,0.3733962264150942,0.6181698113207547,0.4358679245283018,0.5270943396226415,0.3321698113207547,0.1831320754716981,0.1300754716981132,0.0969056603773585,0.1474716981132075,0.4388301886792453,0.012443396226415,0.3355157232704401,423.9622641509434,84.13207547169812
all,2025-12-31,46.0,39.0,0.4443999999999999,0.3250222222222222,0.3502222222222222,0.2172666666666666,0.1531999999999999,0.4466,0.3991333333333334,0.7586222222222222,0.7887555555555555,0.2734222222222222,0.6581555555555556,0.2190444444444444,0.2082,0.3781111111111111,0.1143777777777777,0.4959777777777777,0.3684888888888889,0.4094222222222222,0.5900666666666666,0.3263555555555555,0.699111111111111,0.4916666666666666,0.5457777777777777,0.4213999999999999,0.2205555555555555,0.1392888888888888,0.1219333333333333,0.1835555555555555,0.4937333333333334,0.0343277777777777,0.3745925925925926,691.2826086956521,133.47826086956522
all,2026-01-01,41.0,37.0,0.3795365853658536,0.2713414634146341,0.3185365853658536,0.1788292682926829,0.0974390243902439,0.3491219512195121,0.3060487804878049,0.7031463414634147,0.7531463414634145,0.2277560975609756,0.6118292682926829,0.0950243902439024,0.2724146341463414,0.3208048780487805,0.0948048780487804,0.4438536585365853,0.3400731707317073,0.3562682926829268,0.4940243902439024,0.297170731707317,0.6220487804878049,0.4570731707317074,0.429390243902439,0.3775609756097561,0.132560975609756,0.0776585365853658,0.0634390243902439,0.1372926829268292,0.4462195121951219,0.063780487804878,0.3863008130081301,555.0731707317074,109.1951219512195
all,2026-01-02,64.0,53.0,0.43534375,0.343796875,0.414984375,0.240421875,0.126296875,0.4256875,0.38,0.75296875,0.75409375,0.260765625,0.606859375,0.19003125,0.200078125,0.389421875,0.09846875,0.483546875,0.3894375,0.39128125,0.563828125,0.354703125,0.7046718750000001,0.5197499999999999,0.50265625,0.3697812499999999,0.1849843749999999,0.1494687499999999,0.113609375,0.17684375,0.4973593749999999,0.08264453125,0.4085104166666666,691.53125,129.5
all,2026-01-03,66.0,52.0,0.3478307692307692,0.2585230769230769,0.3061384615384615,0.1759538461538461,0.1030307692307692,0.3396769230769231,0.3022307692307692,0.6921384615384615,0.7403076923076923,0.2341384615384615,0.5370461538461538,0.1279076923076923,0.1674307692307692,0.302276923076923,0.0768307692307692,0.422876923076923,0.3140153846153846,0.3212,0.4731692307692308,0.3274153846153846,0.5839846153846153,0.4141076923076923,0.4783076923076923,0.3663230769230769,0.1755538461538461,0.1149538461538461,0.1086,0.1395538461538461,0.4278307692307692,0.0507576923076923,0.3617282051282051,559.0757575757576,107.48484848484848
all,2026-01-04,60.0,54.0,0.4134166666666666,0.3234166666666667,0.3747833333333333,0.2062,0.1452333333333333,0.4236833333333333,0.37675,0.7266166666666667,0.7841833333333332,0.2806499999999999,0.6762166666666668,0.1362499999999999,0.2178166666666667,0.36385,0.0709333333333333,0.45735,0.3610333333333333,0.3860333333333333,0.5327666666666666,0.3299999999999999,0.6861333333333335,0.5122166666666667,0.4434999999999999,0.409,0.2168666666666666,0.1725666666666666,0.1177166666666666,0.17255,0.4769333333333333,0.0449958333333333,0.3788944444444444,624.5,120.76666666666668
all,2026-01-05,52.0,49.0,0.4219423076923076,0.3081538461538461,0.3469038461538462,0.2193461538461538,0.1095384615384615,0.3840961538461538,0.322,0.7286538461538462,0.7672500000000001,0.234826923076923,0.5858461538461538,0.1357692307692307,0.1822307692307692,0.3112307692307692,0.0786730769230769,0.4534807692307692,0.3410384615384615,0.3438461538461539,0.4632307692307692,0.2902115384615384,0.6511346153846154,0.4819230769230769,0.4886153846153846,0.4110384615384615,0.1744423076923076,0.1211153846153846,0.08825,0.1550961538461538,0.4554615384615385,0.0772692307692307,0.4024935897435898,613.75,118.26923076923076
all,2026-01-06,63.0,52.0,0.3575238095238096,0.2435555555555556,0.3305873015873015,0.1718571428571428,0.1152857142857142,0.3593174603174602,0.3073809523809524,0.7075714285714286,0.6915714285714285,0.2123333333333333,0.5940793650793651,0.1189047619047619,0.1837936507936508,0.298,0.089079365079365,0.4299682539682539,0.3124603174603174,0.3261904761904762,0.4497936507936507,0.3383492063492063,0.6254285714285714,0.4441428571428571,0.4687142857142856,0.3781904761904762,0.1555873015873015,0.0989206349206349,0.0721269841269841,0.1429682539682539,0.4371587301587302,0.038579365079365,0.3446084656084656,420.2857142857143,81.03174603174604
all,2026-01-07,54.0,44.0,0.3810925925925926,0.2639074074074075,0.3162222222222222,0.1651296296296296,0.1425,0.421888888888889,0.3990000000000001,0.7268888888888887,0.7160925925925925,0.2330925925925925,0.5671111111111111,0.1569629629629629,0.2135925925925925,0.3516851851851851,0.0823518518518518,0.4733703703703704,0.3917222222222221,0.3612962962962963,0.5754259259259258,0.420537037037037,0.6833518518518517,0.4696111111111111,0.529925925925926,0.3794999999999999,0.1911851851851851,0.1424074074074073,0.1313333333333333,0.1764259259259259,0.5040000000000001,-0.0006064814814814,0.3286358024691357,645.7037037037037,119.16666666666669
all,2026-01-08,73.0,56.0,0.4187083333333332,0.3322361111111111,0.3099444444444444,0.2242361111111111,0.1093333333333333,0.3647222222222223,0.3510833333333333,0.7394583333333333,0.752736111111111,0.2780972222222223,0.5850972222222223,0.1460555555555555,0.2558472222222222,0.344375,0.0690833333333333,0.4682777777777778,0.3468472222222222,0.3792222222222222,0.5242361111111111,0.2940555555555555,0.6782083333333334,0.4982638888888889,0.4903055555555555,0.3803194444444444,0.17725,0.1052222222222222,0.1081388888888888,0.1632638888888888,0.4812499999999999,0.0842534722222222,0.3844629629629629,715.5068493150685,136.97260273972603
all,2026-01-09,60.0,57.0,0.4222499999999999,0.3175666666666667,0.3705666666666666,0.1930666666666667,0.1341999999999999,0.4278,0.3922166666666667,0.7507166666666666,0.7382833333333333,0.25725,0.5937833333333334,0.1438166666666666,0.2307833333333332,0.3670833333333334,0.0816833333333333,0.4780666666666666,0.3717,0.3959999999999999,0.5245333333333334,0.3333,0.7034666666666668,0.5269833333333334,0.5092666666666666,0.3749999999999999,0.1838,0.1707166666666666,0.1288833333333333,0.1696166666666666,0.49145,0.0448625,0.3761666666666666,693.0833333333334,131.33333333333334
all,2026-01-10,47.0,43.0,0.4270212765957446,0.3529361702127659,0.3623404255319149,0.2105744680851063,0.1754893617021276,0.4769148936170213,0.4377872340425532,0.7595744680851061,0.7925957446808509,0.3190425531914894,0.6556595744680851,0.2131914893617021,0.2654680851063829,0.4292978723404256,0.1207234042553191,0.4908085106382978,0.4226170212765958,0.4402340425531915,0.6119787234042553,0.3758936170212766,0.7320212765957447,0.5784893617021276,0.517,0.4116595744680851,0.2557021276595744,0.2571702127659574,0.099595744680851,0.2076382978723404,0.5100212765957446,0.0120159574468085,0.3518297872340425,700.5957446808511,132.89361702127658
all,2026-01-11,83.0,57.0,0.3769277108433734,0.2582771084337349,0.3122650602409638,0.2065060240963856,0.1076506024096385,0.3146024096385542,0.2875180722891566,0.7027590361445784,0.7483975903614457,0.1924578313253012,0.5144096385542167,0.1204578313253012,0.2121807228915662,0.2668795180722891,0.0704216867469879,0.4050481927710843,0.2911807228915662,0.2993614457831325,0.4452771084337349,0.3186506024096385,0.6058915662650601,0.3950120481927711,0.5350843373493975,0.3698192771084337,0.1518192771084337,0.0900602409638554,0.0839397590361445,0.1524216867469879,0.4380240963855423,0.077367469879518,0.3715461847389558,473.578313253012,91.95180722891568
all,2026-01-12,52.0,42.0,0.3084117647058823,0.2273529411764706,0.2637450980392157,0.1567647058823529,0.1490588235294117,0.3689999999999999,0.3190392156862745,0.722764705882353,0.6122352941176471,0.1858431372549019,0.5044313725490196,0.1229411764705882,0.2678039215686274,0.2910980392156862,0.0672549019607843,0.4184705882352941,0.3302156862745098,0.3169803921568627,0.4461372549019607,0.4125490196078431,0.6193725490196078,0.4420588235294117,0.491235294117647,0.3563921568627451,0.1352941176470588,0.0906666666666666,0.1174509803921568,0.1507843137254902,0.4557254901960784,-0.0199607843137254,0.2457385620915032,525.7307692307693,103.1346153846154
all,2026-01-13,49.0,36.0,0.3771666666666666,0.3048541666666666,0.2837916666666666,0.2080833333333333,0.1231875,0.34,0.322,0.6944583333333334,0.7235416666666666,0.2197083333333333,0.5986041666666667,0.1355208333333333,0.2553125,0.2845833333333333,0.0701875,0.39625,0.2943541666666667,0.2759375,0.47575,0.3389583333333334,0.5934166666666667,0.4270833333333333,0.4668333333333332,0.4015416666666666,0.1717916666666666,0.1281666666666666,0.1416458333333333,0.1428124999999999,0.42975,0.0618802083333333,0.3383125,609.8571428571429,120.26530612244898
all,2026-01-14,61.0,53.0,0.3814098360655738,0.2597868852459016,0.3184426229508197,0.2197377049180327,0.1107049180327868,0.3534918032786884,0.324344262295082,0.7208196721311474,0.7457540983606556,0.2108852459016393,0.5580655737704918,0.1304754098360655,0.2776229508196722,0.3072295081967213,0.0899508196721311,0.4372459016393443,0.3334262295081968,0.3314754098360655,0.4958032786885245,0.3135901639344262,0.6367704918032786,0.426672131147541,0.4958360655737704,0.3356721311475409,0.1504262295081967,0.112,0.0963442622950819,0.1441967213114754,0.455639344262295,0.0627459016393442,0.3711639344262295,543.2131147540983,104.55737704918032
all,2026-01-15,62.0,53.0,0.3951612903225806,0.2626774193548387,0.3176290322580644,0.1868387096774193,0.1138709677419354,0.373983870967742,0.3177096774193547,0.7112258064516129,0.7433064516129033,0.2220483870967741,0.5589032258064515,0.1410645161290322,0.1869838709677419,0.301741935483871,0.0840645161290322,0.4110967741935483,0.3224032258064516,0.322258064516129,0.4861451612903226,0.3442580645161291,0.6208548387096775,0.444,0.4717741935483869,0.3567258064516128,0.1596612903225806,0.1238225806451613,0.0696451612903225,0.144516129032258,0.449241935483871,0.0466491935483871,0.371494623655914,522.3870967741935,102.16129032258064
all,2026-01-16,47.0,42.0,0.352,0.2720425531914893,0.3273617021276596,0.2108297872340425,0.1222765957446808,0.359404255319149,0.3060212765957447,0.7301702127659573,0.7358723404255321,0.2135106382978723,0.545595744680851,0.1452978723404255,0.2693829787234042,0.3021489361702127,0.0863829787234042,0.4117659574468085,0.3491489361702127,0.3302765957446809,0.5026382978723404,0.3378936170212766,0.6365957446808511,0.4665957446808509,0.4512127659574467,0.3469999999999998,0.1680212765957446,0.1407659574468084,0.1023191489361702,0.1582978723404255,0.4562765957446809,0.0497180851063829,0.349468085106383,511.468085106383,99.7872340425532
all,2026-01-17,69.0,52.0,0.3672173913043478,0.248695652173913,0.2717101449275362,0.1940579710144927,0.095768115942029,0.2925942028985507,0.2637391304347825,0.7147536231884059,0.7694057971014493,0.2268260869565217,0.477463768115942,0.1203478260869565,0.3105942028985507,0.2541739130434782,0.0521884057971014,0.3823623188405797,0.3176666666666666,0.2862898550724638,0.5438840579710145,0.2584927536231884,0.5591884057971014,0.3960289855072464,0.4511739130434782,0.3566231884057971,0.1570724637681159,0.0949130434782608,0.1025507246376811,0.1366521739130434,0.4236521739130435,0.0762391304347826,0.3736763285024155,455.6811594202899,88.71014492753623
all,2026-01-18,69.0,58.0,0.3057971014492753,0.2272173913043478,0.3036086956521739,0.1553188405797101,0.1053478260869565,0.3554057971014492,0.3289710144927537,0.7285362318840578,0.688463768115942,0.1954057971014493,0.5169420289855072,0.1165652173913043,0.1626811594202898,0.3073768115942029,0.0622173913043478,0.4181449275362319,0.3205942028985507,0.3408260869565218,0.4765217391304348,0.3763333333333333,0.6292318840579709,0.4925652173913044,0.4772028985507246,0.3456086956521739,0.1514057971014492,0.1328405797101449,0.0694927536231884,0.1402898550724637,0.4504637681159419,0.0176086956521739,0.3272753623188406,409.27536231884056,78.46376811594203
all,2026-01-19,66.0,53.0,0.3831666666666666,0.282,0.2886969696969697,0.1772121212121212,0.1194848484848484,0.3259545454545454,0.2972424242424242,0.725939393939394,0.757939393939394,0.250469696969697,0.536621212121212,0.1257121212121212,0.2673181818181818,0.2559393939393938,0.0582878787878787,0.4129090909090909,0.3236666666666667,0.2927727272727272,0.5430757575757577,0.3152424242424242,0.630030303030303,0.4738787878787878,0.4488030303030303,0.3364848484848484,0.1608333333333333,0.0951969696969696,0.0771363636363636,0.1327727272727273,0.4435454545454546,0.0600492424242424,0.3571161616161616,508.9848484848485,97.74242424242424
all,2026-01-20,67.0,55.0,0.3706119402985074,0.2348507462686567,0.2575223880597014,0.1610447761194029,0.1356716417910447,0.3660149253731343,0.3283880597014926,0.7033432835820895,0.718044776119403,0.230910447761194,0.551134328358209,0.1354029850746269,0.291044776119403,0.3007014925373134,0.0844626865671641,0.3882985074626866,0.3255522388059702,0.3326716417910447,0.485776119402985,0.3373582089552239,0.6550298507462686,0.4831492537313432,0.4562835820895523,0.3396865671641791,0.1792686567164179,0.1296865671641791,0.0686417910447761,0.1424626865671641,0.4492686567164179,0.0051641791044776,0.3130547263681592,540.8507462686567,103.49253731343283
all,2026-01-21,74.0,59.0,0.4256486486486486,0.2955,0.2881891891891892,0.1763783783783784,0.1338648648648649,0.3913108108108107,0.3533108108108108,0.7347567567567568,0.7653783783783783,0.2440675675675675,0.5831891891891893,0.1635810810810811,0.2901216216216216,0.3365270270270271,0.0756486486486486,0.4695945945945945,0.3841756756756757,0.3513108108108108,0.5692297297297296,0.3197027027027027,0.6560810810810811,0.5123648648648649,0.4619594594594595,0.4262297297297296,0.1931756756756756,0.1288378378378378,0.0753108108108108,0.1680675675675675,0.4826081081081081,0.0338412162162162,0.3592072072072072,597.2432432432432,116.16216216216216
all,2026-01-22,75.0,57.0,0.4046266666666666,0.2774399999999999,0.3029333333333333,0.1764533333333333,0.1132266666666666,0.3870533333333333,0.3568266666666667,0.7071466666666666,0.7447600000000001,0.2584133333333333,0.5456533333333332,0.1387866666666666,0.2347999999999999,0.33884,0.0822266666666666,0.46104,0.3521333333333333,0.3677466666666666,0.5104266666666667,0.3310266666666666,0.6484666666666669,0.4690533333333334,0.4942133333333333,0.36088,0.1743866666666667,0.1394533333333333,0.08928,0.1599733333333333,0.4570399999999999,0.0402233333333333,0.37088,651.4666666666667,123.93333333333334
all,2026-01-23,72.0,50.0,0.3342361111111111,0.2257222222222221,0.2724166666666667,0.1751388888888888,0.1510555555555555,0.3245972222222222,0.3151944444444445,0.6617916666666667,0.6885,0.1984999999999999,0.4946666666666666,0.1160416666666666,0.2145972222222222,0.285,0.0673749999999999,0.40275,0.3210972222222222,0.3124444444444444,0.4994166666666666,0.3465416666666667,0.6006805555555556,0.4434583333333333,0.4393055555555555,0.3310972222222222,0.1714999999999999,0.1144583333333333,0.0720972222222222,0.1279027777777777,0.4259583333333333,0.0140520833333333,0.280662037037037,515.625,102.22222222222224
all,2026-01-24,69.0,58.0,0.3888985507246377,0.2835072463768116,0.3177101449275362,0.1890144927536232,0.1143768115942028,0.3647536231884057,0.3200144927536232,0.726695652173913,0.7556521739130435,0.2535217391304348,0.5872753623188407,0.1575797101449275,0.2510434782608696,0.3004782608695652,0.0614202898550724,0.4373188405797101,0.3019420289855072,0.3669130434782608,0.4569855072463769,0.2984927536231883,0.6857826086956521,0.4897101449275362,0.4947971014492752,0.3907826086956522,0.1759420289855072,0.1018985507246376,0.1108840579710144,0.1570579710144927,0.4570434782608696,0.0552173913043478,0.3730434782608696,704.7971014492754,135.8985507246377
all,2026-01-25,59.0,50.0,0.3823559322033898,0.2996779661016949,0.3107118644067796,0.204864406779661,0.124322033898305,0.375271186440678,0.3303389830508474,0.7188644067796611,0.7431186440677966,0.2352542372881355,0.5043559322033898,0.1683898305084745,0.2486440677966101,0.3246610169491525,0.0807118644067796,0.4441016949152542,0.3426440677966101,0.3528305084745762,0.516406779661017,0.3216101694915254,0.6473050847457626,0.500135593220339,0.5000169491525424,0.3524406779661018,0.1834406779661016,0.104593220338983,0.0995593220338982,0.1635423728813559,0.4592203389830508,0.0496059322033898,0.3544067796610169,602.1694915254237,117.15254237288136
all,2026-01-26,47.0,44.0,0.341468085106383,0.2839787234042553,0.3205531914893617,0.1938936170212766,0.1042765957446808,0.3729148936170211,0.3899148936170213,0.72,0.7157021276595744,0.2005531914893616,0.5514680851063829,0.143531914893617,0.2024680851063829,0.3607021276595744,0.1058297872340425,0.4509787234042554,0.3582978723404256,0.371063829787234,0.5224255319148935,0.3491489361702127,0.661531914893617,0.4549787234042553,0.5009148936170212,0.3703191489361702,0.1718510638297872,0.1168936170212765,0.0986382978723404,0.161063829787234,0.4661276595744681,0.046377659574468,0.3549645390070921,512.0,98.23404255319149
all,2026-01-27,65.0,58.0,0.4484461538461539,0.2909076923076923,0.3671076923076923,0.2092923076923077,0.0951692307692307,0.3582923076923077,0.3220615384615384,0.7232615384615385,0.7456923076923077,0.2271692307692307,0.562076923076923,0.1294153846153846,0.2214923076923076,0.3058307692307692,0.0730923076923076,0.4489846153846153,0.3301230769230769,0.3746461538461538,0.5023538461538463,0.2921538461538462,0.6703230769230769,0.4647384615384615,0.5106615384615384,0.3709384615384615,0.1658,0.1229076923076923,0.1750307692307692,0.1566153846153846,0.4537076923076923,0.1022076923076923,0.4252461538461538,671.5538461538462,128.36923076923077
all,2026-01-28,64.0,52.0,0.363546875,0.2841249999999999,0.3289999999999999,0.21459375,0.119828125,0.359734375,0.324453125,0.727578125,0.74771875,0.23078125,0.54353125,0.14075,0.235515625,0.3209687499999999,0.064375,0.408828125,0.30940625,0.35028125,0.473578125,0.286390625,0.60746875,0.446984375,0.50265625,0.33940625,0.18290625,0.1397031249999999,0.1313437499999999,0.157453125,0.4424374999999999,0.05803515625,0.3602604166666666,583.953125,112.328125
all,2026-01-29,70.0,56.0,0.3785428571428572,0.3184,0.3853142857142857,0.2135428571428571,0.1318,0.4028571428571429,0.3443285714285714,0.7478142857142857,0.7364285714285715,0.2445428571428571,0.6268428571428573,0.1434428571428571,0.1978142857142857,0.3530428571428571,0.0951142857142857,0.4355571428571428,0.3338285714285715,0.3706,0.5026285714285714,0.3194857142857144,0.6787428571428572,0.5094,0.4663857142857142,0.3682285714285714,0.1818,0.1224428571428571,0.0944285714285714,0.1730714285714286,0.4771142857142857,0.0566214285714285,0.3682952380952381,765.6,150.05714285714285
all,2026-01-30,52.0,42.0,0.3359999999999999,0.2295882352941176,0.2729999999999999,0.1798235294117647,0.0738627450980392,0.277156862745098,0.2622156862745098,0.7037254901960784,0.7351764705882354,0.1751372549019608,0.4982549019607842,0.1065294117647059,0.1575686274509803,0.2374901960784314,0.0349411764705882,0.3559607843137256,0.2495882352941176,0.266235294117647,0.4081568627450981,0.2398823529411765,0.5404117647058823,0.3500196078431372,0.5169999999999999,0.2733921568627451,0.129078431372549,0.072235294117647,0.0451960784313725,0.1324509803921569,0.4035098039215686,0.0790931372549019,0.3741960784313725,385.7692307692308,75.11538461538461
all,2026-01-31,61.0,49.0,0.4772459016393442,0.3525409836065574,0.4065901639344262,0.2381639344262295,0.1300983606557377,0.4427377049180328,0.3924098360655738,0.760672131147541,0.7525737704918033,0.2795573770491802,0.6897213114754099,0.1699016393442622,0.2883934426229507,0.3908032786885245,0.0807540983606557,0.5121475409836065,0.3731311475409836,0.4370163934426229,0.5201967213114754,0.3192295081967213,0.7485409836065573,0.5657049180327868,0.5151639344262294,0.4741967213114754,0.1808852459016393,0.1414918032786885,0.1022786885245901,0.2060327868852459,0.5153114754098361,0.0822172131147541,0.4153715846994535,873.3770491803278,170.04918032786884
all,2026-02-01,65.0,48.0,0.34296875,0.271921875,0.279046875,0.16046875,0.1536875,0.397015625,0.344265625,0.7292656249999999,0.6894375,0.219484375,0.549859375,0.140953125,0.233359375,0.308109375,0.102265625,0.447359375,0.371234375,0.369484375,0.5354531250000001,0.354453125,0.68325,0.490484375,0.4806875,0.364734375,0.171515625,0.1309999999999999,0.09528125,0.1546875,0.485515625,-0.01175,0.2834635416666666,568.7692307692307,110.86153846153846
all,2026-02-02,82.0,58.0,0.3834024390243903,0.2845487804878048,0.346170731707317,0.2077560975609755,0.1213414634146341,0.3931829268292683,0.3517073170731707,0.7583902439024389,0.7310121951219511,0.2171951219512194,0.6099878048780487,0.1245853658536585,0.2061097560975609,0.3049268292682927,0.0726829268292682,0.4483658536585365,0.3049024390243902,0.3761463414634146,0.4482317073170732,0.3395121951219512,0.6848048780487804,0.4518780487804877,0.4894024390243902,0.3895487804878049,0.1637439024390244,0.1417317073170731,0.1095243902439024,0.1480243902439024,0.4618170731707318,0.0482073170731707,0.365520325203252,556.7682926829268,110.32926829268293
all,2026-02-03,50.0,42.0,0.3247,0.22668,0.2788799999999999,0.16882,0.1445999999999999,0.34872,0.30646,0.71638,0.67664,0.1889999999999999,0.58338,0.13812,0.22718,0.27892,0.05936,0.41126,0.2957,0.3364,0.5212,0.38096,0.6358199999999999,0.46768,0.4883199999999999,0.32852,0.14514,0.1008199999999999,0.1131599999999999,0.14026,0.4322800000000001,0.00311,0.2821399999999999,664.68,131.38
all,2026-02-04,44.0,39.0,0.4266363636363636,0.3326363636363635,0.3348636363636363,0.234,0.1194545454545454,0.3725909090909091,0.3526590909090909,0.7544545454545456,0.7600454545454547,0.2521590909090909,0.5750909090909091,0.1495227272727272,0.1850681818181818,0.3089772727272727,0.0787045454545454,0.4680454545454546,0.3460454545454545,0.3547727272727272,0.514409090909091,0.3066590909090909,0.6656818181818183,0.4089772727272728,0.5388181818181819,0.3409545454545454,0.1716590909090909,0.0947499999999999,0.0440681818181818,0.1730909090909091,0.4743181818181818,0.0860113636363636,0.3877272727272727,572.0227272727273,110.22727272727272
all,2026-02-05,52.0,42.0,0.3653846153846155,0.2905576923076923,0.3382307692307693,0.1907884615384615,0.1117692307692307,0.3432884615384616,0.2924038461538462,0.682153846153846,0.7493461538461539,0.24675,0.5511923076923078,0.1514807692307692,0.2298653846153845,0.2918076923076923,0.0671923076923076,0.4081538461538461,0.3164423076923076,0.3165769230769231,0.4985769230769232,0.3022884615384616,0.6300192307692308,0.4549615384615385,0.4401538461538462,0.3588846153846152,0.1652692307692307,0.1262115384615384,0.1229230769230769,0.1438076923076923,0.4316153846153847,0.0687115384615384,0.3725512820512821,530.4038461538462,102.23076923076924
all,2026-02-06,52.0,45.0,0.3968846153846155,0.2988846153846153,0.3401153846153845,0.1905576923076923,0.1414615384615384,0.4020961538461539,0.3552115384615384,0.7344615384615385,0.7415576923076923,0.2504038461538461,0.6043076923076922,0.1402692307692307,0.2274423076923077,0.3254423076923077,0.100826923076923,0.4589038461538461,0.3597115384615384,0.3601538461538462,0.5153653846153845,0.3569615384615385,0.6533076923076924,0.4927692307692307,0.4871923076923076,0.3874615384615384,0.179326923076923,0.1462307692307692,0.0889807692307692,0.1801538461538461,0.4706346153846154,0.0348317307692307,0.3513910256410257,560.4038461538462,108.23076923076924
all,2026-02-07,56.0,50.0,0.382125,0.3317857142857142,0.3517321428571429,0.2032142857142857,0.15075,0.4193035714285714,0.3861964285714286,0.7139642857142857,0.6963214285714285,0.2738214285714285,0.5824285714285714,0.1713214285714286,0.2408214285714285,0.3606785714285714,0.0946071428571428,0.4773571428571428,0.3751607142857143,0.4174642857142857,0.5350178571428571,0.4079285714285715,0.7231785714285716,0.5120357142857143,0.4704821428571428,0.3694285714285714,0.2183035714285714,0.1696964285714285,0.1222857142857142,0.1902142857142857,0.4921071428571428,0.0321875,0.3259761904761905,729.2678571428571,134.5
all,2026-02-08,53.0,45.0,0.3872264150943396,0.2585094339622641,0.3208867924528301,0.1993018867924528,0.0906792452830188,0.3540566037735849,0.2984528301886792,0.733264150943396,0.7609999999999998,0.196377358490566,0.5779433962264151,0.1096037735849056,0.2640943396226414,0.2863207547169811,0.0530377358490566,0.4203207547169811,0.2914716981132075,0.3482264150943396,0.4158867924528302,0.2756792452830188,0.6669622641509433,0.4442830188679245,0.5018301886792453,0.390943396226415,0.1367735849056603,0.082754716981132,0.1291698113207547,0.151,0.4413584905660377,0.0691132075471698,0.3990251572327044,486.8867924528302,95.54716981132076
all,2026-02-09,57.0,46.0,0.4037857142857143,0.2871428571428572,0.296875,0.2125714285714285,0.1137678571428571,0.3752857142857143,0.3396964285714285,0.7384464285714285,0.7761071428571428,0.2600714285714285,0.5835178571428571,0.1796785714285714,0.2583749999999999,0.3626071428571428,0.0886964285714285,0.48325,0.3654464285714286,0.4426785714285714,0.482,0.301,0.6778571428571427,0.4978035714285714,0.4828392857142857,0.4084821428571428,0.200625,0.1464285714285714,0.0789642857142857,0.1540357142857143,0.4868035714285714,0.0555669642857142,0.3784880952380952,680.561403508772,125.28070175438596
all,2026-02-10,55.0,51.0,0.3511636363636363,0.2630727272727273,0.3079818181818182,0.1829818181818182,0.1265636363636363,0.3560363636363636,0.2997454545454545,0.6869818181818181,0.7193454545454546,0.2135636363636363,0.5725272727272728,0.1399090909090909,0.1918363636363636,0.3124363636363637,0.0749818181818181,0.3978,0.2826909090909091,0.3171090909090909,0.4561999999999999,0.3166909090909091,0.6039454545454546,0.4488363636363637,0.4156181818181818,0.3566363636363636,0.1644181818181818,0.0908363636363636,0.0853818181818181,0.1421090909090909,0.4283636363636364,0.0349999999999999,0.3329333333333333,492.1090909090909,96.43636363636364
all,2026-02-11,48.0,43.0,0.3358125,0.2695833333333333,0.2960833333333333,0.2074374999999999,0.1008125,0.3208958333333333,0.2844791666666666,0.6927708333333333,0.7433125,0.2086041666666667,0.5413541666666667,0.1180416666666666,0.2334583333333333,0.2616875,0.0675416666666666,0.3910625,0.2747708333333333,0.302125,0.41275,0.2935625,0.5886458333333333,0.397,0.4306875,0.3341041666666666,0.155125,0.1071041666666666,0.0917708333333333,0.1299583333333333,0.4041875000000001,0.066375,0.3575902777777777,444.4375,85.75
all,2026-02-12,49.0,38.0,0.3894897959183673,0.3287551020408163,0.3284285714285714,0.2307142857142857,0.1153265306122448,0.3829183673469388,0.3463469387755102,0.7269591836734695,0.7698571428571428,0.2568775510204081,0.5791632653061225,0.1573673469387755,0.2678979591836735,0.3642857142857143,0.1077551020408163,0.4537959183673469,0.3541020408163265,0.3950612244897959,0.487530612244898,0.3120612244897959,0.6668571428571429,0.4777755102040816,0.4780000000000001,0.3842857142857143,0.1888979591836734,0.1819591836734694,0.118,0.1754081632653061,0.4533877551020409,0.0702244897959183,0.3805986394557822,550.8775510204082,105.36734693877553
all,2026-02-13,56.0,47.0,0.374125,0.2779821428571428,0.3088571428571428,0.2004464285714286,0.1351428571428571,0.3726785714285713,0.3300714285714286,0.6869285714285713,0.7076964285714286,0.2270714285714286,0.5330178571428571,0.1351071428571428,0.2278035714285714,0.3080535714285713,0.0721964285714285,0.4137678571428571,0.3152857142857143,0.319125,0.46875,0.3458214285714285,0.6131428571428571,0.42375,0.5123928571428572,0.3282321428571428,0.1883392857142857,0.1285535714285714,0.0906249999999999,0.1663214285714285,0.4578392857142857,0.0364419642857142,0.3284166666666666,570.5535714285714,108.98214285714286
all,2026-02-14,63.0,52.0,0.355111111111111,0.2819999999999999,0.294968253968254,0.1833968253968254,0.1379999999999999,0.3695079365079364,0.3371587301587302,0.7263650793650792,0.7154761904761904,0.2451904761904762,0.5092063492063493,0.1608253968253968,0.2957142857142857,0.3512380952380952,0.0935396825396825,0.4292698412698413,0.3486031746031746,0.3333809523809523,0.5457936507936507,0.3291587301587302,0.6274761904761904,0.460984126984127,0.4604444444444444,0.3504126984126984,0.1846666666666667,0.1130952380952381,0.142047619047619,0.171015873015873,0.472047619047619,0.0251150793650793,0.3171851851851852,674.984126984127,131.87301587301587
all,2026-02-15,51.0,41.0,0.35582,0.25764,0.2812599999999999,0.19176,0.15494,0.3647999999999999,0.32584,0.6907800000000001,0.7341400000000001,0.2152,0.5196000000000001,0.12392,0.2220999999999999,0.29684,0.09202,0.4195199999999999,0.2984799999999999,0.32222,0.46366,0.31776,0.62202,0.4271399999999999,0.46194,0.3515399999999999,0.16492,0.12906,0.0779,0.15224,0.4453399999999999,0.0117499999999999,0.3021333333333333,686.0196078431372,132.7450980392157
all,2026-02-16,61.0,55.0,0.426655737704918,0.3171967213114753,0.3429508196721311,0.2204262295081966,0.1232622950819672,0.3927213114754098,0.3538688524590163,0.7382950819672132,0.7657704918032786,0.2588032786885246,0.5817049180327868,0.1561967213114754,0.2774918032786884,0.3702459016393443,0.0958360655737704,0.4631311475409835,0.3697377049180328,0.3727049180327868,0.4982786885245902,0.3211311475409837,0.6667377049180327,0.5132950819672131,0.5100819672131148,0.3780491803278689,0.1952950819672131,0.1345573770491803,0.1163934426229508,0.1947540983606557,0.4911967213114753,0.0688155737704917,0.3885300546448088,640.8360655737705,124.67213114754098
all,2026-02-17,63.0,54.0,0.3958412698412698,0.297111111111111,0.3429047619047619,0.2006507936507936,0.1221111111111111,0.3921746031746032,0.3520317460317459,0.7337777777777778,0.7391746031746032,0.2811111111111111,0.6009682539682538,0.1859365079365079,0.2357777777777778,0.3543968253968254,0.0712539682539682,0.4624603174603174,0.3404603174603174,0.4018095238095238,0.4731904761904761,0.2975555555555555,0.6748888888888889,0.499063492063492,0.5334444444444444,0.357126984126984,0.1928888888888889,0.1519365079365079,0.1052380952380952,0.1806349206349206,0.4853650793650793,0.0519841269841269,0.3705291005291005,676.047619047619,131.71428571428572
all,2026-02-18,60.0,47.0,0.2983,0.2401166666666667,0.2781,0.1612166666666666,0.1318166666666666,0.3534500000000001,0.3050166666666666,0.72665,0.6894500000000001,0.1911166666666666,0.52085,0.1289666666666666,0.1696666666666666,0.28475,0.0606,0.4206499999999999,0.3275833333333333,0.3332500000000001,0.4831666666666667,0.3463166666666667,0.6211500000000001,0.4549666666666666,0.4993166666666667,0.3518166666666666,0.1491666666666666,0.1138499999999999,0.1401,0.1433333333333333,0.4468666666666667,0.0018,0.2901333333333333,410.9,79.45
all,2026-02-19,60.0,50.0,0.355542372881356,0.2699830508474576,0.3322033898305085,0.1683559322033898,0.116728813559322,0.3537118644067796,0.3158474576271186,0.6908813559322033,0.725050847457627,0.2357966101694915,0.4576101694915254,0.124593220338983,0.233728813559322,0.3089152542372881,0.0646610169491525,0.4184237288135593,0.3460677966101694,0.3246440677966102,0.4879322033898305,0.3117966101694915,0.6065932203389832,0.4502711864406779,0.4431186440677966,0.3112372881355931,0.1567796610169491,0.1194745762711864,0.0848813559322033,0.1486101694915254,0.4461864406779661,0.0463008474576271,0.3542033898305084,562.5666666666667,104.93333333333334
all,2026-02-20,48.0,38.0,0.4197234042553192,0.3493191489361702,0.3651702127659574,0.2326170212765957,0.0957021276595744,0.3775106382978724,0.3544255319148936,0.7394468085106384,0.7955531914893617,0.2667446808510638,0.557468085106383,0.1760425531914893,0.238063829787234,0.323,0.0906595744680851,0.4418723404255319,0.3581914893617021,0.346595744680851,0.5324468085106383,0.2743829787234042,0.6597021276595745,0.4703191489361702,0.5101702127659575,0.3727872340425532,0.1758723404255319,0.1270212765957447,0.0811914893617021,0.1743617021276595,0.4647872340425532,0.1051010638297872,0.4311134751773051,587.9166666666666,112.75
all,2026-02-21,59.0,46.0,0.3540689655172414,0.2555344827586207,0.3193965517241379,0.2005689655172414,0.1382931034482758,0.3586551724137931,0.3046379310344827,0.7162931034482759,0.7402241379310344,0.2281206896551724,0.5697586206896552,0.1574827586206896,0.1914827586206896,0.2911551724137931,0.0571896551724138,0.408448275862069,0.2917413793103448,0.339448275862069,0.4579137931034482,0.3040344827586206,0.6164655172413794,0.4184827586206896,0.4617758620689655,0.3205172413793103,0.179603448275862,0.1275862068965517,0.1037758620689655,0.1391724137931034,0.4460517241379311,0.0339181034482758,0.3329367816091954,521.0508474576271,98.20338983050848
all,2026-02-22,65.0,56.0,0.3752461538461539,0.2859538461538461,0.3411384615384615,0.1852615384615384,0.1189846153846153,0.3778307692307693,0.3423538461538462,0.7122615384615385,0.746,0.2207384615384615,0.5767692307692307,0.1561230769230769,0.2225230769230769,0.3253692307692308,0.0737076923076923,0.4267846153846154,0.3304461538461538,0.3720615384615385,0.4958153846153846,0.3215076923076923,0.6491692307692308,0.4766153846153846,0.4670615384615385,0.3649230769230769,0.1697846153846153,0.1210153846153846,0.0957846153846154,0.1490153846153846,0.4552,0.0484923076923076,0.3684769230769231,632.5538461538462,120.0
all,2026-02-23,52.0,45.0,0.3589019607843137,0.2343333333333333,0.2403725490196078,0.1724313725490196,0.108313725490196,0.3361764705882353,0.3250196078431372,0.7171960784313723,0.7593137254901962,0.1973725490196078,0.4843333333333333,0.1144901960784313,0.2108039215686274,0.3064313725490196,0.0638039215686274,0.400392156862745,0.3150392156862745,0.3446274509803921,0.4517254901960784,0.2783725490196078,0.6088039215686274,0.4172941176470588,0.4955294117647058,0.3355490196078431,0.1777254901960784,0.0928431372549019,0.0849411764705882,0.1341176470588235,0.4381764705882353,0.0292647058823529,0.3445490196078431,487.3269230769231,92.78846153846152
all,2026-02-24,54.0,43.0,0.3401296296296296,0.2285185185185184,0.2687407407407407,0.1452222222222222,0.1353148148148148,0.3727962962962963,0.3537037037037037,0.716777777777778,0.7003518518518519,0.2319259259259258,0.5341666666666668,0.141574074074074,0.2670740740740741,0.3173333333333333,0.0792962962962962,0.4112777777777778,0.3511111111111111,0.3141481481481482,0.534537037037037,0.3929444444444445,0.6061851851851853,0.4600740740740741,0.4918148148148148,0.3483333333333334,0.1850925925925926,0.1404629629629629,0.1308888888888889,0.1554259259259259,0.4655555555555555,-0.0084027777777777,0.3010925925925927,596.6481481481482,113.61111111111111
all,2026-02-25,61.0,50.0,0.4117333333333333,0.27545,0.3047166666666666,0.19965,0.1157333333333333,0.3485166666666666,0.3189999999999999,0.7381833333333332,0.7633,0.2174666666666667,0.4741499999999999,0.1299166666666666,0.19695,0.3032166666666666,0.0683,0.4256166666666666,0.3138333333333332,0.3151166666666666,0.4681,0.2705833333333333,0.6262666666666666,0.4554333333333333,0.5022500000000001,0.3389666666666667,0.1544333333333333,0.0852,0.0897833333333333,0.1589833333333333,0.4612666666666666,0.0657625,0.3775166666666666,482.7049180327869,96.24590163934428
all,2026-02-26,46.0,38.0,0.2884222222222222,0.2456222222222222,0.2968888888888888,0.1736666666666666,0.1071999999999999,0.3042222222222222,0.2915999999999999,0.6679333333333333,0.6759333333333334,0.1774444444444444,0.5110666666666667,0.1143777777777777,0.1740444444444444,0.2537555555555555,0.0590666666666666,0.3675777777777778,0.3014,0.2525333333333333,0.4942888888888888,0.3276222222222222,0.5617333333333334,0.379,0.4638666666666665,0.3487111111111111,0.1651333333333333,0.0918,0.1423555555555555,0.1416666666666667,0.4163777777777777,0.0454388888888888,0.3132148148148148,449.4130434782609,87.58695652173913
all,2026-02-27,49.0,33.0,0.3305714285714285,0.2347755102040816,0.2846122448979591,0.1773877551020408,0.0914285714285714,0.2921224489795919,0.2619183673469387,0.7118775510204082,0.7299387755102041,0.1699591836734693,0.4734081632653061,0.1146530612244898,0.1614081632653061,0.2209591836734693,0.0679387755102041,0.3848571428571428,0.2506734693877551,0.3065102040816327,0.3727959183673469,0.3181224489795918,0.5801836734693878,0.4119183673469387,0.4914081632653061,0.2955510204081633,0.1367551020408163,0.0722857142857142,0.0573265306122449,0.1235102040816326,0.4245102040816326,0.0650612244897959,0.3569455782312924,442.59183673469386,88.34693877551021
all,2026-02-28,64.0,52.0,0.3802063492063492,0.2818730158730158,0.2918095238095238,0.1888888888888888,0.1087301587301587,0.334,0.3111269841269841,0.7265396825396825,0.7624444444444445,0.2302698412698413,0.5093492063492063,0.1482063492063492,0.1975873015873016,0.2812698412698412,0.0541269841269841,0.4297301587301587,0.2931428571428571,0.3553174603174603,0.4662539682539683,0.3053809523809524,0.6340317460317461,0.4717460317460318,0.4824603174603175,0.3359206349206348,0.1771428571428571,0.1231111111111111,0.1211269841269841,0.1466507936507936,0.4347936507936508,0.064329365079365,0.3694232804232804,717.390625,141.34375
all,2026-03-01,52.0,45.0,0.3441346153846154,0.2345192307692307,0.2814807692307692,0.1698461538461538,0.1252884615384615,0.3466538461538461,0.3154230769230768,0.6855384615384614,0.7033269230769231,0.2172692307692307,0.47925,0.16,0.2134615384615384,0.2998461538461539,0.0746923076923077,0.3919615384615384,0.3126730769230769,0.325076923076923,0.4787499999999999,0.3364230769230769,0.5995576923076922,0.4064807692307691,0.4724423076923077,0.3409807692307691,0.1892884615384615,0.1500961538461538,0.1300576923076923,0.1566346153846153,0.4506153846153846,0.0215240384615384,0.3176923076923076,573.6538461538462,110.84615384615384
all,2026-03-02,76.0,56.0,0.315907894736842,0.2581973684210526,0.2614736842105262,0.1876710526315789,0.1232631578947368,0.3120394736842105,0.299328947368421,0.6805789473684211,0.6657368421052631,0.1885131578947368,0.4916973684210526,0.1145657894736842,0.1865394736842105,0.2635263157894736,0.0454078947368421,0.3766184210526315,0.2784078947368421,0.2980131578947368,0.4092763157894736,0.3886447368421052,0.5929473684210527,0.3897105263157895,0.477,0.3163684210526316,0.1498552631578947,0.087578947368421,0.1127894736842105,0.1245526315789473,0.42,0.0381611842105263,0.291109649122807,453.5657894736842,88.40789473684211
all,2026-03-03,47.0,38.0,0.4054255319148936,0.2624255319148936,0.2695531914893617,0.220595744680851,0.2028297872340425,0.3720638297872339,0.3749148936170213,0.7179787234042553,0.7097659574468084,0.2579574468085106,0.5500425531914893,0.1756808510638297,0.2181489361702128,0.3078936170212766,0.068127659574468,0.438659574468085,0.3395957446808511,0.3021276595744681,0.5597446808510639,0.3649787234042552,0.5956808510638297,0.4187021276595745,0.5364468085106383,0.3868297872340426,0.1904042553191489,0.1351702127659574,0.0987872340425531,0.1799574468085106,0.4807872340425531,0.0020531914893617,0.2587517730496454,665.9574468085107,130.38297872340425
all,2026-03-04,56.0,49.0,0.3743090909090909,0.2845090909090909,0.3163818181818181,0.1975818181818182,0.1079272727272727,0.3195272727272727,0.3007454545454545,0.6881818181818182,0.7876727272727272,0.2215636363636363,0.5147454545454545,0.1411272727272727,0.2714545454545454,0.2761818181818182,0.1093090909090909,0.3851272727272727,0.3148181818181818,0.3034727272727273,0.4850363636363636,0.2856,0.5599090909090909,0.4288,0.4479999999999999,0.343690909090909,0.2013818181818182,0.1223090909090909,0.1060545454545454,0.1510727272727272,0.4218909090909091,0.0794681818181818,0.384860606060606,573.8392857142857,108.07142857142856
all,2026-03-05,48.0,39.0,0.3350416666666667,0.2161875,0.25025,0.1432291666666666,0.0899166666666666,0.3032291666666666,0.2762291666666667,0.6784583333333334,0.7356875,0.170625,0.4361874999999999,0.0950833333333333,0.2437291666666667,0.2790625,0.0732708333333333,0.3818749999999999,0.2987916666666667,0.3092291666666666,0.4230833333333333,0.2911458333333333,0.5577916666666667,0.4149166666666666,0.4344375,0.2782083333333333,0.1676875,0.091,0.0309583333333333,0.1428124999999999,0.4222083333333333,0.0396041666666666,0.3504097222222222,487.5625,93.39583333333331
all,2026-03-06,39.0,35.0,0.3696153846153845,0.302025641025641,0.2821794871794871,0.2089487179487179,0.0911025641025641,0.3191794871794872,0.2941794871794871,0.6979743589743589,0.7449999999999999,0.2448974358974359,0.4964871794871796,0.128,0.2343333333333333,0.2918461538461538,0.058025641025641,0.4161025641025641,0.2835641025641025,0.3473333333333334,0.4081282051282052,0.2929487179487179,0.5936410256410257,0.4127435897435897,0.4685384615384615,0.306,0.1694358974358974,0.1249230769230768,0.0846923076923076,0.1334102564102564,0.4186923076923076,0.085551282051282,0.3744957264957265,507.7435897435897,96.33333333333331
all,2026-03-07,53.0,42.0,0.3711698113207547,0.2920188679245283,0.3140754716981132,0.203566037735849,0.1553584905660377,0.4010377358490566,0.3765471698113207,0.7480377358490566,0.6667169811320754,0.2417358490566038,0.5518113207547171,0.1536415094339622,0.2250943396226415,0.3097169811320755,0.0560188679245283,0.4738679245283018,0.3747358490566037,0.3200377358490566,0.5646226415094341,0.3707547169811321,0.6510188679245283,0.4800566037735849,0.514320754716981,0.3734150943396225,0.1893018867924528,0.1039056603773584,0.1275849056603773,0.1854528301886792,0.5077735849056604,0.0170094339622641,0.2952955974842767,631.9433962264151,126.16981132075472
all,2026-03-08,68.0,59.0,0.3571323529411764,0.2064264705882352,0.2249558823529411,0.1525,0.0663235294117647,0.2430294117647058,0.2385735294117647,0.6483676470588238,0.7316617647058824,0.1926029411764705,0.4378970588235295,0.0925441176470588,0.1776470588235294,0.1784558823529412,0.0266911764705882,0.3676911764705882,0.2343382352941176,0.2530294117647059,0.37,0.2698235294117647,0.5116617647058824,0.3164264705882353,0.4600441176470588,0.3168970588235294,0.1184705882352941,0.0444411764705882,0.1041029411764705,0.103485294117647,0.3841323529411764,0.0805772058823529,0.3715931372549019,456.4117647058824,91.69117647058825
all,2026-03-09,57.0,47.0,0.3396491228070175,0.2473157894736842,0.285438596491228,0.1885614035087719,0.1152631578947368,0.3193508771929824,0.2871228070175438,0.7022982456140351,0.7208245614035087,0.2073333333333333,0.4797543859649122,0.1224035087719298,0.2172456140350877,0.241859649122807,0.0514561403508771,0.3812631578947368,0.2760877192982456,0.3000526315789473,0.4462456140350877,0.2803859649122807,0.5916140350877194,0.350719298245614,0.4484561403508771,0.3109649122807017,0.1506491228070175,0.0885263157894736,0.0744736842105263,0.147298245614035,0.4408421052631579,0.0479342105263157,0.3333742690058479,566.0877192982456,112.01754385964912
all,2026-03-10,51.0,42.0,0.3646862745098039,0.2784313725490196,0.3114901960784313,0.1930980392156862,0.1231764705882352,0.3608235294117647,0.3278627450980392,0.7321176470588235,0.6760588235294116,0.206921568627451,0.5567450980392157,0.1319607843137254,0.2058627450980392,0.2868823529411764,0.1013725490196078,0.4249803921568627,0.3158823529411764,0.3317843137254903,0.431,0.3754705882352942,0.6419607843137255,0.4782745098039215,0.523,0.3652941176470589,0.1606078431372549,0.0931176470588235,0.1259215686274509,0.1514901960784314,0.4465294117647059,0.0449264705882352,0.3275686274509803,547.3529411764706,104.84313725490196
all,2026-03-11,51.0,44.0,0.4352857142857142,0.3350000000000001,0.3692653061224489,0.205469387755102,0.1338979591836734,0.4133469387755102,0.3821632653061224,0.721142857142857,0.7967551020408165,0.2964489795918367,0.6302653061224489,0.1579387755102041,0.3117551020408163,0.34,0.0929999999999999,0.4657755102040816,0.3736122448979591,0.371469387755102,0.5541020408163266,0.3324285714285714,0.648530612244898,0.5043877551020408,0.4473877551020407,0.3647142857142857,0.2040816326530612,0.1579183673469387,0.0978775510204081,0.1702857142857142,0.4825510204081633,0.0626326530612245,0.3998707482993197,695.5686274509804,135.80392156862746
all,2026-03-12,48.0,37.0,0.3673829787234042,0.2547021276595744,0.2760851063829787,0.1630851063829787,0.0976170212765957,0.2892340425531915,0.259531914893617,0.6986595744680851,0.8089148936170213,0.264468085106383,0.5583404255319149,0.0890425531914893,0.2202765957446808,0.2375744680851063,0.0456170212765957,0.3476808510638298,0.2768936170212766,0.237063829787234,0.5107446808510638,0.2282765957446808,0.5420425531914893,0.3626382978723403,0.4311489361702127,0.3331702127659575,0.1624680851063829,0.1198510638297872,0.074063829787234,0.1273191489361702,0.4253617021276595,0.0718882978723404,0.3865106382978723,466.1458333333333,90.16666666666669
all,2026-03-13,60.0,52.0,0.3737758620689655,0.2492413793103448,0.2568965517241379,0.1877758620689655,0.0751551724137931,0.2829310344827586,0.2436724137931034,0.7019655172413792,0.7752586206896553,0.207103448275862,0.5032241379310345,0.0850862068965517,0.1946896551724138,0.2639310344827586,0.0358448275862069,0.3940172413793103,0.2600862068965517,0.2555689655172413,0.4322586206896551,0.2264310344827586,0.595103448275862,0.3614137931034483,0.4857758620689655,0.3325172413793103,0.1229310344827586,0.0714655172413793,0.0869137931034482,0.1371551724137931,0.4383103448275862,0.0878793103448276,0.3934885057471264,494.6166666666667,98.55
all,2026-03-14,39.0,34.0,0.3877222222222222,0.2234166666666666,0.2886944444444445,0.1495555555555555,0.1095,0.3345555555555555,0.2681666666666666,0.7338333333333333,0.7203055555555556,0.1935555555555556,0.5695277777777776,0.0955833333333333,0.2212499999999999,0.2364722222222222,0.0346944444444444,0.4077222222222221,0.2893055555555555,0.2821666666666667,0.4578055555555556,0.2798611111111111,0.5785833333333334,0.4189444444444444,0.537361111111111,0.4143055555555556,0.1096666666666666,0.0719722222222222,0.1315555555555555,0.1368055555555555,0.4226111111111111,0.0403194444444444,0.356074074074074,509.12820512820514,100.4102564102564
all,2026-03-15,63.0,50.0,0.4096031746031746,0.2901428571428572,0.306952380952381,0.1896349206349206,0.0956666666666666,0.3522380952380953,0.3265555555555556,0.7338730158730159,0.7591587301587303,0.2268095238095238,0.5654603174603173,0.1263333333333333,0.2111428571428571,0.2917301587301587,0.0595714285714285,0.4371587301587301,0.3112857142857143,0.3846190476190476,0.4918571428571427,0.2943015873015873,0.6570952380952381,0.4818095238095238,0.4767619047619048,0.3435238095238095,0.1586825396825397,0.1172222222222222,0.0755555555555555,0.1475079365079365,0.4544603174603174,0.0751309523809523,0.3962380952380951,475.6825396825397,91.015873015873
all,2026-03-16,55.0,44.0,0.4409272727272726,0.2623090909090909,0.3154545454545454,0.2118909090909091,0.0947454545454545,0.3051818181818181,0.2948545454545454,0.7026363636363637,0.7774727272727272,0.2304363636363636,0.5280727272727274,0.1115272727272727,0.2152727272727272,0.2840545454545454,0.0430727272727272,0.4006909090909091,0.2689454545454546,0.3243272727272727,0.4410727272727273,0.2433636363636364,0.5947818181818182,0.3570545454545455,0.4748363636363636,0.338,0.1319818181818181,0.0702363636363636,0.0555090909090909,0.1341090909090908,0.4456181818181817,0.1076818181818182,0.4165393939393939,523.5454545454545,103.12727272727273
all,2026-03-17,67.0,52.0,0.3665970149253731,0.2580597014925372,0.317910447761194,0.1872238805970149,0.0950149253731343,0.3210149253731343,0.2906268656716418,0.687910447761194,0.7647164179104478,0.244,0.5168656716417911,0.1648507462686567,0.2118059701492537,0.2638656716417911,0.0522686567164179,0.4112985074626865,0.3093880597014926,0.3042686567164179,0.4664776119402984,0.2848059701492537,0.5975820895522387,0.4666567164179103,0.4324477611940298,0.3186417910447761,0.1533432835820895,0.0773731343283582,0.0782686567164179,0.1386716417910448,0.4443582089552239,0.0744328358208955,0.3880597014925373,425.0597014925373,81.49253731343283
all,2026-03-18,55.0,45.0,0.3648888888888888,0.2324074074074073,0.2578333333333333,0.1953703703703704,0.1135555555555555,0.2830185185185185,0.2595185185185185,0.6989814814814813,0.7232407407407406,0.2183888888888888,0.5044444444444444,0.1640925925925926,0.2352777777777777,0.2686851851851851,0.0607962962962962,0.379537037037037,0.2899814814814814,0.2648703703703703,0.4470370370370369,0.2844444444444444,0.5549999999999999,0.3953148148148148,0.5383888888888888,0.339037037037037,0.158574074074074,0.0919259259259259,0.1343148148148147,0.154,0.4335,0.0643379629629629,0.3350987654320987,557.8,109.21818181818182
all,2026-03-19,52.0,45.0,0.3850196078431372,0.3511960784313725,0.3230196078431372,0.1969411764705882,0.1018235294117647,0.3376666666666666,0.3062352941176471,0.7578235294117649,0.7857843137254901,0.2284313725490195,0.5586470588235294,0.1685294117647058,0.1907058823529411,0.3173921568627451,0.0534509803921568,0.4319607843137255,0.3126470588235294,0.3353529411764706,0.4830588235294118,0.2696274509803921,0.6415294117647059,0.4871372549019608,0.5315686274509803,0.3303921568627451,0.157,0.1145882352941176,0.0542549019607843,0.1440980392156862,0.4386078431372548,0.0942990196078431,0.3961176470588236,623.2692307692307,119.84615384615384
all,2026-03-20,46.0,34.0,0.432695652173913,0.2587826086956521,0.2856304347826087,0.1849347826086956,0.129695652173913,0.3609130434782608,0.3501521739130435,0.7515652173913046,0.7853478260869565,0.2431521739130435,0.5356521739130435,0.1208260869565217,0.2115869565217391,0.2623043478260869,0.0621739130434782,0.4409347826086956,0.3293478260869565,0.3439130434782608,0.5436304347826088,0.3381086956521739,0.6789782608695651,0.4708913043478261,0.5065217391304347,0.3774130434782609,0.1632173913043478,0.1327608695652174,0.0501739130434782,0.1510217391304348,0.4699347826086956,0.0452065217391304,0.3715289855072464,504.0,98.67391304347828
all,2026-03-21,51.0,45.0,0.386,0.3358823529411765,0.3753333333333333,0.2008823529411764,0.1157647058823529,0.384156862745098,0.3509803921568627,0.704,0.7394705882352941,0.2435098039215686,0.642764705882353,0.1363921568627451,0.1811764705882352,0.324156862745098,0.0760196078431372,0.4688039215686275,0.3529607843137255,0.3823333333333333,0.5393137254901961,0.3073725490196078,0.6969215686274509,0.5159019607843138,0.4485490196078431,0.3886862745098038,0.1643529411764706,0.1268039215686274,0.0910588235294117,0.1708235294117647,0.4715098039215685,0.074563725490196,0.3845032679738562,599.0588235294117,115.52941176470588
all,2026-03-22,64.0,50.0,0.341140625,0.218921875,0.25884375,0.172078125,0.104328125,0.309890625,0.3073437499999999,0.672453125,0.698109375,0.2089687499999999,0.5194218749999999,0.14778125,0.1929843749999999,0.253,0.048375,0.3916874999999999,0.2814062499999999,0.2884375,0.444015625,0.319921875,0.580515625,0.404890625,0.47446875,0.33121875,0.1790312499999999,0.08540625,0.1090624999999999,0.138140625,0.4189375,0.04063671875,0.3283697916666667,501.203125,96.640625
all,2026-03-23,56.0,44.0,0.3840892857142857,0.3025357142857143,0.3306964285714285,0.2057678571428571,0.1350892857142857,0.3877321428571428,0.3504464285714285,0.6995892857142857,0.7106964285714286,0.238375,0.547375,0.1421428571428571,0.2369285714285714,0.3441428571428571,0.0752857142857142,0.4459464285714286,0.3531249999999999,0.3672857142857142,0.4948571428571428,0.3125714285714285,0.6569642857142858,0.4917499999999999,0.4495892857142857,0.3606071428571429,0.1677142857142857,0.1106249999999999,0.0984464285714285,0.1799285714285714,0.4796785714285714,0.0443616071428571,0.3400714285714286,649.75,125.76785714285714
all,2026-03-24,54.0,43.0,0.2967037037037037,0.2238888888888888,0.2416851851851852,0.140574074074074,0.1507777777777777,0.3341111111111111,0.3169629629629629,0.6801481481481483,0.6665925925925926,0.1986481481481481,0.5902962962962963,0.1193703703703703,0.1820555555555555,0.2497037037037037,0.0656481481481481,0.4028148148148147,0.2971111111111111,0.2985555555555556,0.4715185185185185,0.3639629629629629,0.6275,0.418425925925926,0.4399259259259259,0.3748703703703704,0.1424259259259259,0.1202962962962963,0.1059629629629629,0.1219814814814814,0.4089074074074074,-0.0167314814814814,0.2508827160493827,500.7037037037037,97.24074074074076
all,2026-03-25,49.0,39.0,0.4735510204081632,0.2590408163265306,0.3472653061224489,0.2363265306122448,0.0843877551020408,0.281530612244898,0.2619591836734694,0.7478571428571429,0.7851020408163266,0.2240204081632653,0.5482857142857143,0.0923061224489796,0.2053673469387754,0.2445510204081633,0.0594489795918367,0.3913061224489795,0.2645102040816326,0.286469387755102,0.4452653061224489,0.2384081632653061,0.5961224489795919,0.4240408163265307,0.5004081632653061,0.3277346938775509,0.114204081632653,0.0769591836734694,0.0373673469387755,0.139204081632653,0.4195510204081633,0.1460867346938775,0.4509183673469387,630.734693877551,123.79591836734694
all,2026-03-26,45.0,39.0,0.3951555555555555,0.2396,0.3213999999999999,0.2239777777777777,0.1147555555555555,0.3446222222222222,0.3032666666666667,0.7318666666666668,0.7573111111111109,0.2142888888888889,0.5494444444444444,0.0985555555555555,0.1777999999999999,0.2934666666666667,0.0568222222222222,0.4092888888888888,0.2631333333333333,0.3191555555555556,0.4489777777777778,0.3,0.6051333333333333,0.4059111111111111,0.4948666666666666,0.3024666666666666,0.1436666666666666,0.1090222222222222,0.1018444444444444,0.1440666666666666,0.4374666666666665,0.0653444444444444,0.3765333333333334,486.02222222222224,97.57777777777778
all,2026-03-27,61.0,43.0,0.3597868852459016,0.2153770491803278,0.2857049180327868,0.1629344262295082,0.090655737704918,0.2922786885245901,0.2687540983606556,0.6514754098360654,0.7084426229508196,0.2017049180327869,0.5075573770491804,0.0865081967213114,0.1883770491803278,0.2416065573770492,0.0414098360655737,0.3652622950819671,0.2517868852459016,0.2572459016393442,0.4496229508196721,0.286655737704918,0.5505081967213115,0.3990655737704917,0.4516065573770491,0.3059016393442622,0.1240655737704918,0.0637540983606557,0.1150327868852458,0.1289180327868852,0.4110327868852458,0.064483606557377,0.360655737704918,453.9508196721312,89.52459016393442
all,2026-03-28,46.0,39.0,0.395891304347826,0.2682173913043479,0.3034130434782608,0.1878260869565217,0.1085652173913043,0.3418695652173913,0.312304347826087,0.7221086956521741,0.7137173913043479,0.2104565217391304,0.5302391304347825,0.1108260869565217,0.2292608695652173,0.2916521739130434,0.0556739130434782,0.4348478260869564,0.290695652173913,0.3598478260869565,0.448695652173913,0.3278478260869565,0.6421739130434784,0.4442173913043478,0.5003695652173912,0.3311086956521739,0.1703043478260869,0.1134782608695652,0.0776521739130434,0.1494782608695652,0.4404782608695653,0.0636195652173913,0.3624420289855072,623.195652173913,121.41304347826087
all,2026-03-29,43.0,41.0,0.4283953488372093,0.2884651162790698,0.3479767441860465,0.199906976744186,0.1476279069767442,0.3710697674418605,0.366906976744186,0.7187441860465116,0.7084186046511629,0.2320232558139535,0.5604883720930233,0.1334418604651162,0.2128372093023255,0.3033023255813953,0.1014418604651162,0.4433488372093023,0.3396279069767442,0.3912558139534884,0.5187674418604652,0.3401162790697674,0.6878604651162791,0.5112558139534884,0.4679302325581396,0.3600232558139535,0.1843023255813953,0.1215348837209302,0.0667441860465116,0.1493023255813953,0.4576279069767442,0.0568372093023255,0.3473023255813953,610.4651162790698,118.25581395348836
all,2026-03-30,51.0,41.0,0.3909411764705883,0.2936078431372549,0.3369411764705882,0.2047647058823529,0.1011372549019607,0.3522352941176471,0.3535490196078431,0.7343725490196079,0.7682352941176472,0.2389999999999999,0.564843137254902,0.1198235294117647,0.1854509803921568,0.3025098039215686,0.0947058823529411,0.416156862745098,0.3218627450980392,0.3236078431372549,0.5271176470588236,0.3205098039215686,0.6351176470588237,0.488,0.4980588235294118,0.3934313725490196,0.1879411764705882,0.129156862745098,0.1346078431372548,0.1607843137254901,0.4578235294117648,0.0798774509803921,0.3975686274509803,696.5098039215686,137.64705882352942
all,2026-03-31,49.0,41.0,0.323938775510204,0.2594897959183674,0.2552857142857143,0.1947959183673469,0.1028367346938775,0.3155714285714286,0.2835714285714286,0.6728571428571429,0.7033469387755101,0.2410816326530612,0.5165714285714286,0.1282857142857143,0.2230204081632653,0.2541020408163265,0.0574489795918367,0.3764285714285713,0.2799591836734693,0.295469387755102,0.4578367346938776,0.3156734693877551,0.5855714285714285,0.3972857142857142,0.4715510204081632,0.3274897959183673,0.1475102040816326,0.1171020408163265,0.0911836734693877,0.1426734693877551,0.4402244897959184,0.0491734693877551,0.324687074829932,425.265306122449,84.36734693877551
all,2026-04-01,45.0,39.0,0.4336590909090909,0.2753181818181818,0.3449545454545454,0.2123409090909091,0.1557727272727272,0.3784318181818182,0.3379545454545454,0.7366590909090909,0.7531818181818182,0.2555909090909091,0.58275,0.16875,0.2788181818181818,0.3378409090909091,0.0715,0.447,0.3543863636363636,0.3098636363636364,0.5697727272727272,0.3218863636363637,0.6495454545454545,0.5131136363636363,0.4908409090909091,0.4240227272727273,0.1863636363636363,0.1063863636363636,0.1249772727272727,0.1798863636363636,0.481159090909091,0.049465909090909,0.3548257575757575,682.2,133.84444444444443
all,2026-04-02,48.0,41.0,0.3165833333333333,0.2261874999999999,0.2767708333333333,0.1428124999999999,0.1301458333333333,0.3632083333333333,0.3257083333333334,0.6957916666666667,0.6726666666666666,0.1698958333333333,0.5381041666666667,0.1241875,0.1673124999999999,0.2496666666666667,0.0702291666666666,0.3900208333333333,0.2842083333333333,0.2815416666666666,0.466375,0.3933541666666666,0.6318541666666666,0.4720416666666667,0.4572708333333333,0.3363125,0.1464583333333333,0.1001875,0.1001041666666666,0.1258333333333333,0.4217916666666666,-0.0060885416666666,0.2918611111111111,509.9583333333333,99.95833333333331
all,2026-04-03,47.0,43.0,0.3368936170212766,0.202063829787234,0.2393404255319148,0.1537021276595744,0.1164042553191489,0.3117446808510637,0.2869574468085106,0.6937659574468085,0.6979787234042555,0.1934255319148936,0.4841276595744681,0.1247659574468085,0.1982127659574467,0.2576808510638298,0.0461914893617021,0.3918297872340425,0.2743191489361702,0.3085744680851064,0.4615531914893616,0.3283617021276596,0.5864893617021276,0.4058085106382978,0.4211276595744682,0.3502553191489361,0.1390212765957447,0.0990425531914893,0.056063829787234,0.1348723404255319,0.4327021276595745,0.0189255319148936,0.3083333333333333,579.1702127659574,110.17021276595744
all,2026-04-04,45.0,37.0,0.3820444444444444,0.3358666666666667,0.2869111111111111,0.2194444444444444,0.1469111111111111,0.3669999999999999,0.3172,0.7461333333333333,0.759888888888889,0.238,0.5956444444444444,0.1638,0.2269111111111111,0.3115777777777778,0.0778,0.4356444444444445,0.3068222222222222,0.3783333333333333,0.4679333333333333,0.2831555555555555,0.6714,0.4754,0.5242,0.3980222222222223,0.1548666666666666,0.0988,0.1214,0.1657111111111111,0.4716888888888887,0.0491111111111111,0.3293703703703703,719.3555555555556,145.24444444444444
all,2026-04-05,35.0,31.0,0.3272647058823529,0.2372058823529411,0.2886764705882352,0.1672647058823529,0.1035294117647058,0.3110588235294118,0.2747941176470588,0.694,0.7152647058823528,0.2223823529411764,0.4556470588235294,0.1429705882352941,0.2482058823529411,0.2496764705882352,0.0620588235294117,0.3716470588235294,0.3030882352941177,0.2810588235294117,0.5251470588235293,0.3437058823529412,0.6219117647058824,0.4748235294117647,0.5286764705882352,0.305235294117647,0.1703529411764706,0.0924411764705882,0.1263235294117647,0.1416470588235294,0.4208529411764706,0.0478088235294117,0.3402058823529412,462.0,90.97142857142858
all,2026-04-06,65.0,49.0,0.3647230769230768,0.2417384615384614,0.2825384615384615,0.1818307692307692,0.0981538461538461,0.2993538461538461,0.2571538461538462,0.7067230769230769,0.733,0.1842,0.5127384615384615,0.105276923076923,0.2238307692307692,0.2489230769230769,0.0501846153846153,0.3691692307692308,0.2397076923076923,0.2626769230769231,0.4206615384615385,0.2917384615384615,0.5709076923076923,0.3943076923076923,0.5016769230769231,0.3885692307692307,0.1322461538461538,0.0654923076923077,0.0823692307692307,0.1360615384615384,0.4062461538461538,0.0689538461538461,0.3619333333333333,508.9538461538461,100.03076923076924
all,2026-04-07,38.0,35.0,0.3485405405405405,0.2083513513513513,0.2402702702702703,0.1608108108108108,0.103,0.3270810810810811,0.2747297297297296,0.7049189189189189,0.711972972972973,0.1802972972972973,0.4706216216216216,0.0914594594594594,0.1616756756756756,0.2564324324324324,0.0349999999999999,0.3860810810810811,0.3017297297297296,0.2436216216216216,0.4487567567567567,0.317972972972973,0.581,0.4036486486486487,0.5340270270270271,0.2997027027027026,0.1652972972972972,0.0699729729729729,0.0552702702702702,0.1379189189189189,0.432054054054054,0.0244527027027027,0.3305945945945946,326.0263157894737,64.05263157894737
all,2026-04-08,46.0,38.0,0.3846739130434782,0.2449347826086956,0.2945217391304348,0.2036739130434782,0.1017173913043478,0.3395869565217391,0.2593043478260869,0.6866521739130435,0.7270869565217393,0.1872173913043477,0.5716304347826086,0.1124130434782608,0.2351521739130434,0.2963478260869565,0.0379782608695652,0.3898478260869566,0.2689782608695652,0.3093695652173913,0.3987608695652174,0.263891304347826,0.5746086956521741,0.3850434782608696,0.4689347826086957,0.3637173913043477,0.1323260869565217,0.1034347826086956,0.0918913043478261,0.1474782608695652,0.428913043478261,0.0612989130434782,0.3670434782608694,521.8695652173913,104.34782608695652
all,2026-04-09,40.0,34.0,0.44955,0.3193,0.398075,0.250525,0.10895,0.376675,0.3543,0.737225,0.7861499999999999,0.281975,0.638125,0.159,0.273625,0.3224,0.07125,0.45505,0.320925,0.3416,0.5468,0.300775,0.6419499999999999,0.4569,0.4683249999999999,0.3942,0.188225,0.1357,0.1167749999999999,0.183525,0.4821249999999999,0.11155,0.4356416666666667,585.875,116.7
all,2026-04-10,71.0,55.0,0.3579577464788732,0.2440281690140845,0.2752676056338028,0.1844507042253521,0.1120140845070422,0.3125352112676056,0.2985915492957747,0.6874647887323945,0.7005211267605636,0.1980281690140845,0.5099436619718312,0.1105633802816901,0.1668028169014084,0.2738732394366197,0.0653239436619718,0.3991971830985915,0.3125492957746478,0.274,0.4900704225352114,0.335507042253521,0.5690281690140845,0.4177042253521126,0.4648450704225352,0.3657605633802815,0.1448309859154929,0.0984084507042253,0.1239718309859155,0.1398169014084507,0.429,0.0531514084507042,0.3325680751173709,466.4788732394366,93.07042253521126
all,2026-04-11,50.0,41.0,0.3597142857142857,0.2840204081632653,0.2706530612244898,0.1839795918367346,0.1373673469387755,0.3586734693877552,0.3576530612244898,0.6833673469387753,0.7046530612244898,0.2368571428571428,0.5539795918367347,0.1324897959183673,0.2287551020408163,0.3083469387755102,0.0625714285714285,0.4200204081632653,0.3415714285714285,0.3243673469387755,0.5081632653061225,0.3757142857142857,0.6267959183673469,0.4657551020408164,0.428795918367347,0.3539591836734693,0.1684489795918367,0.1079591836734693,0.089,0.1396530612244897,0.4424693877551021,0.0265714285714285,0.3076394557823129,490.28,95.32
all,2026-04-12,58.0,47.0,0.4182413793103448,0.315603448275862,0.3341551724137931,0.2413103448275861,0.1005344827586207,0.3307241379310344,0.3010689655172414,0.7395172413793104,0.7725689655172413,0.2331551724137931,0.4948103448275862,0.1477931034482758,0.232051724137931,0.3070172413793103,0.0851551724137931,0.4293965517241379,0.3197586206896552,0.3027241379310344,0.4870172413793103,0.2781034482758621,0.6128793103448278,0.3991551724137931,0.5464137931034483,0.3545,0.1494655172413793,0.1138103448275861,0.0434137931034482,0.1642758620689655,0.4625689655172414,0.1116982758620689,0.407787356321839,581.5344827586207,115.58620689655172
all,2026-04-13,70.0,56.0,0.3698285714285713,0.2019571428571428,0.2653857142857143,0.1886428571428571,0.0967428571428571,0.2886857142857143,0.2663571428571428,0.7065714285714285,0.7682714285714285,0.2143714285714286,0.4805714285714285,0.1084428571428571,0.3474714285714286,0.2458428571428571,0.0731571428571428,0.3693,0.3214714285714285,0.2635142857142857,0.5323714285714285,0.3046857142857142,0.5355,0.3860714285714285,0.4851142857142858,0.304,0.1544285714285714,0.0958,0.1004571428571428,0.1280571428571429,0.4161142857142858,0.0637392857142857,0.3710857142857143,363.1714285714286,71.58571428571429
all,2026-04-14,52.0,46.0,0.3188627450980392,0.2257058823529412,0.2818039215686274,0.1812745098039215,0.1319803921568627,0.3528235294117647,0.2957058823529412,0.7002549019607842,0.690764705882353,0.1851176470588235,0.5231960784313726,0.1223921568627451,0.1875882352941176,0.2719019607843137,0.0537647058823529,0.3940196078431373,0.2924313725490196,0.3044901960784314,0.4505098039215686,0.318078431372549,0.6309411764705883,0.4260392156862745,0.5154117647058823,0.3270980392156862,0.1809607843137254,0.0800392156862745,0.0728039215686274,0.1588823529411764,0.455235294117647,0.0095098039215686,0.2984967320261438,438.2307692307692,87.09615384615384
all,2026-04-15,50.0,44.0,0.3483125,0.2183541666666666,0.2521458333333333,0.171125,0.1110208333333333,0.3282083333333333,0.3023333333333333,0.6787083333333334,0.7293333333333334,0.1947499999999999,0.5245833333333333,0.0894791666666666,0.1629374999999999,0.2498749999999999,0.0489791666666666,0.4143541666666666,0.2822083333333333,0.3237291666666666,0.4170833333333333,0.3225208333333333,0.6308125,0.4312500000000001,0.4333125,0.3385833333333334,0.1497708333333333,0.0979166666666666,0.1195,0.128,0.4269791666666667,0.0278697916666666,0.3322430555555555,435.36,83.06
all,2026-04-16,47.0,42.0,0.3433617021276595,0.2952765957446808,0.3096595744680851,0.2222553191489361,0.0733829787234042,0.3147021276595745,0.2661702127659575,0.773191489361702,0.736595744680851,0.1896382978723404,0.4634468085106382,0.128595744680851,0.2491063829787233,0.2459574468085106,0.0466382978723404,0.377063829787234,0.288531914893617,0.2588723404255319,0.4913404255319148,0.251063829787234,0.6076808510638297,0.4058936170212766,0.5559574468085107,0.3028723404255319,0.1356808510638298,0.0943617021276595,0.1057234042553191,0.1372340425531915,0.4372765957446807,0.098595744680851,0.3898226950354609,492.40425531914894,97.0
all,2026-04-17,60.0,44.0,0.31265,0.2458333333333333,0.2733666666666667,0.1624166666666666,0.1088666666666666,0.3308,0.3138166666666667,0.71355,0.7388166666666669,0.2386833333333333,0.4492666666666666,0.1361333333333333,0.1581833333333333,0.2900333333333333,0.0682666666666666,0.3991999999999999,0.3011333333333333,0.3204666666666667,0.4420833333333333,0.3692333333333333,0.5943500000000002,0.45675,0.5053833333333333,0.2975666666666666,0.1822666666666667,0.1085666666666666,0.1596,0.1306333333333333,0.42595,0.0287333333333333,0.3327444444444444,445.1333333333333,85.38333333333334
all,2026-04-18,55.0,48.0,0.3677090909090909,0.2643454545454545,0.2981636363636363,0.1880363636363636,0.0843090909090909,0.3172000000000001,0.2674363636363636,0.7275272727272728,0.7352909090909091,0.1929090909090909,0.5980363636363637,0.1145636363636363,0.2305999999999999,0.2435272727272727,0.0394363636363636,0.3826909090909089,0.2546181818181818,0.2697636363636363,0.4371272727272727,0.2889636363636363,0.6180909090909091,0.3909454545454546,0.4994363636363635,0.3782363636363636,0.1242727272727272,0.0704181818181818,0.0671090909090909,0.132090909090909,0.4371272727272727,0.0788090909090909,0.3827454545454545,521.9636363636364,105.76363636363637
all,2026-04-19,35.0,30.0,0.3120285714285714,0.2289428571428571,0.2718571428571428,0.1806,0.1343142857142857,0.3072857142857143,0.3089142857142857,0.6522857142857142,0.6848,0.2041142857142857,0.486,0.1385428571428571,0.2309428571428571,0.2604,0.0614857142857142,0.4106857142857143,0.307,0.3598285714285714,0.4408857142857143,0.3585142857142857,0.5918857142857143,0.412,0.3936857142857143,0.3494857142857143,0.1561142857142857,0.2200285714285714,0.1281714285714285,0.1328857142857142,0.4299428571428571,0.0275571428571428,0.2885809523809523,358.74285714285713,68.42857142857143
all,2026-04-20,48.0,40.0,0.3822291666666667,0.25875,0.2847916666666666,0.1652291666666666,0.1044375,0.3406458333333333,0.3422083333333334,0.6983333333333333,0.7567083333333334,0.2037708333333333,0.4741250000000001,0.1441458333333333,0.1671041666666667,0.3055625,0.0596666666666666,0.4173958333333333,0.3221666666666666,0.3121041666666667,0.5014166666666666,0.296375,0.5850416666666667,0.4358958333333333,0.4661041666666667,0.3611875,0.1420625,0.1254791666666666,0.0726666666666666,0.1411041666666666,0.4594791666666666,0.0502083333333333,0.3701388888888888,638.0625,125.77083333333331
all,2026-04-21,52.0,43.0,0.3387254901960784,0.2396274509803922,0.2859803921568628,0.2162941176470588,0.1144705882352941,0.3147254901960785,0.2882352941176471,0.704,0.7448823529411764,0.2443529411764705,0.6305098039215684,0.122235294117647,0.210313725490196,0.2679803921568627,0.0788039215686274,0.3790980392156862,0.2814117647058823,0.3156862745098039,0.4823333333333333,0.3297058823529412,0.5815490196078432,0.4157843137254902,0.5202156862745099,0.4066274509803921,0.1795490196078431,0.0993333333333333,0.1792549019607843,0.1532745098039215,0.4386078431372548,0.0555588235294117,0.3420588235294117,500.5192307692308,98.51923076923076
all,2026-04-22,51.0,39.0,0.3505490196078431,0.2614509803921568,0.3275098039215686,0.2003137254901961,0.1311764705882353,0.3810392156862745,0.3444117647058823,0.742294117647059,0.7100588235294116,0.2127843137254901,0.5025490196078432,0.1439411764705882,0.2685882352941176,0.3655294117647059,0.106078431372549,0.4404901960784313,0.3382549019607843,0.365,0.4887647058823529,0.3332745098039216,0.6454509803921569,0.4952549019607843,0.4998235294117648,0.3632549019607843,0.1865882352941176,0.1006862745098039,0.0649607843137255,0.1688235294117647,0.4699803921568627,0.0288480392156862,0.3315294117647058,535.7843137254902,108.82352941176472
all,2026-04-23,37.0,28.0,0.3904054054054053,0.2801351351351351,0.3324054054054053,0.2045675675675675,0.1072162162162162,0.3573243243243242,0.3425405405405405,0.742972972972973,0.7689459459459458,0.2277837837837838,0.5665675675675675,0.1522702702702702,0.2263783783783783,0.2947027027027027,0.0601351351351351,0.4370540540540541,0.311972972972973,0.3948648648648648,0.4630270270270271,0.3274864864864865,0.6287837837837839,0.439027027027027,0.4556486486486486,0.3725945945945946,0.1684864864864864,0.1212702702702702,0.1069999999999999,0.1592162162162162,0.4757567567567567,0.0696081081081081,0.3900360360360361,466.05405405405406,90.1891891891892
all,2026-04-24,37.0,31.0,0.3072702702702703,0.2259459459459459,0.2667027027027027,0.180081081081081,0.1371621621621622,0.3208918918918918,0.2995675675675676,0.7371891891891892,0.6923783783783786,0.1764864864864865,0.4985405405405406,0.1306486486486486,0.1772162162162162,0.2818648648648649,0.0532702702702702,0.3954864864864865,0.3074054054054054,0.3037567567567567,0.446027027027027,0.4169459459459458,0.5904594594594595,0.4143513513513513,0.5123513513513513,0.3289189189189189,0.1415135135135135,0.0978918918918918,0.0549729729729729,0.1318918918918918,0.4318918918918918,0.0159729729729729,0.2849549549549549,326.6216216216216,63.2972972972973
all,2026-04-25,48.0,37.0,0.3368333333333333,0.1950416666666666,0.2077291666666666,0.1486458333333333,0.1045416666666666,0.231375,0.2165208333333333,0.7130208333333333,0.7277291666666666,0.1721666666666666,0.4953541666666667,0.08425,0.2714583333333333,0.1815,0.0383333333333333,0.3427083333333333,0.2333125,0.2460833333333333,0.39175,0.2575416666666666,0.4811458333333334,0.2684166666666667,0.4805,0.31825,0.1387291666666666,0.0875833333333333,0.0865624999999999,0.099625,0.3947708333333333,0.0541041666666666,0.3195555555555555,320.8333333333333,64.1875
all,2026-04-26,42.0,35.0,0.3256428571428571,0.2946904761904761,0.3221190476190476,0.1731190476190476,0.1076904761904762,0.3376666666666666,0.3042857142857142,0.637595238095238,0.7213095238095237,0.2181666666666666,0.5453571428571428,0.1214761904761904,0.2070238095238095,0.3084523809523809,0.0681666666666666,0.4287142857142857,0.3417142857142857,0.3392380952380951,0.5065714285714286,0.3418333333333333,0.6113333333333333,0.4426904761904762,0.3850952380952381,0.3613571428571428,0.1592619047619047,0.1319523809523809,0.0868571428571428,0.1377619047619047,0.4285952380952381,0.0562142857142857,0.3486666666666667,500.3571428571428,96.78571428571428
all,2026-04-27,39.0,28.0,0.3301538461538462,0.2136410256410256,0.2468205128205127,0.1587435897435897,0.1011794871794871,0.3397948717948718,0.283923076923077,0.7411538461538462,0.7227435897435899,0.1917948717948717,0.4687948717948718,0.1282820512820512,0.1716666666666666,0.2464102564102564,0.0516410256410256,0.4015128205128205,0.2968461538461538,0.331,0.4815128205128204,0.3517692307692307,0.6050512820512821,0.4528205128205129,0.4979999999999999,0.2922564102564103,0.1352564102564102,0.1325641025641026,0.032051282051282,0.1205897435897435,0.4173589743589743,0.0168525641025641,0.332059829059829,426.1538461538461,82.74358974358974
all,2026-04-28,36.0,28.0,0.3608857142857143,0.2562571428571429,0.3327142857142857,0.1828857142857143,0.1506285714285714,0.3553714285714286,0.3340285714285714,0.7203714285714286,0.788285714285714,0.2299142857142856,0.5240285714285714,0.1395142857142857,0.2692,0.3080571428571428,0.0882285714285714,0.4033142857142857,0.3724571428571428,0.3121714285714286,0.5326571428571428,0.3359428571428571,0.5613142857142857,0.4399142857142858,0.4916571428571429,0.3659428571428571,0.1850571428571429,0.1562571428571428,0.0753714285714285,0.1617714285714285,0.4529428571428571,0.0301857142857142,0.3433333333333334,433.19444444444446,79.27777777777777
all,2026-04-29,38.0,34.0,0.3171052631578948,0.2123947368421053,0.2547105263157894,0.164,0.1389736842105263,0.2983947368421052,0.2665789473684209,0.7128684210526316,0.6899736842105264,0.2086315789473684,0.5337894736842104,0.1016578947368421,0.1407368421052631,0.2918684210526315,0.0507105263157894,0.3899999999999999,0.2758684210526316,0.3068684210526315,0.4487894736842105,0.3154210526315789,0.5602105263157895,0.3975526315789473,0.4133684210526316,0.3293421052631579,0.1428684210526316,0.081578947368421,0.1268157894736842,0.1216578947368421,0.4157368421052632,0.0183684210526315,0.2816228070175438,448.5263157894737,86.15789473684211
all,2026-04-30,40.0,35.0,0.333225,0.200025,0.24505,0.172725,0.117125,0.3258,0.265375,0.75145,0.7173,0.19945,0.555925,0.1184,0.2295999999999999,0.2931249999999999,0.058425,0.3922,0.283875,0.335375,0.418475,0.3328,0.61765,0.413875,0.494125,0.384575,0.147525,0.0842,0.064575,0.119925,0.439525,0.0162937499999999,0.3147333333333333,420.875,81.8
all,2026-05-01,46.0,37.0,0.3638043478260869,0.2605434782608695,0.294804347826087,0.1965869565217391,0.1321739130434782,0.3547391304347825,0.339195652173913,0.7023913043478259,0.7047173913043479,0.217695652173913,0.5385217391304348,0.1308695652173913,0.2242826086956521,0.2992391304347826,0.062695652173913,0.4392391304347826,0.3272608695652174,0.369195652173913,0.443913043478261,0.3675,0.6031521739130435,0.3863478260869565,0.4760869565217391,0.3589782608695652,0.168195652173913,0.1392173913043478,0.0892173913043478,0.1340217391304348,0.4518478260869564,0.0354782608695652,0.322268115942029,475.2608695652174,90.3695652173913
all,2026-05-02,51.0,45.0,0.4141764705882352,0.3292941176470588,0.3064117647058823,0.2106862745098039,0.1065490196078431,0.364921568627451,0.3273921568627451,0.7043137254901961,0.7408431372549018,0.2566862745098039,0.5604117647058824,0.1471764705882353,0.1713137254901961,0.2973137254901961,0.0643725490196078,0.4625490196078431,0.3238627450980392,0.3536274509803921,0.5427843137254902,0.311,0.6750588235294117,0.4654901960784314,0.4613529411764706,0.3455098039215686,0.1720980392156862,0.1080588235294117,0.1066666666666666,0.1544705882352941,0.4507647058823529,0.079406862745098,0.38059477124183,693.0980392156863,134.49019607843138
all,2026-05-03,55.0,43.0,0.3633090909090908,0.2773090909090909,0.2657636363636363,0.1760363636363637,0.1463454545454545,0.3503090909090908,0.3385272727272727,0.6798545454545456,0.7005636363636365,0.2452727272727273,0.5475272727272726,0.1478181818181818,0.2568727272727272,0.3061818181818181,0.0735272727272727,0.4222181818181817,0.3304181818181818,0.343509090909091,0.5437272727272727,0.3753272727272728,0.6215272727272727,0.4512545454545454,0.4765636363636363,0.3460181818181818,0.1935818181818181,0.1515272727272727,0.1311090909090909,0.1467272727272727,0.4406727272727273,0.0222772727272727,0.2968666666666666,700.4545454545455,134.5818181818182
all,2026-05-04,57.0,45.0,0.3552142857142857,0.3101428571428571,0.3384642857142856,0.2300357142857143,0.0907857142857142,0.338,0.289875,0.7366071428571429,0.7583928571428571,0.2013571428571428,0.5946964285714287,0.1218214285714285,0.1961071428571428,0.2895,0.0525178571428571,0.4139285714285714,0.2718928571428571,0.3350178571428571,0.3985892857142857,0.2751607142857142,0.6084285714285713,0.3755892857142857,0.5143214285714285,0.3965714285714285,0.1404821428571428,0.1021071428571428,0.102,0.157,0.4418392857142857,0.0940714285714285,0.3932380952380952,545.578947368421,106.73684210526316
all,2026-05-05,54.0,39.0,0.3937592592592593,0.3114074074074073,0.3183518518518518,0.2184074074074073,0.1669629629629629,0.4149629629629629,0.4332592592592591,0.7544074074074073,0.7011666666666668,0.2500185185185185,0.5699629629629631,0.1550925925925926,0.218,0.3390555555555555,0.0816481481481481,0.4623148148148149,0.346537037037037,0.3923703703703702,0.4542962962962963,0.3874814814814814,0.6712777777777776,0.4552777777777777,0.5439444444444445,0.413462962962963,0.1892407407407407,0.114574074074074,0.1371481481481481,0.1847777777777777,0.4937407407407407,0.0195185185185185,0.3041296296296296,663.1851851851852,127.4074074074074
all,2026-05-06,44.0,33.0,0.27325,0.1921363636363636,0.2418181818181818,0.1302727272727273,0.1122272727272727,0.2910681818181818,0.2993636363636363,0.6693409090909092,0.6643636363636364,0.1622499999999999,0.4931363636363636,0.1049318181818181,0.1622727272727272,0.2173863636363636,0.0509318181818181,0.3790681818181818,0.2683863636363636,0.2877727272727272,0.4051363636363636,0.3596363636363636,0.5789090909090909,0.4259772727272727,0.4795454545454545,0.3719318181818182,0.1582045454545454,0.1142045454545454,0.1031136363636363,0.1109318181818181,0.3859545454545455,0.0077215909090908,0.2809166666666667,309.45454545454544,60.56818181818182
all,2026-05-07,50.0,29.0,0.2628124999999999,0.1936874999999999,0.2700625,0.1715208333333333,0.0997708333333333,0.2499999999999999,0.2047291666666666,0.6772708333333334,0.7007916666666666,0.13825,0.602375,0.0882916666666666,0.1960625,0.2001041666666666,0.0271458333333333,0.3631458333333333,0.2089375,0.2901041666666666,0.3060208333333333,0.2755,0.5210208333333334,0.3235208333333333,0.4527083333333333,0.332,0.1106458333333333,0.0731458333333333,0.1234374999999999,0.1175833333333333,0.3913958333333333,0.0496354166666666,0.3114513888888888,395.28,77.84
all,2026-05-08,40.0,35.0,0.3641999999999999,0.26815,0.33565,0.198475,0.1725249999999999,0.34835,0.31,0.702375,0.7118249999999999,0.2199749999999999,0.602275,0.1226249999999999,0.2363249999999999,0.2908,0.06075,0.44225,0.317175,0.342925,0.424475,0.355325,0.6187250000000001,0.448025,0.444725,0.379575,0.175925,0.1386,0.068775,0.164375,0.466075,0.03118125,0.2980333333333333,488.925,96.125
all,2026-05-09,50.0,42.0,0.3877959183673469,0.2973877551020407,0.2942653061224489,0.2043673469387755,0.1145102040816326,0.360469387755102,0.3359183673469387,0.7296734693877553,0.736204081632653,0.2208367346938775,0.5474081632653062,0.1428163265306122,0.2073061224489796,0.2845918367346939,0.0555306122448979,0.4322244897959183,0.3254489795918367,0.3203673469387755,0.520408163265306,0.3276530612244898,0.6281224489795918,0.4263265306122449,0.4854285714285714,0.360469387755102,0.1783265306122449,0.0864081632653061,0.1003469387755102,0.1452448979591836,0.4663265306122449,0.0584642857142857,0.3582448979591836,683.58,131.0
all,2026-05-10,51.0,41.0,0.4294509803921569,0.3486470588235293,0.3415882352941176,0.2599411764705883,0.0937254901960784,0.3398235294117647,0.328843137254902,0.7440392156862743,0.764529411764706,0.2694901960784313,0.5867647058823531,0.1346078431372548,0.2121764705882353,0.2875686274509804,0.048235294117647,0.4552549019607843,0.2902745098039215,0.3711764705882352,0.4488235294117647,0.2832745098039215,0.6350196078431373,0.4120784313725489,0.5130980392156863,0.3612941176470587,0.1638235294117646,0.1040588235294117,0.0742745098039215,0.1472549019607843,0.4629803921568627,0.1281323529411764,0.4181307189542483,590.3333333333334,117.2156862745098
all,2026-05-11,47.0,38.0,0.3333191489361702,0.229531914893617,0.2661914893617021,0.1598723404255319,0.1593617021276596,0.3586170212765958,0.330595744680851,0.7151063829787234,0.7175106382978723,0.2098936170212766,0.4875957446808511,0.1390425531914893,0.2300212765957446,0.2640851063829788,0.0688297872340425,0.4105744680851064,0.309127659574468,0.3434042553191489,0.4167446808510637,0.4274468085106383,0.5932978723404255,0.4148723404255319,0.4954468085106383,0.344531914893617,0.1852127659574467,0.0809361702127659,0.0684255319148936,0.1507021276595744,0.4668936170212765,-0.0117606382978723,0.279645390070922,562.7872340425532,108.46808510638296
all,2026-05-12,39.0,31.0,0.3776410256410256,0.2454871794871795,0.3293333333333332,0.1891025641025641,0.1056666666666666,0.3914871794871795,0.3547948717948717,0.7128461538461539,0.7462564102564101,0.2225897435897435,0.5806666666666666,0.1224615384615384,0.1699230769230769,0.3109230769230769,0.0609999999999999,0.424025641025641,0.2881025641025641,0.3724358974358975,0.4668205128205129,0.3231282051282051,0.6791025641025641,0.4541282051282052,0.4784358974358974,0.3568461538461538,0.1688205128205128,0.1378461538461538,0.118051282051282,0.1447948717948717,0.4439487179487179,0.0368141025641025,0.3787435897435897,630.1538461538462,120.71794871794872
all,2026-05-13,39.0,32.0,0.2919487179487179,0.2475384615384615,0.2776410256410256,0.1589487179487179,0.1004102564102564,0.3499743589743589,0.3065384615384616,0.6982564102564102,0.7121282051282053,0.1935897435897435,0.536820512820513,0.1007692307692307,0.1698205128205128,0.2722307692307692,0.0563076923076923,0.3989230769230769,0.3024615384615385,0.3468974358974359,0.4485384615384614,0.3779487179487179,0.6522051282051281,0.4783589743589743,0.4626410256410256,0.3364615384615385,0.1458974358974359,0.1304615384615384,0.0964358974358974,0.1257179487179487,0.4124358974358975,0.018826923076923,0.3268290598290598,367.0769230769231,71.87179487179488
all,2026-05-14,55.0,40.0,0.3077636363636363,0.2155272727272727,0.2438363636363636,0.1503636363636363,0.1484727272727272,0.3215090909090908,0.3036545454545454,0.6850181818181819,0.6443272727272726,0.2315272727272727,0.5168727272727273,0.1629636363636363,0.256309090909091,0.2614181818181818,0.0834727272727272,0.4085454545454544,0.3058545454545455,0.3015818181818182,0.4357454545454545,0.4221818181818182,0.5782909090909092,0.4281090909090908,0.492890909090909,0.3375999999999999,0.1555818181818181,0.1361272727272727,0.0698181818181818,0.1404545454545454,0.4299818181818182,-0.0056181818181818,0.250169696969697,470.4727272727273,90.0909090909091
all,2026-05-15,54.0,45.0,0.3596851851851852,0.2449814814814814,0.2825185185185184,0.1788518518518518,0.1103148148148148,0.3280185185185185,0.2845555555555555,0.6926481481481481,0.7124814814814814,0.2017592592592592,0.5205185185185186,0.0965,0.2250185185185185,0.2872777777777778,0.0448333333333333,0.3873888888888889,0.3115185185185184,0.3095,0.4531666666666666,0.3000555555555555,0.6315925925925927,0.4222407407407408,0.4562777777777777,0.3347777777777779,0.1371666666666666,0.1089629629629629,0.110111111111111,0.138037037037037,0.4393148148148147,0.0473425925925925,0.341246913580247,428.4259259259259,83.72222222222223
all,2026-05-16,52.0,40.0,0.3181346153846154,0.2372115384615384,0.2965961538461538,0.1534038461538461,0.1449807692307692,0.3626153846153847,0.3302307692307692,0.7310961538461539,0.6981923076923077,0.2038076923076923,0.5342307692307693,0.1130384615384615,0.2324230769230769,0.2853461538461538,0.0592307692307692,0.4171730769230769,0.3387307692307692,0.3513653846153846,0.5111730769230769,0.4163653846153847,0.634673076923077,0.4519807692307692,0.4763076923076923,0.3615192307692307,0.1768461538461538,0.1266923076923077,0.1411730769230769,0.1443076923076923,0.4538846153846154,-0.0024615384615384,0.2926602564102564,541.9038461538462,104.75
all,2026-05-17,40.0,32.0,0.2623846153846154,0.1766923076923077,0.2406153846153846,0.1264615384615384,0.1275128205128205,0.2956666666666667,0.3004615384615384,0.6746153846153846,0.6689487179487179,0.1677692307692307,0.5324358974358975,0.1185384615384615,0.1939230769230769,0.2794871794871795,0.0577435897435897,0.3538205128205128,0.3041025641025641,0.2785641025641025,0.4746153846153845,0.4234871794871795,0.5094871794871795,0.3463589743589743,0.4704871794871795,0.3575897435897436,0.1438717948717948,0.0924871794871794,0.1649230769230769,0.1128205128205128,0.3998717948717948,-0.010051282051282,0.2631367521367521,370.475,69.5
all,2026-05-18,43.0,37.0,0.3352857142857142,0.2639047619047619,0.2306666666666667,0.1826904761904762,0.1005952380952381,0.3281666666666666,0.2941190476190476,0.7231428571428571,0.7581904761904762,0.2143333333333333,0.459595238095238,0.1222857142857142,0.1441190476190476,0.2694285714285714,0.0406190476190476,0.3644047619047619,0.2625714285714285,0.296047619047619,0.4344285714285713,0.2878809523809524,0.6028809523809524,0.3491904761904762,0.522,0.2908571428571428,0.1380714285714285,0.1195238095238095,0.1032380952380952,0.1245952380952381,0.4038333333333334,0.0387559523809523,0.3407857142857143,413.9767441860465,79.13953488372093
all,2026-05-19,53.0,45.0,0.3315283018867925,0.2695283018867924,0.2345283018867925,0.2031132075471698,0.1092075471698112,0.3012830188679245,0.2576792452830189,0.7160943396226415,0.7440943396226416,0.2315283018867924,0.5309811320754717,0.1266037735849056,0.2080188679245282,0.2438301886792452,0.0619245283018867,0.3782264150943396,0.261188679245283,0.2958490566037736,0.4395283018867924,0.2493962264150943,0.5903018867924528,0.4003018867924527,0.4947547169811321,0.3583773584905659,0.1421320754716981,0.0717924528301886,0.0762641509433962,0.128754716981132,0.4220754716981132,0.0544292452830188,0.3275094339622642,551.8301886792453,108.41509433962264
all,2026-05-20,45.0,37.0,0.3644666666666666,0.2540222222222222,0.2615111111111111,0.1998222222222222,0.1029111111111111,0.3145555555555556,0.2759777777777777,0.6723333333333333,0.7281111111111112,0.2060666666666667,0.5349333333333333,0.1083333333333333,0.2346222222222221,0.2709333333333333,0.0467111111111111,0.3776,0.2757333333333333,0.2680444444444444,0.4349555555555554,0.2940222222222223,0.5433777777777777,0.3934666666666666,0.4347555555555556,0.3677999999999999,0.1280888888888889,0.0843333333333333,0.0557555555555555,0.1323111111111111,0.4059999999999999,0.0612222222222222,0.3484518518518518,482.8666666666667,96.86666666666666
all,2026-05-21,44.0,36.0,0.3502499999999999,0.2153636363636364,0.2900681818181818,0.1759545454545454,0.0764318181818181,0.302090909090909,0.2499090909090909,0.7115681818181818,0.7317045454545453,0.1797272727272727,0.5115909090909091,0.1231136363636363,0.1933863636363636,0.3132727272727273,0.059590909090909,0.3910681818181818,0.3223181818181818,0.2826590909090908,0.4338863636363637,0.2736818181818182,0.5368863636363637,0.3834772727272726,0.4772045454545454,0.3619772727272727,0.1265227272727272,0.0846363636363636,0.0863181818181818,0.1413181818181818,0.447181818181818,0.0686477272727272,0.3809090909090909,367.59090909090907,71.18181818181819
all,2026-05-22,48.0,39.0,0.3643541666666667,0.2687708333333333,0.3221666666666666,0.188,0.1425833333333333,0.35825,0.3167291666666667,0.7365833333333334,0.7046041666666666,0.2299375,0.5666875,0.1645833333333333,0.206875,0.2915208333333333,0.0550208333333333,0.4220833333333333,0.302,0.3059791666666666,0.4821666666666666,0.3523541666666667,0.6258958333333333,0.4651666666666665,0.5364583333333334,0.3954375,0.1708125,0.0975416666666666,0.0807291666666666,0.1485208333333333,0.4512916666666666,0.03540625,0.321125,591.3541666666666,117.20833333333331
all,2026-05-23,45.0,37.0,0.3664666666666666,0.2670888888888889,0.2981555555555556,0.2055333333333333,0.1213777777777777,0.3392666666666667,0.2928222222222222,0.6746666666666666,0.7271777777777776,0.2781555555555555,0.5387555555555557,0.1112444444444444,0.2156444444444444,0.2729777777777778,0.0612444444444444,0.4024,0.2856666666666667,0.3058,0.4630666666666667,0.3125333333333334,0.6024222222222223,0.4048666666666667,0.4327111111111111,0.3600666666666666,0.1974888888888889,0.1006888888888889,0.0974888888888888,0.1501777777777777,0.4406,0.0539888888888889,0.3425555555555555,530.1111111111111,105.04444444444444
all,2026-05-24,45.0,38.0,0.3807777777777778,0.2742222222222222,0.3564666666666667,0.2324888888888888,0.1229111111111111,0.3764666666666665,0.3198888888888889,0.7414,0.7587555555555556,0.2308,0.5748888888888889,0.1241333333333333,0.2536666666666667,0.3169333333333333,0.0805777777777777,0.4600666666666667,0.3472222222222222,0.3835555555555556,0.5200444444444444,0.311,0.7124,0.5068888888888888,0.4723555555555556,0.3791555555555556,0.1767999999999999,0.1106666666666666,0.1294222222222222,0.1380888888888889,0.4558222222222221,0.0613,0.3757555555555556,545.0888888888888,105.04444444444444
all,2026-05-25,50.0,43.0,0.4490399999999999,0.3137399999999999,0.32036,0.21746,0.12396,0.38942,0.38592,0.7439000000000001,0.7790200000000002,0.2531,0.5718599999999999,0.16078,0.20708,0.37198,0.0862999999999999,0.4397399999999999,0.3394999999999999,0.3803799999999999,0.4666599999999999,0.3400399999999999,0.6429600000000001,0.4576599999999999,0.51684,0.42512,0.18512,0.13244,0.13738,0.18656,0.4981999999999999,0.06846,0.39218,717.24,140.68
all,2026-05-26,47.0,36.0,0.3323191489361701,0.2372553191489361,0.2406382978723404,0.1519361702127659,0.1503617021276596,0.3615744680851064,0.3292978723404255,0.6656170212765957,0.647872340425532,0.2070425531914894,0.4592978723404254,0.1337021276595744,0.2229148936170212,0.3171063829787233,0.0770851063829787,0.4314255319148936,0.3217021276595744,0.3681063829787234,0.4886808510638298,0.3739999999999999,0.6449148936170211,0.4682340425531914,0.4448085106382978,0.3451914893617021,0.1970212765957446,0.1057021276595744,0.1186808510638297,0.142127659574468,0.4624042553191488,-0.0154308510638297,0.2565815602836879,537.6595744680851,103.59574468085108
all,2026-05-27,44.0,38.0,0.2853809523809523,0.2021666666666666,0.2226190476190476,0.1695714285714286,0.1065,0.291047619047619,0.2769285714285714,0.6719761904761905,0.6413095238095239,0.1764761904761904,0.4847619047619047,0.1027857142857142,0.1558571428571428,0.2287857142857143,0.0452142857142857,0.3684523809523809,0.2431904761904761,0.2852380952380952,0.3840714285714285,0.3058095238095238,0.578595238095238,0.3595714285714285,0.4784285714285715,0.2832142857142857,0.1657619047619047,0.065547619047619,0.1011904761904761,0.1218809523809523,0.3927619047619048,0.0211607142857142,0.2766031746031746,491.20454545454544,95.13636363636364
all,2026-05-28,61.0,47.0,0.3321475409836065,0.2278196721311475,0.2497213114754098,0.1635901639344262,0.1049672131147541,0.2703770491803279,0.2518196721311475,0.6578360655737705,0.693672131147541,0.1784918032786885,0.5287704918032787,0.081983606557377,0.2335409836065573,0.2341639344262295,0.048327868852459,0.3538032786885245,0.2719672131147541,0.2760983606557376,0.4132295081967213,0.2870327868852458,0.5303770491803279,0.3474918032786885,0.4390655737704917,0.3192622950819672,0.1081147540983606,0.0762786885245901,0.0918852459016393,0.1208524590163934,0.4054262295081967,0.0556475409836065,0.3202131147540983,450.4754098360656,87.91803278688525
all,2026-05-29,41.0,35.0,0.455525,0.3259,0.305725,0.2309,0.0869,0.315425,0.28695,0.7173499999999999,0.771825,0.27195,0.5485749999999999,0.106,0.3128,0.278,0.063725,0.430925,0.31955,0.330175,0.40675,0.238475,0.5812250000000001,0.436875,0.487625,0.357775,0.124775,0.05705,0.0702,0.153725,0.4533250000000001,0.12835,0.4241250000000001,576.0243902439024,117.7560975609756
all,2026-05-30,32.0,29.0,0.386,0.29025,0.36003125,0.20671875,0.1338125,0.40046875,0.36684375,0.7328125000000001,0.74340625,0.2390624999999999,0.6274375,0.1570625,0.1906875,0.3197812499999999,0.08178125,0.428875,0.3690625,0.3345,0.5681875,0.34946875,0.650375,0.4715,0.49790625,0.359875,0.1861875,0.12128125,0.09740625,0.1655937499999999,0.49628125,0.043609375,0.3626666666666666,509.65625,97.6875
all,2026-05-31,37.0,33.0,0.4189459459459459,0.2804054054054054,0.3686756756756756,0.207,0.1072162162162162,0.3817297297297297,0.3137567567567567,0.7135945945945946,0.76,0.2221081081081081,0.5940000000000001,0.1207297297297297,0.2555945945945946,0.3417297297297297,0.0527567567567567,0.4724864864864864,0.3221621621621621,0.4045135135135135,0.475081081081081,0.2794324324324325,0.6654594594594595,0.4977297297297296,0.4733513513513512,0.3635405405405404,0.1486756756756757,0.1015135135135135,0.086081081081081,0.1560540540540541,0.4568378378378378,0.0742837837837837,0.4086576576576576,503.3243243243243,98.48648648648648
all,2026-06-01,60.0,42.0,0.4303833333333333,0.3065333333333332,0.3047166666666667,0.2140666666666666,0.1061666666666666,0.3655833333333333,0.3421499999999999,0.7337333333333333,0.7782833333333333,0.2495333333333332,0.4919499999999999,0.1152166666666666,0.2487833333333333,0.3523333333333333,0.0842833333333333,0.475,0.3788666666666666,0.3404166666666666,0.5519166666666668,0.3078333333333333,0.6381166666666666,0.4539,0.5381,0.3835166666666666,0.1642833333333333,0.1135999999999999,0.0624,0.1664166666666666,0.4802666666666667,0.07805,0.3982944444444444,637.8166666666667,124.31666666666666
all,2026-06-02,56.0,39.0,0.3074821428571428,0.176625,0.2261071428571428,0.1399999999999999,0.1532142857142857,0.3298035714285715,0.2498571428571428,0.7082678571428571,0.6744107142857142,0.1714821428571429,0.560375,0.0720178571428571,0.2708214285714286,0.2633571428571429,0.0385714285714285,0.3848214285714285,0.308625,0.2597321428571428,0.4269821428571428,0.3212321428571428,0.5977142857142858,0.3541249999999999,0.4458571428571429,0.3516428571428571,0.12025,0.0635178571428571,0.0926785714285714,0.1187321428571428,0.4623035714285714,-0.0289553571428571,0.2494523809523809,427.4285714285714,83.17857142857143
all,2026-06-03,56.0,38.0,0.3811607142857142,0.2860714285714286,0.3439285714285714,0.1721607142857142,0.1688035714285714,0.4479464285714286,0.3848392857142856,0.7570714285714286,0.7179642857142856,0.2340535714285714,0.6336607142857142,0.1669464285714285,0.2216607142857143,0.3485714285714286,0.0899821428571428,0.4578571428571428,0.3711964285714285,0.4088214285714285,0.5142321428571429,0.3775714285714285,0.740357142857143,0.5536607142857142,0.4718214285714285,0.3784107142857142,0.2103571428571428,0.1230357142857142,0.0876607142857143,0.1659107142857143,0.4873214285714285,-0.0125446428571428,0.3122142857142857,548.5178571428571,106.41071428571428
all,2026-06-04,38.0,30.0,0.4712631578947369,0.3621052631578947,0.3676315789473684,0.2471578947368421,0.1417894736842105,0.388921052631579,0.3433421052631579,0.7264736842105264,0.7809210526315791,0.2615526315789473,0.6208684210526316,0.2067368421052631,0.216157894736842,0.3740526315789473,0.0606842105263157,0.4470526315789473,0.3207368421052632,0.3641052631578947,0.5698157894736842,0.305078947368421,0.6797894736842105,0.4716052631578947,0.4580263157894737,0.3652368421052631,0.1776315789473684,0.1131315789473684,0.1458684210526316,0.1637105263157895,0.4788684210526316,0.0966842105263158,0.3981491228070175,652.1842105263158,123.76315789473684
all,2026-06-05,53.0,31.0,0.3656226415094339,0.2396981132075471,0.3507924528301887,0.1503396226415094,0.1210754716981132,0.339,0.2799622641509434,0.7281886792452831,0.7515660377358492,0.2403018867924528,0.5263584905660377,0.1426981132075471,0.2233396226415094,0.321566037735849,0.0561320754716981,0.385188679245283,0.3163962264150943,0.2781320754716981,0.6017547169811321,0.2991320754716981,0.5515471698113208,0.472188679245283,0.4315283018867923,0.3515283018867924,0.1364528301886792,0.0708113207547169,0.0716792452830188,0.1512075471698113,0.457,0.0465754716981132,0.368251572327044,449.1698113207547,89.26415094339623
all,2026-06-06,38.0,30.0,0.4593783783783784,0.3567027027027026,0.3196216216216215,0.2118108108108108,0.1065675675675675,0.3427837837837838,0.3003243243243242,0.7075945945945946,0.7779189189189188,0.29,0.5580270270270271,0.1344864864864864,0.2428918918918918,0.3048378378378378,0.0495405405405405,0.4169999999999998,0.2677027027027027,0.3087837837837838,0.4312972972972974,0.2771621621621621,0.5948648648648649,0.4261351351351351,0.4371351351351352,0.3532702702702702,0.1436216216216216,0.0959729729729729,0.1161891891891891,0.1352972972972973,0.4395945945945946,0.1122027027027027,0.4124054054054054,599.1842105263158,116.76315789473684
all,2026-06-07,49.0,35.0,0.3390408163265306,0.2449591836734694,0.2747959183673469,0.2035102040816326,0.0919591836734693,0.3218367346938775,0.3121428571428571,0.7252244897959184,0.7491836734693877,0.1856326530612244,0.5663673469387756,0.1453265306122449,0.2146530612244897,0.2330408163265306,0.0659795918367346,0.3910408163265306,0.2892448979591837,0.3249795918367347,0.4742448979591837,0.3177551020408163,0.6236122448979592,0.4403469387755102,0.4648163265306122,0.3555102040816327,0.159469387755102,0.1070612244897959,0.1063469387755101,0.1315510204081632,0.4353061224489796,0.0586785714285714,0.3623809523809524,442.9591836734694,86.6938775510204
all,2026-06-08,53.0,36.0,0.419811320754717,0.3179056603773585,0.3379245283018868,0.2115283018867925,0.1301509433962264,0.431566037735849,0.4042641509433962,0.780622641509434,0.7590754716981134,0.2529056603773585,0.5679245283018868,0.2233396226415094,0.2916603773584906,0.3554905660377358,0.0905471698113207,0.4979245283018868,0.4061320754716981,0.3922075471698113,0.5540754716981132,0.3815283018867924,0.6832641509433964,0.4998113207547169,0.5582452830188679,0.4221886792452831,0.2058867924528302,0.1362830188679245,0.0977358490566037,0.1993018867924528,0.5007169811320755,0.0409339622641509,0.3754528301886792,621.3396226415094,118.79245283018868
all,2026-06-09,39.0,34.0,0.3205897435897435,0.168076923076923,0.2717692307692308,0.1227948717948718,0.093076923076923,0.2962564102564102,0.2583589743589744,0.692897435897436,0.7128717948717949,0.181076923076923,0.4977948717948717,0.0782820512820512,0.1656153846153845,0.1966153846153846,0.0303589743589743,0.3426923076923076,0.2272051282051282,0.2046153846153846,0.526128205128205,0.3177179487179488,0.6075384615384617,0.4235384615384615,0.4874615384615384,0.3515128205128205,0.1186410256410256,0.0454615384615384,0.0799743589743589,0.1086666666666666,0.4068205128205129,0.0261410256410256,0.3419999999999999,371.8205128205128,73.12820512820512
all,2026-06-10,43.0,31.0,0.3204651162790697,0.208906976744186,0.2302093023255814,0.1490465116279069,0.1515116279069767,0.3426279069767442,0.2820930232558139,0.7484186046511627,0.715953488372093,0.1854186046511627,0.4841627906976745,0.1784883720930232,0.1561162790697674,0.3142790697674418,0.0825581395348837,0.4322790697674418,0.2921627906976743,0.3008139534883721,0.3955581395348837,0.3246511627906976,0.5809302325581396,0.5137209302325582,0.5462093023255814,0.3286744186046512,0.1203488372093023,0.0607209302325581,0.1062325581395348,0.148906976744186,0.4536511627906977,-0.0199127906976744,0.2706976744186046,369.8372093023256,73.37209302325581
all,2026-06-11,23.0,18.0,0.3875652173913043,0.3164347826086956,0.3248260869565217,0.2844782608695652,0.1196086956521739,0.3379565217391304,0.3227826086956522,0.7118695652173913,0.793913043478261,0.247,0.6005652173913044,0.1360434782608695,0.2977391304347826,0.3922608695652173,0.1164347826086956,0.4552608695652175,0.3254347826086956,0.3741304347826087,0.4369565217391304,0.2639130434782608,0.5942608695652173,0.4281739130434782,0.4582173913043479,0.4055652173913044,0.1910869565217391,0.1124782608695651,0.1138260869565217,0.1823043478260869,0.4609565217391304,0.0995434782608695,0.3824927536231883,520.9565217391304,102.7391304347826
all,2026-06-12,26.0,19.0,0.3399615384615385,0.2666538461538462,0.3037307692307692,0.1621923076923077,0.0974999999999999,0.3300384615384615,0.3058076923076923,0.6931923076923077,0.774076923076923,0.2490384615384615,0.5151538461538461,0.1175384615384615,0.2221153846153846,0.258076923076923,0.0786538461538461,0.4247692307692307,0.2913076923076923,0.3594230769230769,0.4071538461538461,0.3020769230769231,0.5786923076923077,0.3818461538461539,0.3979230769230769,0.3695769230769231,0.1946153846153846,0.172,0.0795384615384615,0.1344230769230769,0.4046923076923076,0.0543653846153846,0.3750897435897435,489.46153846153845,95.84615384615384
all,2026-06-13,49.0,33.0,0.4219591836734693,0.2612040816326531,0.3288367346938776,0.2259795918367347,0.1010204081632653,0.3790816326530612,0.3323061224489796,0.773204081632653,0.7868571428571428,0.2403673469387755,0.6333469387755103,0.1576938775510204,0.2622653061224489,0.3108775510204081,0.0744285714285714,0.4486530612244898,0.3556122448979591,0.3130612244897959,0.5902448979591837,0.2942244897959183,0.6597551020408162,0.4702448979591836,0.5525918367346939,0.3996938775510204,0.1930204081632653,0.089204081632653,0.0521224489795918,0.1779591836734693,0.4865714285714286,0.0694438775510204,0.4115306122448979,566.0,107.75510204081633
all,2026-06-14,46.0,29.0,0.3788695652173914,0.2989130434782608,0.3278478260869564,0.223804347826087,0.1086739130434782,0.3642826086956522,0.3227608695652174,0.7117391304347825,0.7725434782608696,0.2198478260869565,0.593304347826087,0.1450652173913043,0.2574347826086957,0.3215652173913043,0.0843478260869565,0.4274130434782609,0.3128478260869565,0.3570652173913043,0.4056086956521739,0.2953913043478261,0.6128260869565217,0.4090869565217391,0.4515434782608696,0.3451086956521739,0.1855434782608695,0.1222826086956521,0.1085434782608695,0.1489130434782608,0.463108695652174,0.0708804347826086,0.3844130434782609,510.39130434782606,96.8695652173913
all,2026-06-15,21.0,15.0,0.4667142857142856,0.3164761904761904,0.3539047619047618,0.2502380952380952,0.0942857142857142,0.4212380952380952,0.3414761904761905,0.7861904761904762,0.7572380952380953,0.2165238095238095,0.5816190476190476,0.1714761904761904,0.2494285714285714,0.3417142857142856,0.060047619047619,0.5033809523809524,0.3567142857142857,0.4065238095238095,0.4457142857142857,0.3271904761904762,0.7073809523809524,0.4309999999999999,0.5356666666666667,0.3336666666666667,0.1935238095238095,0.126,0.1689047619047619,0.1842380952380952,0.5022857142857142,0.0890714285714285,0.4316666666666665,675.1904761904761,129.14285714285714
all,2026-06-16,23.0,19.0,0.3847391304347826,0.2514782608695652,0.3041304347826087,0.2300434782608696,0.0840869565217391,0.3459565217391304,0.2936521739130435,0.7860434782608696,0.7897826086956521,0.214695652173913,0.6060869565217392,0.1275652173913043,0.1789130434782608,0.3422608695652174,0.0489565217391304,0.4270434782608696,0.2993043478260869,0.2666086956521739,0.4740434782608695,0.2386521739130434,0.6203043478260869,0.4371739130434783,0.5679565217391304,0.4082173913043478,0.158,0.091,0.0985652173913043,0.1347391304347826,0.4460434782608695,0.0775760869565217,0.4087971014492754,468.60869565217394,93.3913043478261
all,2026-06-17,41.0,29.0,0.440951219512195,0.2937073170731707,0.3531707317073171,0.1795609756097561,0.1500487804878049,0.4082926829268292,0.4010731707317073,0.7415121951219512,0.7760487804878048,0.2721219512195122,0.5548780487804879,0.1721951219512195,0.2819024390243902,0.336609756097561,0.1046341463414634,0.4678536585365854,0.4042439024390244,0.3750975609756097,0.6179756097560976,0.4202439024390244,0.6830487804878048,0.5240487804878049,0.5003414634146343,0.3710975609756097,0.1981463414634146,0.1387317073170731,0.0503414634146341,0.1690487804878049,0.4917560975609756,0.0376768292682926,0.3733414634146341,549.0731707317074,104.97560975609755
all,2026-06-18,37.0,26.0,0.3592162162162162,0.2502972972972974,0.2563243243243243,0.1982972972972973,0.0951891891891891,0.3063783783783784,0.3276216216216217,0.7421621621621621,0.7432702702702705,0.206108108108108,0.4441351351351351,0.1006486486486486,0.2341081081081081,0.2512432432432432,0.0697027027027026,0.423972972972973,0.2952162162162162,0.3376486486486487,0.4056216216216216,0.2891621621621622,0.6320270270270272,0.4484324324324324,0.5912702702702705,0.3391891891891892,0.2217297297297297,0.1076486486486486,0.0506756756756756,0.1478108108108107,0.4402702702702702,0.06525,0.3577477477477477,578.5945945945946,112.27027027027027
all,2026-06-19,21.0,16.0,0.3771904761904762,0.2415238095238095,0.2697142857142857,0.1719047619047619,0.1113333333333333,0.3034285714285714,0.29,0.7563809523809524,0.7222380952380952,0.1811428571428571,0.4302857142857141,0.1175238095238095,0.2711428571428571,0.3109047619047619,0.0552857142857142,0.3861904761904761,0.2962380952380952,0.3344285714285714,0.4317142857142856,0.3142857142857143,0.6190476190476191,0.4867619047619048,0.509047619047619,0.3227619047619048,0.1815238095238095,0.1089999999999999,0.0507142857142857,0.1282380952380952,0.4218095238095238,0.0577023809523809,0.3450476190476191,537.047619047619,104.38095238095238
all,2026-06-20,25.0,19.0,0.3560799999999999,0.2286,0.26976,0.19532,0.08856,0.3308,0.2816,0.63928,0.73556,0.20996,0.42804,0.1116,0.23156,0.24964,0.06492,0.4104,0.25176,0.33816,0.3498,0.2327199999999999,0.58548,0.41872,0.47648,0.27596,0.19596,0.14168,0.083,0.15084,0.419,0.05276,0.36524,593.88,115.04
all,2026-06-21,33.0,29.0,0.4043333333333334,0.2751212121212121,0.3453939393939393,0.2313030303030303,0.1072727272727272,0.3322121212121212,0.2849090909090909,0.7128787878787879,0.7511515151515151,0.2468787878787879,0.5623333333333332,0.1264545454545454,0.2673030303030303,0.280939393939394,0.0682424242424242,0.4326363636363636,0.2941212121212121,0.335969696969697,0.4596363636363636,0.2955151515151515,0.6355757575757575,0.4446363636363636,0.4809393939393939,0.3913030303030304,0.1474545454545454,0.0637272727272727,0.0585151515151515,0.150030303030303,0.4602424242424242,0.0942954545454545,0.393020202020202,509.5151515151515,101.24242424242424
all,2026-06-22,24.0,18.0,0.4800833333333334,0.355375,0.395625,0.2472916666666667,0.1520833333333333,0.4582916666666666,0.3928749999999999,0.8080000000000002,0.7547916666666667,0.2982916666666667,0.6877916666666667,0.2185833333333333,0.27925,0.39425,0.0685833333333333,0.4865416666666666,0.395625,0.3997083333333333,0.590875,0.3447083333333333,0.758,0.5527083333333334,0.614375,0.5218333333333334,0.2073333333333333,0.1379583333333333,0.06,0.1984583333333333,0.5161250000000001,0.06440625,0.3914166666666667,626.7083333333334,123.25
all,2026-06-23,26.0,19.0,0.4544230769230769,0.3169615384615385,0.3935769230769231,0.2866923076923077,0.1167692307692307,0.4225384615384616,0.3952307692307693,0.7467307692307692,0.736,0.2749999999999999,0.524,0.1681923076923076,0.1596538461538461,0.3740384615384616,0.0694999999999999,0.5169615384615385,0.3494615384615385,0.4336923076923076,0.4087307692307692,0.3106538461538461,0.7189615384615385,0.6071923076923077,0.5485,0.3373076923076923,0.1939230769230769,0.0989230769230769,0.0798846153846154,0.1738846153846154,0.4996923076923077,0.0932596153846153,0.4112307692307692,917.1538461538462,178.34615384615384
all,2026-06-24,37.0,30.0,0.4822162162162163,0.3052432432432432,0.2995945945945946,0.2009459459459459,0.0788918918918919,0.3176216216216216,0.2609459459459459,0.694027027027027,0.8229729729729729,0.2228378378378378,0.5843243243243245,0.127081081081081,0.2082162162162162,0.3195675675675676,0.0563783783783783,0.4411081081081081,0.2973783783783784,0.314054054054054,0.4826756756756757,0.2183783783783783,0.5558378378378377,0.4098648648648649,0.4674054054054054,0.3658378378378378,0.1382432432432432,0.0832432432432432,0.0623783783783783,0.1414054054054053,0.4274324324324324,0.1237432432432432,0.4560360360360361,523.6756756756756,102.0
all,2026-06-25,20.0,17.0,0.3276,0.3097499999999999,0.3218499999999999,0.2041,0.0784499999999999,0.3016999999999999,0.23975,0.67265,0.7538499999999999,0.18985,0.56245,0.0924,0.1307499999999999,0.30945,0.042,0.38445,0.23215,0.3014,0.2911999999999999,0.22845,0.5925499999999999,0.4394999999999999,0.4372,0.3627999999999999,0.15435,0.07575,0.0671,0.1272999999999999,0.39735,0.10075,0.3893166666666666,436.15,83.25
all,2026-06-26,27.0,16.0,0.4798888888888888,0.3657777777777778,0.4264814814814815,0.2435555555555555,0.0999999999999999,0.4528518518518518,0.4178888888888888,0.7843703703703704,0.7955555555555555,0.3129259259259259,0.6237407407407408,0.2012592592592592,0.2448888888888888,0.4584814814814814,0.0855555555555555,0.5551851851851851,0.3982962962962963,0.4531111111111111,0.5762222222222222,0.2704444444444444,0.753074074074074,0.586111111111111,0.5075185185185186,0.4212962962962963,0.198074074074074,0.1347407407407407,0.0428888888888888,0.2098518518518518,0.5196666666666667,0.1025,0.4673086419753087,812.7777777777778,159.74074074074073
all,2026-06-27,18.0,14.0,,,,,,,,,,,,,,,,,,,,,,,,,,,,,,,,,
all,2026-06-28,33.0,25.0,0.2447272727272727,0.1735454545454545,0.2311212121212121,0.1436363636363636,0.0923939393939393,0.2664545454545454,0.2542121212121211,0.5972424242424242,0.6588484848484849,0.1652424242424242,0.4629090909090909,0.113030303030303,0.211030303030303,0.2100909090909091,0.0253939393939393,0.3638484848484848,0.2377878787878788,0.3063333333333333,0.3506363636363637,0.3707272727272727,0.5657878787878787,0.387939393939394,0.4250909090909091,0.2480909090909091,0.1322424242424242,0.0772424242424242,0.0947878787878788,0.1163030303030303,0.4103939393939393,0.0188333333333333,0.2858383838383838,351.1212121212121,69.12121212121212
all,2026-06-29,18.0,16.0,,,,,,,,,,,,,,,,,,,,,,,,,,,,,,,,,
all,2026-06-30,26.0,19.0,0.4725384615384616,0.2018076923076923,0.3011538461538461,0.2124615384615384,0.1063846153846153,0.2509615384615384,0.1851923076923077,0.7643846153846153,0.7711538461538462,0.1893846153846154,0.5485769230769231,0.1174230769230769,0.095,0.2201923076923077,0.0849615384615384,0.3801923076923076,0.2345,0.244076923076923,0.3803846153846153,0.1913076923076923,0.508,0.3416538461538461,0.5556923076923076,0.3948846153846154,0.0836538461538461,0.0305,0.0329230769230769,0.1367307692307692,0.4316923076923077,0.1183173076923077,0.4085641025641026,486.1923076923077,98.0
all,2026-07-01,24.0,22.0,0.3710833333333332,0.2402916666666666,0.3331666666666666,0.2142083333333333,0.1821666666666666,0.3198333333333333,0.31625,0.7253333333333334,0.7360000000000001,0.2582916666666666,0.6315833333333333,0.1208333333333333,0.2150416666666666,0.2964583333333333,0.0531666666666666,0.462875,0.3117083333333333,0.3528333333333333,0.4420833333333333,0.2954583333333333,0.6146249999999999,0.40275,0.4584583333333333,0.3255416666666667,0.1443333333333333,0.0871666666666666,0.03575,0.159625,0.48025,0.0386875,0.2979166666666666,559.0833333333334,105.41666666666669
all,2026-07-02,24.0,21.0,0.4383333333333333,0.2465416666666666,0.2867916666666666,0.1795833333333333,0.1025416666666666,0.3381249999999999,0.2805416666666667,0.7115416666666666,0.7735,0.2040833333333333,0.4719166666666667,0.143625,0.1870833333333333,0.2154583333333333,0.0551666666666666,0.3679583333333333,0.26275,0.2753333333333333,0.4084583333333333,0.2641666666666666,0.5984583333333333,0.4287083333333333,0.4654583333333333,0.28275,0.1485416666666666,0.109375,0.0944583333333333,0.1375833333333333,0.4130833333333334,0.0674791666666666,0.3969999999999999,593.3333333333334,113.45833333333331
all,2026-07-03,20.0,18.0,0.3447,0.2263,0.3109,0.18095,0.1109,0.33605,0.29315,0.7217499999999999,0.79245,0.2021,0.5788,0.1636999999999999,0.2566,0.2593,0.06735,0.3934,0.32605,0.3375499999999999,0.4971,0.3641,0.6276500000000002,0.4381,0.4979,0.4474,0.17495,0.11535,0.0786,0.16125,0.4495999999999999,0.0422375,0.3717833333333333,482.05,90.85
all,2026-07-04,20.0,17.0,0.45035,0.30145,0.3472,0.1946499999999999,0.128,0.39035,0.3984499999999999,0.78775,0.7747,0.2594999999999999,0.4962999999999999,0.1480999999999999,0.19055,0.33225,0.0908,0.44995,0.36385,0.3674,0.5521499999999999,0.35065,0.6057,0.4663,0.47735,0.3789499999999999,0.2424499999999999,0.18945,0.12135,0.18305,0.48125,0.0642374999999999,0.3960833333333333,931.2,179.5
all,2026-07-05,29.0,27.0,0.3501724137931034,0.2592413793103448,0.2976551724137931,0.2048620689655172,0.1243103448275862,0.3692413793103448,0.3283793103448276,0.7070689655172413,0.7149655172413791,0.2249655172413793,0.4796896551724138,0.1717931034482758,0.3157931034482758,0.3749310344827585,0.0568620689655172,0.3971379310344827,0.344448275862069,0.3265172413793103,0.5748965517241378,0.3379655172413792,0.6268620689655173,0.4962758620689655,0.5045172413793103,0.3371034482758621,0.1657586206896551,0.0927586206896551,0.1229999999999999,0.1737931034482758,0.4702413793103448,0.0312068965517241,0.3299540229885058,746.1379310344828,146.58620689655172
all,2026-07-06,30.0,21.0,0.4587333333333332,0.3439999999999999,0.4236666666666666,0.2174999999999999,0.1196333333333333,0.4305,0.3553666666666667,0.7612666666666666,0.7558666666666666,0.2944666666666666,0.7183333333333333,0.1490666666666666,0.1590666666666666,0.3602666666666667,0.0877666666666666,0.4933333333333333,0.3388666666666666,0.3561666666666666,0.5685333333333333,0.3113333333333333,0.7276666666666667,0.5534666666666667,0.5355,0.4211999999999999,0.1662666666666666,0.1412666666666666,0.0918333333333333,0.1703666666666667,0.4774,0.0859083333333333,0.4264555555555555,718.8,140.23333333333332
all,2026-07-07,35.0,31.0,0.4353142857142856,0.3462571428571428,0.3293999999999999,0.2432,0.1211142857142857,0.3952857142857143,0.3543714285714285,0.6949142857142857,0.7649714285714285,0.2551714285714285,0.6092000000000001,0.1780857142857143,0.179,0.3460285714285714,0.0878,0.4341428571428571,0.3170285714285714,0.4035714285714286,0.5618,0.3410000000000001,0.6934571428571429,0.4665428571428571,0.422,0.3621714285714286,0.1921428571428571,0.1878,0.0942571428571428,0.1488,0.4542571428571428,0.0803428571428571,0.3887809523809524,583.9142857142857,113.11428571428571
all,2026-07-08,36.0,30.0,0.3917142857142857,0.2457142857142857,0.2830571428571429,0.1691714285714285,0.1165142857142857,0.3140571428571428,0.3150285714285714,0.6868571428571429,0.7508285714285714,0.2036857142857143,0.552057142857143,0.1000857142857142,0.2072285714285714,0.2761714285714286,0.0702,0.3851714285714285,0.2929142857142857,0.2749999999999999,0.4697714285714285,0.2937142857142857,0.5734857142857144,0.4144571428571429,0.4755142857142857,0.3483714285714285,0.1447428571428571,0.1278571428571428,0.0994285714285714,0.1321714285714285,0.4387142857142857,0.0571285714285714,0.3586857142857143,500.75,97.33333333333331
all,2026-07-09,11.0,11.0,,,,,,,,,,,,,,,,,,,,,,,,,,,,,,,,,
en,2023-04-15,1.0,1.0,,,,,,,,,,,,,,,,,,,,,,,,,,,,,,,,,
en,2023-05-08,1.0,1.0,,,,,,,,,,,,,,,,,,,,,,,,,,,,,,,,,
en,2023-05-09,1.0,1.0,,,,,,,,,,,,,,,,,,,,,,,,,,,,,,,,,
en,2023-06-26,1.0,1.0,,,,,,,,,,,,,,,,,,,,,,,,,,,,,,,,,
en,2023-07-12,1.0,1.0,,,,,,,,,,,,,,,,,,,,,,,,,,,,,,,,,
en,2023-07-22,1.0,1.0,,,,,,,,,,,,,,,,,,,,,,,,,,,,,,,,,
en,2023-08-01,1.0,1.0,,,,,,,,,,,,,,,,,,,,,,,,,,,,,,,,,
en,2023-08-14,1.0,1.0,,,,,,,,,,,,,,,,,,,,,,,,,,,,,,,,,
en,2023-09-14,1.0,1.0,,,,,,,,,,,,,,,,,,,,,,,,,,,,,,,,,
en,2023-09-23,1.0,1.0,,,,,,,,,,,,,,,,,,,,,,,,,,,,,,,,,
en,2023-09-25,2.0,1.0,,,,,,,,,,,,,,,,,,,,,,,,,,,,,,,,,
en,2023-09-28,2.0,2.0,,,,,,,,,,,,,,,,,,,,,,,,,,,,,,,,,
en,2023-10-02,1.0,1.0,,,,,,,,,,,,,,,,,,,,,,,,,,,,,,,,,
en,2023-10-03,1.0,1.0,,,,,,,,,,,,,,,,,,,,,,,,,,,,,,,,,
en,2023-10-05,5.0,3.0,,,,,,,,,,,,,,,,,,,,,,,,,,,,,,,,,
en,2023-10-06,1.0,1.0,,,,,,,,,,,,,,,,,,,,,,,,,,,,,,,,,
en,2023-10-07,1.0,1.0,,,,,,,,,,,,,,,,,,,,,,,,,,,,,,,,,
en,2023-10-08,1.0,1.0,,,,,,,,,,,,,,,,,,,,,,,,,,,,,,,,,
en,2023-10-09,1.0,1.0,,,,,,,,,,,,,,,,,,,,,,,,,,,,,,,,,
en,2023-10-10,2.0,2.0,,,,,,,,,,,,,,,,,,,,,,,,,,,,,,,,,
en,2023-10-11,6.0,4.0,,,,,,,,,,,,,,,,,,,,,,,,,,,,,,,,,
en,2023-10-13,7.0,5.0,,,,,,,,,,,,,,,,,,,,,,,,,,,,,,,,,
en,2023-10-14,2.0,2.0,,,,,,,,,,,,,,,,,,,,,,,,,,,,,,,,,
en,2023-10-15,1.0,1.0,,,,,,,,,,,,,,,,,,,,,,,,,,,,,,,,,
en,2023-10-16,4.0,4.0,,,,,,,,,,,,,,,,,,,,,,,,,,,,,,,,,
en,2023-10-17,1.0,1.0,,,,,,,,,,,,,,,,,,,,,,,,,,,,,,,,,
en,2023-10-18,3.0,2.0,,,,,,,,,,,,,,,,,,,,,,,,,,,,,,,,,
en,2023-10-19,1.0,1.0,,,,,,,,,,,,,,,,,,,,,,,,,,,,,,,,,
en,2023-10-20,1.0,1.0,,,,,,,,,,,,,,,,,,,,,,,,,,,,,,,,,
en,2023-10-21,4.0,3.0,,,,,,,,,,,,,,,,,,,,,,,,,,,,,,,,,
en,2023-10-22,2.0,2.0,,,,,,,,,,,,,,,,,,,,,,,,,,,,,,,,,
en,2023-10-23,1.0,1.0,,,,,,,,,,,,,,,,,,,,,,,,,,,,,,,,,
en,2023-10-24,2.0,1.0,,,,,,,,,,,,,,,,,,,,,,,,,,,,,,,,,
en,2023-10-25,2.0,2.0,,,,,,,,,,,,,,,,,,,,,,,,,,,,,,,,,
en,2023-10-26,3.0,3.0,,,,,,,,,,,,,,,,,,,,,,,,,,,,,,,,,
en,2023-10-27,1.0,1.0,,,,,,,,,,,,,,,,,,,,,,,,,,,,,,,,,
en,2023-10-28,2.0,2.0,,,,,,,,,,,,,,,,,,,,,,,,,,,,,,,,,
en,2023-10-29,3.0,2.0,,,,,,,,,,,,,,,,,,,,,,,,,,,,,,,,,
en,2023-10-30,2.0,2.0,,,,,,,,,,,,,,,,,,,,,,,,,,,,,,,,,
en,2023-10-31,1.0,1.0,,,,,,,,,,,,,,,,,,,,,,,,,,,,,,,,,
en,2023-11-01,2.0,1.0,,,,,,,,,,,,,,,,,,,,,,,,,,,,,,,,,
en,2023-11-02,3.0,2.0,,,,,,,,,,,,,,,,,,,,,,,,,,,,,,,,,
en,2023-11-03,2.0,2.0,,,,,,,,,,,,,,,,,,,,,,,,,,,,,,,,,
en,2023-11-04,1.0,1.0,,,,,,,,,,,,,,,,,,,,,,,,,,,,,,,,,
en,2023-11-05,1.0,1.0,,,,,,,,,,,,,,,,,,,,,,,,,,,,,,,,,
en,2023-11-06,1.0,1.0,,,,,,,,,,,,,,,,,,,,,,,,,,,,,,,,,
en,2023-11-07,2.0,2.0,,,,,,,,,,,,,,,,,,,,,,,,,,,,,,,,,
en,2023-11-08,5.0,5.0,,,,,,,,,,,,,,,,,,,,,,,,,,,,,,,,,
en,2023-11-09,3.0,3.0,,,,,,,,,,,,,,,,,,,,,,,,,,,,,,,,,
en,2023-11-10,3.0,3.0,,,,,,,,,,,,,,,,,,,,,,,,,,,,,,,,,
en,2023-11-11,4.0,3.0,,,,,,,,,,,,,,,,,,,,,,,,,,,,,,,,,
en,2023-11-12,6.0,4.0,,,,,,,,,,,,,,,,,,,,,,,,,,,,,,,,,
en,2023-11-13,4.0,3.0,,,,,,,,,,,,,,,,,,,,,,,,,,,,,,,,,
en,2023-11-14,2.0,2.0,,,,,,,,,,,,,,,,,,,,,,,,,,,,,,,,,
en,2023-11-15,2.0,2.0,,,,,,,,,,,,,,,,,,,,,,,,,,,,,,,,,
en,2023-11-16,4.0,3.0,,,,,,,,,,,,,,,,,,,,,,,,,,,,,,,,,
en,2023-11-17,4.0,3.0,,,,,,,,,,,,,,,,,,,,,,,,,,,,,,,,,
en,2023-11-18,2.0,1.0,,,,,,,,,,,,,,,,,,,,,,,,,,,,,,,,,
en,2023-11-19,1.0,1.0,,,,,,,,,,,,,,,,,,,,,,,,,,,,,,,,,
en,2023-11-20,5.0,5.0,,,,,,,,,,,,,,,,,,,,,,,,,,,,,,,,,
en,2023-11-21,4.0,4.0,,,,,,,,,,,,,,,,,,,,,,,,,,,,,,,,,
en,2023-11-22,3.0,3.0,,,,,,,,,,,,,,,,,,,,,,,,,,,,,,,,,
en,2023-11-23,4.0,4.0,,,,,,,,,,,,,,,,,,,,,,,,,,,,,,,,,
en,2023-11-24,3.0,2.0,,,,,,,,,,,,,,,,,,,,,,,,,,,,,,,,,
en,2023-11-25,3.0,3.0,,,,,,,,,,,,,,,,,,,,,,,,,,,,,,,,,
en,2023-11-26,4.0,3.0,,,,,,,,,,,,,,,,,,,,,,,,,,,,,,,,,
en,2023-11-27,3.0,3.0,,,,,,,,,,,,,,,,,,,,,,,,,,,,,,,,,
en,2023-11-28,2.0,2.0,,,,,,,,,,,,,,,,,,,,,,,,,,,,,,,,,
en,2023-11-29,3.0,2.0,,,,,,,,,,,,,,,,,,,,,,,,,,,,,,,,,
en,2023-11-30,4.0,4.0,,,,,,,,,,,,,,,,,,,,,,,,,,,,,,,,,
en,2023-12-01,7.0,4.0,,,,,,,,,,,,,,,,,,,,,,,,,,,,,,,,,
en,2023-12-02,4.0,4.0,,,,,,,,,,,,,,,,,,,,,,,,,,,,,,,,,
en,2023-12-03,5.0,4.0,,,,,,,,,,,,,,,,,,,,,,,,,,,,,,,,,
en,2023-12-04,3.0,3.0,,,,,,,,,,,,,,,,,,,,,,,,,,,,,,,,,
en,2023-12-05,7.0,6.0,,,,,,,,,,,,,,,,,,,,,,,,,,,,,,,,,
en,2023-12-06,7.0,6.0,,,,,,,,,,,,,,,,,,,,,,,,,,,,,,,,,
en,2023-12-07,5.0,4.0,,,,,,,,,,,,,,,,,,,,,,,,,,,,,,,,,
en,2023-12-08,3.0,3.0,,,,,,,,,,,,,,,,,,,,,,,,,,,,,,,,,
en,2023-12-09,3.0,3.0,,,,,,,,,,,,,,,,,,,,,,,,,,,,,,,,,
en,2023-12-10,4.0,4.0,,,,,,,,,,,,,,,,,,,,,,,,,,,,,,,,,
en,2023-12-11,5.0,3.0,,,,,,,,,,,,,,,,,,,,,,,,,,,,,,,,,
en,2023-12-12,4.0,3.0,,,,,,,,,,,,,,,,,,,,,,,,,,,,,,,,,
en,2023-12-13,4.0,3.0,,,,,,,,,,,,,,,,,,,,,,,,,,,,,,,,,
en,2023-12-14,2.0,2.0,,,,,,,,,,,,,,,,,,,,,,,,,,,,,,,,,
en,2023-12-15,2.0,2.0,,,,,,,,,,,,,,,,,,,,,,,,,,,,,,,,,
en,2023-12-16,2.0,2.0,,,,,,,,,,,,,,,,,,,,,,,,,,,,,,,,,
en,2023-12-17,1.0,1.0,,,,,,,,,,,,,,,,,,,,,,,,,,,,,,,,,
en,2023-12-18,1.0,1.0,,,,,,,,,,,,,,,,,,,,,,,,,,,,,,,,,
en,2023-12-19,2.0,2.0,,,,,,,,,,,,,,,,,,,,,,,,,,,,,,,,,
en,2023-12-20,5.0,4.0,,,,,,,,,,,,,,,,,,,,,,,,,,,,,,,,,
en,2023-12-21,1.0,1.0,,,,,,,,,,,,,,,,,,,,,,,,,,,,,,,,,
en,2023-12-22,1.0,1.0,,,,,,,,,,,,,,,,,,,,,,,,,,,,,,,,,
en,2023-12-23,2.0,2.0,,,,,,,,,,,,,,,,,,,,,,,,,,,,,,,,,
en,2023-12-24,1.0,1.0,,,,,,,,,,,,,,,,,,,,,,,,,,,,,,,,,
en,2023-12-25,2.0,2.0,,,,,,,,,,,,,,,,,,,,,,,,,,,,,,,,,
en,2023-12-26,5.0,3.0,,,,,,,,,,,,,,,,,,,,,,,,,,,,,,,,,
en,2023-12-27,4.0,4.0,,,,,,,,,,,,,,,,,,,,,,,,,,,,,,,,,
en,2023-12-28,3.0,1.0,,,,,,,,,,,,,,,,,,,,,,,,,,,,,,,,,
en,2023-12-29,3.0,3.0,,,,,,,,,,,,,,,,,,,,,,,,,,,,,,,,,
en,2023-12-30,1.0,1.0,,,,,,,,,,,,,,,,,,,,,,,,,,,,,,,,,
en,2023-12-31,1.0,1.0,,,,,,,,,,,,,,,,,,,,,,,,,,,,,,,,,
en,2024-01-01,2.0,1.0,,,,,,,,,,,,,,,,,,,,,,,,,,,,,,,,,
en,2024-01-02,2.0,2.0,,,,,,,,,,,,,,,,,,,,,,,,,,,,,,,,,
en,2024-01-03,2.0,2.0,,,,,,,,,,,,,,,,,,,,,,,,,,,,,,,,,
en,2024-01-04,5.0,5.0,,,,,,,,,,,,,,,,,,,,,,,,,,,,,,,,,
en,2024-01-05,1.0,1.0,,,,,,,,,,,,,,,,,,,,,,,,,,,,,,,,,
en,2024-01-07,2.0,2.0,,,,,,,,,,,,,,,,,,,,,,,,,,,,,,,,,
en,2024-01-08,5.0,3.0,,,,,,,,,,,,,,,,,,,,,,,,,,,,,,,,,
en,2024-01-09,2.0,2.0,,,,,,,,,,,,,,,,,,,,,,,,,,,,,,,,,
en,2024-01-10,4.0,3.0,,,,,,,,,,,,,,,,,,,,,,,,,,,,,,,,,
en,2024-01-11,3.0,2.0,,,,,,,,,,,,,,,,,,,,,,,,,,,,,,,,,
en,2024-01-12,1.0,1.0,,,,,,,,,,,,,,,,,,,,,,,,,,,,,,,,,
en,2024-01-13,4.0,4.0,,,,,,,,,,,,,,,,,,,,,,,,,,,,,,,,,
en,2024-01-14,3.0,3.0,,,,,,,,,,,,,,,,,,,,,,,,,,,,,,,,,
en,2024-01-15,3.0,2.0,,,,,,,,,,,,,,,,,,,,,,,,,,,,,,,,,
en,2024-01-16,3.0,3.0,,,,,,,,,,,,,,,,,,,,,,,,,,,,,,,,,
en,2024-01-17,5.0,3.0,,,,,,,,,,,,,,,,,,,,,,,,,,,,,,,,,
en,2024-01-19,5.0,5.0,,,,,,,,,,,,,,,,,,,,,,,,,,,,,,,,,
en,2024-01-20,3.0,3.0,,,,,,,,,,,,,,,,,,,,,,,,,,,,,,,,,
en,2024-01-21,4.0,4.0,,,,,,,,,,,,,,,,,,,,,,,,,,,,,,,,,
en,2024-01-22,5.0,3.0,,,,,,,,,,,,,,,,,,,,,,,,,,,,,,,,,
en,2024-01-23,6.0,4.0,,,,,,,,,,,,,,,,,,,,,,,,,,,,,,,,,
en,2024-01-24,6.0,5.0,,,,,,,,,,,,,,,,,,,,,,,,,,,,,,,,,
en,2024-01-25,2.0,2.0,,,,,,,,,,,,,,,,,,,,,,,,,,,,,,,,,
en,2024-01-26,2.0,2.0,,,,,,,,,,,,,,,,,,,,,,,,,,,,,,,,,
en,2024-01-27,6.0,4.0,,,,,,,,,,,,,,,,,,,,,,,,,,,,,,,,,
en,2024-01-28,3.0,3.0,,,,,,,,,,,,,,,,,,,,,,,,,,,,,,,,,
en,2024-01-29,4.0,4.0,,,,,,,,,,,,,,,,,,,,,,,,,,,,,,,,,
en,2024-01-30,3.0,3.0,,,,,,,,,,,,,,,,,,,,,,,,,,,,,,,,,
en,2024-01-31,2.0,2.0,,,,,,,,,,,,,,,,,,,,,,,,,,,,,,,,,
en,2024-02-01,5.0,4.0,,,,,,,,,,,,,,,,,,,,,,,,,,,,,,,,,
en,2024-02-02,6.0,6.0,,,,,,,,,,,,,,,,,,,,,,,,,,,,,,,,,
en,2024-02-03,5.0,3.0,,,,,,,,,,,,,,,,,,,,,,,,,,,,,,,,,
en,2024-02-04,5.0,4.0,,,,,,,,,,,,,,,,,,,,,,,,,,,,,,,,,
en,2024-02-05,5.0,5.0,,,,,,,,,,,,,,,,,,,,,,,,,,,,,,,,,
en,2024-02-06,3.0,2.0,,,,,,,,,,,,,,,,,,,,,,,,,,,,,,,,,
en,2024-02-07,6.0,6.0,,,,,,,,,,,,,,,,,,,,,,,,,,,,,,,,,
en,2024-02-08,4.0,3.0,,,,,,,,,,,,,,,,,,,,,,,,,,,,,,,,,
en,2024-02-09,4.0,2.0,,,,,,,,,,,,,,,,,,,,,,,,,,,,,,,,,
en,2024-02-10,7.0,6.0,,,,,,,,,,,,,,,,,,,,,,,,,,,,,,,,,
en,2024-02-11,4.0,3.0,,,,,,,,,,,,,,,,,,,,,,,,,,,,,,,,,
en,2024-02-12,2.0,2.0,,,,,,,,,,,,,,,,,,,,,,,,,,,,,,,,,
en,2024-02-13,2.0,2.0,,,,,,,,,,,,,,,,,,,,,,,,,,,,,,,,,
en,2024-02-14,5.0,3.0,,,,,,,,,,,,,,,,,,,,,,,,,,,,,,,,,
en,2024-02-15,5.0,3.0,,,,,,,,,,,,,,,,,,,,,,,,,,,,,,,,,
en,2024-02-16,5.0,4.0,,,,,,,,,,,,,,,,,,,,,,,,,,,,,,,,,
en,2024-02-17,3.0,3.0,,,,,,,,,,,,,,,,,,,,,,,,,,,,,,,,,
en,2024-02-18,6.0,5.0,,,,,,,,,,,,,,,,,,,,,,,,,,,,,,,,,
en,2024-02-19,4.0,4.0,,,,,,,,,,,,,,,,,,,,,,,,,,,,,,,,,
en,2024-02-20,5.0,5.0,,,,,,,,,,,,,,,,,,,,,,,,,,,,,,,,,
en,2024-02-21,2.0,2.0,,,,,,,,,,,,,,,,,,,,,,,,,,,,,,,,,
en,2024-02-22,5.0,4.0,,,,,,,,,,,,,,,,,,,,,,,,,,,,,,,,,
en,2024-02-23,2.0,2.0,,,,,,,,,,,,,,,,,,,,,,,,,,,,,,,,,
en,2024-02-24,3.0,3.0,,,,,,,,,,,,,,,,,,,,,,,,,,,,,,,,,
en,2024-02-25,3.0,1.0,,,,,,,,,,,,,,,,,,,,,,,,,,,,,,,,,
en,2024-02-26,4.0,4.0,,,,,,,,,,,,,,,,,,,,,,,,,,,,,,,,,
en,2024-02-27,4.0,4.0,,,,,,,,,,,,,,,,,,,,,,,,,,,,,,,,,
en,2024-02-28,5.0,3.0,,,,,,,,,,,,,,,,,,,,,,,,,,,,,,,,,
en,2024-02-29,1.0,1.0,,,,,,,,,,,,,,,,,,,,,,,,,,,,,,,,,
en,2024-03-01,4.0,3.0,,,,,,,,,,,,,,,,,,,,,,,,,,,,,,,,,
en,2024-03-02,8.0,6.0,,,,,,,,,,,,,,,,,,,,,,,,,,,,,,,,,
en,2024-03-03,3.0,3.0,,,,,,,,,,,,,,,,,,,,,,,,,,,,,,,,,
en,2024-03-04,5.0,4.0,,,,,,,,,,,,,,,,,,,,,,,,,,,,,,,,,
en,2024-03-05,4.0,3.0,,,,,,,,,,,,,,,,,,,,,,,,,,,,,,,,,
en,2024-03-06,3.0,3.0,,,,,,,,,,,,,,,,,,,,,,,,,,,,,,,,,
en,2024-03-07,2.0,2.0,,,,,,,,,,,,,,,,,,,,,,,,,,,,,,,,,
en,2024-03-08,3.0,3.0,,,,,,,,,,,,,,,,,,,,,,,,,,,,,,,,,
en,2024-03-09,1.0,1.0,,,,,,,,,,,,,,,,,,,,,,,,,,,,,,,,,
en,2024-03-10,1.0,1.0,,,,,,,,,,,,,,,,,,,,,,,,,,,,,,,,,
en,2024-03-11,3.0,2.0,,,,,,,,,,,,,,,,,,,,,,,,,,,,,,,,,
en,2024-03-12,4.0,4.0,,,,,,,,,,,,,,,,,,,,,,,,,,,,,,,,,
en,2024-03-14,3.0,3.0,,,,,,,,,,,,,,,,,,,,,,,,,,,,,,,,,
en,2024-03-15,2.0,2.0,,,,,,,,,,,,,,,,,,,,,,,,,,,,,,,,,
en,2024-03-16,2.0,2.0,,,,,,,,,,,,,,,,,,,,,,,,,,,,,,,,,
en,2024-03-17,3.0,3.0,,,,,,,,,,,,,,,,,,,,,,,,,,,,,,,,,
en,2024-03-18,1.0,1.0,,,,,,,,,,,,,,,,,,,,,,,,,,,,,,,,,
en,2024-03-19,4.0,3.0,,,,,,,,,,,,,,,,,,,,,,,,,,,,,,,,,
en,2024-03-20,2.0,2.0,,,,,,,,,,,,,,,,,,,,,,,,,,,,,,,,,
en,2024-03-21,14.0,7.0,,,,,,,,,,,,,,,,,,,,,,,,,,,,,,,,,
en,2024-03-22,5.0,5.0,,,,,,,,,,,,,,,,,,,,,,,,,,,,,,,,,
en,2024-03-23,2.0,2.0,,,,,,,,,,,,,,,,,,,,,,,,,,,,,,,,,
en,2024-03-24,4.0,3.0,,,,,,,,,,,,,,,,,,,,,,,,,,,,,,,,,
en,2024-03-25,70.0,55.0,0.2101428571428571,0.0855714285714285,0.1747,0.0926142857142856,0.1182857142857142,0.1713142857142857,0.1684999999999999,0.5422428571428571,0.5990142857142857,0.0988857142857142,0.4321428571428572,0.0599714285714285,0.1433857142857142,0.0986714285714285,0.0382571428571428,0.2413571428571428,0.1987,0.1282857142857142,0.3734285714285714,0.3463571428571429,0.4142,0.2222714285714286,0.3434714285714286,0.2728,0.1264857142857142,0.0222285714285714,0.0487285714285714,0.0539571428571428,0.3218142857142856,-0.0040428571428571,0.2096666666666666,187.32857142857145,36.98571428571429
en,2024-03-26,35.0,28.0,0.2240285714285714,0.0813142857142857,0.1651714285714285,0.1262,0.1153428571428571,0.1369428571428571,0.1561428571428571,0.6178,0.6843142857142858,0.0729428571428571,0.3202857142857143,0.0924,0.126,0.1600571428571429,0.0400857142857142,0.2311428571428571,0.1964285714285714,0.1089714285714285,0.3937142857142856,0.2842285714285714,0.355,0.2067142857142857,0.4120285714285714,0.2103428571428571,0.0936,0.0360285714285714,0.0463142857142857,0.0539999999999999,0.3454571428571429,0.0230357142857142,0.242495238095238,129.94285714285715,25.714285714285715
en,2024-03-27,23.0,21.0,0.1405217391304347,0.1000869565217391,0.158695652173913,0.1093478260869565,0.1460434782608695,0.1727826086956521,0.1471739130434782,0.5570869565217391,0.5635652173913044,0.1044782608695652,0.4797391304347827,0.0727391304347826,0.1111304347826086,0.1319565217391304,0.016,0.2816086956521739,0.1891739130434782,0.1938695652173913,0.417304347826087,0.3633913043478261,0.4875217391304347,0.2761304347826087,0.3233913043478261,0.3023478260869565,0.1051304347826087,0.0145652173913043,0.0569999999999999,0.0460434782608695,0.3260869565217392,-0.0322499999999999,0.1415507246376811,181.6086956521739,35.34782608695652
en,2024-03-28,8.0,7.0,,,,,,,,,,,,,,,,,,,,,,,,,,,,,,,,,
en,2024-03-29,17.0,13.0,,,,,,,,,,,,,,,,,,,,,,,,,,,,,,,,,
en,2024-03-30,21.0,14.0,0.2519999999999999,0.0974761904761904,0.1286666666666666,0.1223809523809523,0.0944761904761904,0.2020952380952381,0.2193333333333333,0.634047619047619,0.7192380952380952,0.1809523809523809,0.286,0.1607142857142857,0.2374761904761904,0.1442857142857142,0.0172857142857142,0.3059523809523809,0.2488571428571428,0.1692380952380952,0.4529047619047618,0.3341904761904761,0.4515714285714286,0.302952380952381,0.4783809523809523,0.1966190476190476,0.1241428571428571,0.017047619047619,0.0248571428571428,0.0743809523809523,0.3753333333333333,0.001845238095238,0.2721587301587302,447.57142857142856,81.0
en,2024-03-31,21.0,16.0,0.2750476190476191,0.1601428571428571,0.2148095238095238,0.1753809523809524,0.0823809523809523,0.2063333333333334,0.1714761904761905,0.6530952380952381,0.7205714285714284,0.1441904761904762,0.2558095238095237,0.131,0.1540952380952381,0.1523333333333333,0.1148571428571428,0.2679999999999999,0.1948571428571429,0.1904761904761905,0.4429523809523809,0.2295714285714285,0.5030476190476192,0.3325238095238095,0.4416190476190477,0.2418095238095238,0.1449523809523809,0.0222857142857142,0.1386190476190476,0.0811428571428571,0.3418095238095238,0.0619880952380952,0.321095238095238,282.3809523809524,54.142857142857146
en,2024-04-01,14.0,9.0,,,,,,,,,,,,,,,,,,,,,,,,,,,,,,,,,
en,2024-04-02,11.0,10.0,,,,,,,,,,,,,,,,,,,,,,,,,,,,,,,,,
en,2024-04-03,10.0,7.0,,,,,,,,,,,,,,,,,,,,,,,,,,,,,,,,,
en,2024-04-04,11.0,10.0,,,,,,,,,,,,,,,,,,,,,,,,,,,,,,,,,
en,2024-04-05,8.0,7.0,,,,,,,,,,,,,,,,,,,,,,,,,,,,,,,,,
en,2024-04-06,12.0,10.0,,,,,,,,,,,,,,,,,,,,,,,,,,,,,,,,,
en,2024-04-07,8.0,8.0,,,,,,,,,,,,,,,,,,,,,,,,,,,,,,,,,
en,2024-04-08,13.0,12.0,,,,,,,,,,,,,,,,,,,,,,,,,,,,,,,,,
en,2024-04-09,17.0,10.0,,,,,,,,,,,,,,,,,,,,,,,,,,,,,,,,,
en,2024-04-10,11.0,10.0,,,,,,,,,,,,,,,,,,,,,,,,,,,,,,,,,
en,2024-04-11,16.0,14.0,,,,,,,,,,,,,,,,,,,,,,,,,,,,,,,,,
en,2024-04-12,5.0,5.0,,,,,,,,,,,,,,,,,,,,,,,,,,,,,,,,,
en,2024-04-13,12.0,11.0,,,,,,,,,,,,,,,,,,,,,,,,,,,,,,,,,
en,2024-04-14,6.0,6.0,,,,,,,,,,,,,,,,,,,,,,,,,,,,,,,,,
en,2024-04-15,8.0,8.0,,,,,,,,,,,,,,,,,,,,,,,,,,,,,,,,,
en,2024-04-16,13.0,12.0,,,,,,,,,,,,,,,,,,,,,,,,,,,,,,,,,
en,2024-04-17,9.0,7.0,,,,,,,,,,,,,,,,,,,,,,,,,,,,,,,,,
en,2024-04-18,9.0,7.0,,,,,,,,,,,,,,,,,,,,,,,,,,,,,,,,,
en,2024-04-19,16.0,16.0,,,,,,,,,,,,,,,,,,,,,,,,,,,,,,,,,
en,2024-04-20,15.0,14.0,,,,,,,,,,,,,,,,,,,,,,,,,,,,,,,,,
en,2024-04-21,11.0,8.0,,,,,,,,,,,,,,,,,,,,,,,,,,,,,,,,,
en,2024-04-22,15.0,13.0,,,,,,,,,,,,,,,,,,,,,,,,,,,,,,,,,
en,2024-04-23,16.0,15.0,,,,,,,,,,,,,,,,,,,,,,,,,,,,,,,,,
en,2024-04-24,34.0,26.0,0.3077941176470588,0.1550294117647059,0.2567647058823529,0.1545588235294117,0.0726176470588235,0.2296176470588235,0.1865882352941176,0.6341470588235294,0.7196470588235294,0.188735294117647,0.3866470588235294,0.0792058823529412,0.1558823529411764,0.1489411764705882,0.0319411764705882,0.309735294117647,0.1976764705882352,0.1984705882352941,0.4427058823529411,0.2441176470588235,0.5160882352941175,0.334,0.4178529411764706,0.273,0.1346176470588235,0.0686470588235294,0.0557647058823529,0.0909117647058823,0.3779705882352941,0.0674191176470588,0.3554509803921569,621.6470588235294,121.26470588235294
en,2024-04-25,12.0,10.0,,,,,,,,,,,,,,,,,,,,,,,,,,,,,,,,,
en,2024-04-26,28.0,15.0,0.3442857142857143,0.2272857142857142,0.2542142857142858,0.1716428571428571,0.148,0.3465000000000001,0.3116071428571428,0.6587142857142857,0.7131785714285713,0.3058214285714285,0.4431428571428571,0.1565,0.2678928571428571,0.2803214285714285,0.1224285714285714,0.3632142857142856,0.2844642857142857,0.2584642857142857,0.5075714285714285,0.3552857142857143,0.6476785714285714,0.4873214285714286,0.4685714285714285,0.3368214285714286,0.2005714285714285,0.1059642857142857,0.1344285714285714,0.1469642857142857,0.4417857142857143,0.0021071428571428,0.2892261904761905,1233.9642857142858,239.6071428571429
en,2024-04-27,22.0,20.0,0.2015,0.1378636363636363,0.1926818181818181,0.1064090909090909,0.0860454545454545,0.1945,0.1752727272727272,0.5916363636363635,0.648,0.1205,0.3803181818181818,0.0433181818181818,0.0581363636363636,0.1172272727272727,0.0240454545454545,0.2444999999999999,0.1838636363636363,0.1474545454545454,0.3217727272727273,0.2614545454545455,0.4742727272727272,0.2805454545454545,0.4184545454545454,0.2818181818181818,0.1086818181818181,0.0103636363636363,0.0416818181818181,0.0742727272727272,0.3385454545454545,0.019340909090909,0.2613484848484848,224.95454545454547,45.04545454545455
en,2024-04-28,16.0,15.0,,,,,,,,,,,,,,,,,,,,,,,,,,,,,,,,,
en,2024-04-29,19.0,18.0,,,,,,,,,,,,,,,,,,,,,,,,,,,,,,,,,
en,2024-04-30,12.0,11.0,,,,,,,,,,,,,,,,,,,,,,,,,,,,,,,,,
en,2024-05-01,12.0,9.0,,,,,,,,,,,,,,,,,,,,,,,,,,,,,,,,,
en,2024-05-02,12.0,12.0,,,,,,,,,,,,,,,,,,,,,,,,,,,,,,,,,
en,2024-05-03,14.0,12.0,,,,,,,,,,,,,,,,,,,,,,,,,,,,,,,,,
en,2024-05-04,14.0,13.0,,,,,,,,,,,,,,,,,,,,,,,,,,,,,,,,,
en,2024-05-05,19.0,14.0,,,,,,,,,,,,,,,,,,,,,,,,,,,,,,,,,
en,2024-05-06,5.0,5.0,,,,,,,,,,,,,,,,,,,,,,,,,,,,,,,,,
en,2024-05-07,15.0,13.0,,,,,,,,,,,,,,,,,,,,,,,,,,,,,,,,,
en,2024-05-08,11.0,10.0,,,,,,,,,,,,,,,,,,,,,,,,,,,,,,,,,
en,2024-05-09,20.0,17.0,0.48855,0.34595,0.2832,0.21,0.1745,0.325,0.28575,0.6202000000000001,0.7421,0.28385,0.375,0.1593,0.1518,0.2641,0.05225,0.44455,0.2330499999999999,0.3278,0.4341,0.26955,0.6580999999999999,0.5097,0.3965,0.2512999999999999,0.1664,0.11,0.1108499999999999,0.1410999999999999,0.4184,0.0821749999999999,0.3301166666666667,795.05,150.7
en,2024-05-10,14.0,12.0,,,,,,,,,,,,,,,,,,,,,,,,,,,,,,,,,
en,2024-05-11,8.0,8.0,,,,,,,,,,,,,,,,,,,,,,,,,,,,,,,,,
en,2024-05-12,11.0,9.0,,,,,,,,,,,,,,,,,,,,,,,,,,,,,,,,,
en,2024-05-13,13.0,13.0,,,,,,,,,,,,,,,,,,,,,,,,,,,,,,,,,
en,2024-05-14,14.0,13.0,,,,,,,,,,,,,,,,,,,,,,,,,,,,,,,,,
en,2024-05-15,15.0,14.0,,,,,,,,,,,,,,,,,,,,,,,,,,,,,,,,,
en,2024-05-16,24.0,18.0,0.3801666666666667,0.0945833333333333,0.2083333333333333,0.0917083333333333,0.1235,0.2199583333333333,0.1257916666666666,0.6259166666666667,0.6739999999999999,0.1482916666666666,0.4434583333333333,0.044125,0.1894583333333333,0.15775,0.0565,0.3195833333333333,0.2742083333333333,0.1964999999999999,0.457125,0.2560416666666666,0.5026666666666667,0.28875,0.4489166666666666,0.3233333333333333,0.0963333333333333,0.0117083333333333,0.0506666666666666,0.063375,0.3503333333333334,0.0219687499999999,0.2973333333333333,248.45833333333331,50.333333333333336
en,2024-05-17,27.0,22.0,0.3581111111111111,0.2118518518518518,0.2346666666666667,0.1994444444444444,0.0927037037037036,0.2302592592592592,0.2037037037037037,0.6317777777777778,0.7388148148148147,0.2074074074074074,0.4052222222222221,0.0718888888888888,0.098074074074074,0.2184444444444444,0.0173703703703703,0.3455555555555555,0.1825925925925926,0.1979629629629629,0.3581851851851851,0.2142962962962963,0.5434814814814813,0.4307037037037037,0.4279629629629629,0.2341481481481481,0.0987037037037036,0.0179629629629629,0.0855185185185185,0.0963703703703703,0.3724444444444444,0.089537037037037,0.3511604938271605,367.3333333333333,71.18518518518519
en,2024-05-18,17.0,17.0,,,,,,,,,,,,,,,,,,,,,,,,,,,,,,,,,
en,2024-05-19,32.0,25.0,0.29015625,0.13853125,0.21878125,0.12396875,0.1316875,0.1953749999999999,0.16903125,0.61203125,0.6427812500000001,0.1279374999999999,0.41075,0.14640625,0.17759375,0.18440625,0.04625,0.3048437499999999,0.2172187499999999,0.21634375,0.34803125,0.2704375,0.4997499999999999,0.3270625,0.43225,0.2529375,0.09234375,0.08153125,0.0568749999999999,0.08365625,0.3620625,0.0293281249999999,0.25221875,336.59375,66.40625
en,2024-05-20,21.0,18.0,0.2602380952380952,0.1369523809523809,0.262047619047619,0.1664285714285714,0.0607619047619047,0.1899047619047619,0.1610952380952381,0.6097619047619047,0.6599047619047619,0.1353809523809523,0.3563809523809523,0.0947142857142857,0.1238571428571428,0.1234285714285714,0.0128571428571428,0.2914285714285714,0.2164285714285714,0.1239047619047618,0.4386666666666666,0.2688095238095238,0.4742857142857142,0.3772380952380953,0.461952380952381,0.2522380952380952,0.1106190476190476,0.0146190476190476,0.0630952380952381,0.0872857142857142,0.3729523809523809,0.0810833333333333,0.3333015873015873,302.8095238095238,59.61904761904762
en,2024-05-21,15.0,10.0,,,,,,,,,,,,,,,,,,,,,,,,,,,,,,,,,
en,2024-05-22,15.0,13.0,,,,,,,,,,,,,,,,,,,,,,,,,,,,,,,,,
en,2024-05-23,20.0,19.0,0.25015,0.18145,0.14025,0.1378,0.0631499999999999,0.1944499999999999,0.2161999999999999,0.6489499999999999,0.62735,0.1425,0.25385,0.0638,0.079,0.1684,0.01335,0.31985,0.18705,0.2072,0.4120500000000001,0.2625,0.4918,0.29025,0.44375,0.2153,0.0995,0.08585,0.07325,0.0833,0.3817,0.0486125,0.2760999999999999,396.25,79.75
en,2024-05-24,26.0,22.0,0.2490384615384615,0.1891538461538461,0.2227307692307692,0.1603846153846153,0.0613076923076923,0.1911538461538461,0.1569615384615384,0.6176923076923077,0.6452307692307694,0.1590384615384615,0.401,0.0669230769230769,0.1277692307692307,0.203,0.0256538461538461,0.2751538461538461,0.2241923076923077,0.2133461538461538,0.4699230769230768,0.2433846153846153,0.4857692307692308,0.3325769230769231,0.4915384615384616,0.2794615384615385,0.104,0.0721538461538461,0.052,0.0742307692307692,0.3407692307692308,0.0790961538461538,0.311025641025641,401.96153846153845,78.23076923076923
en,2024-05-25,16.0,13.0,,,,,,,,,,,,,,,,,,,,,,,,,,,,,,,,,
en,2024-05-26,20.0,11.0,0.3357,0.1409,0.2972499999999999,0.1275,0.1311,0.3396,0.26335,0.6805999999999999,0.6763,0.17835,0.3188,0.09595,0.15935,0.20085,0.0521499999999999,0.3190499999999999,0.2883,0.23735,0.6210999999999999,0.4712,0.68645,0.4832499999999999,0.5171499999999999,0.2123,0.1933,0.0618499999999999,0.10205,0.1292,0.44625,-0.0100124999999999,0.3053166666666667,564.95,110.1
en,2024-05-27,14.0,11.0,,,,,,,,,,,,,,,,,,,,,,,,,,,,,,,,,
en,2024-05-28,22.0,19.0,0.3164545454545455,0.1845,0.2321818181818181,0.1875,0.0976363636363636,0.1742272727272727,0.1454545454545454,0.6459545454545453,0.7042272727272727,0.1518636363636363,0.4553181818181819,0.0491818181818181,0.3121818181818181,0.1465909090909091,0.0118181818181818,0.3158636363636364,0.1962727272727273,0.2624545454545454,0.3080454545454545,0.2694545454545454,0.5202727272727272,0.3372272727272727,0.4561363636363636,0.2173181818181818,0.0842727272727272,0.0831363636363636,0.1465909090909091,0.0991818181818181,0.3736363636363636,0.0942272727272727,0.3199848484848485,247.0909090909091,47.95454545454545
en,2024-05-29,20.0,15.0,0.37815,0.2036,0.2536,0.16135,0.1022999999999999,0.27005,0.2296499999999999,0.65915,0.6143500000000001,0.18635,0.4833,0.1089499999999999,0.2407499999999999,0.17285,0.0152,0.3513999999999999,0.23075,0.2809,0.3233,0.3445999999999999,0.6087999999999999,0.3627,0.5258,0.3410499999999999,0.0986,0.0446,0.0606499999999999,0.1204499999999999,0.4104500000000001,0.063,0.3130666666666666,386.2,75.65
en,2024-05-30,9.0,8.0,,,,,,,,,,,,,,,,,,,,,,,,,,,,,,,,,
en,2024-05-31,12.0,11.0,,,,,,,,,,,,,,,,,,,,,,,,,,,,,,,,,
en,2024-06-01,23.0,12.0,0.3133478260869566,0.105695652173913,0.1807826086956521,0.1120434782608695,0.1258695652173913,0.1765652173913043,0.1653478260869565,0.5377391304347826,0.6169565217391303,0.1360869565217391,0.3363043478260869,0.1008260869565217,0.1239565217391304,0.1133478260869565,0.0540869565217391,0.3127826086956522,0.1930869565217391,0.2194782608695652,0.2660434782608696,0.3179999999999999,0.4299130434782609,0.3598695652173913,0.3891304347826086,0.2873478260869566,0.0826521739130434,0.0191304347826087,0.0133478260869565,0.0788260869565217,0.3471739130434783,0.02675,0.2444927536231884,292.69565217391306,58.91304347826087
en,2024-06-02,16.0,11.0,,,,,,,,,,,,,,,,,,,,,,,,,,,,,,,,,
en,2024-06-03,19.0,17.0,,,,,,,,,,,,,,,,,,,,,,,,,,,,,,,,,
en,2024-06-04,17.0,17.0,,,,,,,,,,,,,,,,,,,,,,,,,,,,,,,,,
en,2024-06-05,17.0,13.0,,,,,,,,,,,,,,,,,,,,,,,,,,,,,,,,,
en,2024-06-06,21.0,16.0,0.3641904761904762,0.1768571428571428,0.1808571428571428,0.1211904761904762,0.0829047619047619,0.1775714285714285,0.1771904761904762,0.5784285714285714,0.6723809523809524,0.1902380952380952,0.3256666666666666,0.0976666666666666,0.1932857142857142,0.1652857142857142,0.0273333333333333,0.276952380952381,0.1699047619047619,0.1846190476190476,0.3421904761904762,0.2799999999999999,0.4537142857142855,0.3525714285714286,0.3925238095238095,0.2301904761904761,0.1589047619047619,0.041047619047619,0.0695238095238095,0.0777142857142857,0.3166666666666666,0.0805357142857143,0.3229047619047618,308.0,60.71428571428572
en,2024-06-07,9.0,9.0,,,,,,,,,,,,,,,,,,,,,,,,,,,,,,,,,
en,2024-06-08,31.0,22.0,0.3435483870967742,0.1394193548387096,0.1371935483870967,0.126,0.0708709677419355,0.1856451612903225,0.1745483870967741,0.5846451612903226,0.6578387096774193,0.1572903225806452,0.3388709677419354,0.0452903225806451,0.1859354838709677,0.1772258064516129,0.0265806451612903,0.2711290322580645,0.1998064516129032,0.2283225806451613,0.3492258064516128,0.2398709677419354,0.4957419354838709,0.3467096774193548,0.4205483870967742,0.206258064516129,0.1021612903225806,0.0216774193548387,0.0184516129032258,0.0767096774193548,0.3395161290322581,0.0582822580645161,0.3086559139784946,374.7741935483871,73.74193548387096
en,2024-06-09,15.0,14.0,,,,,,,,,,,,,,,,,,,,,,,,,,,,,,,,,
en,2024-06-10,32.0,16.0,0.35259375,0.2981875,0.20209375,0.15940625,0.09021875,0.21259375,0.18540625,0.6614375,0.7472812500000001,0.16825,0.5233125000000001,0.07003125,0.1205625,0.1751875,0.0178125,0.28665625,0.24221875,0.1713125,0.5717812499999999,0.2263749999999999,0.4298749999999999,0.283875,0.4148125,0.3078125,0.16246875,0.02875,0.0981249999999999,0.09559375,0.38125,0.1016640625,0.3437708333333333,459.5,92.8125
en,2024-06-11,25.0,18.0,0.22864,0.1211199999999999,0.19012,0.13304,0.10084,0.1817999999999999,0.17872,0.58828,0.6816800000000001,0.14016,0.34128,0.05524,0.17884,0.15288,0.01404,0.27436,0.23976,0.12936,0.43016,0.23124,0.37796,0.29728,0.4603599999999999,0.2578,0.08972,0.0164,0.06596,0.09312,0.34804,0.02691,0.2659733333333333,290.6,56.88
en,2024-06-12,25.0,19.0,0.25576,0.11764,0.216,0.13288,0.11004,0.16596,0.15592,0.58492,0.64196,0.1528,0.35888,0.07416,0.17592,0.11604,0.01472,0.29604,0.24512,0.14908,0.39448,0.3332799999999999,0.39864,0.25388,0.3544,0.31064,0.0962799999999999,0.04664,0.01612,0.09436,0.37492,0.04257,0.2612,226.76,45.08
en,2024-06-13,22.0,21.0,0.2196363636363636,0.1149090909090909,0.1375454545454545,0.1155454545454545,0.0518181818181818,0.1277727272727273,0.1979545454545454,0.5357727272727273,0.6441363636363635,0.1141363636363636,0.2760909090909091,0.049090909090909,0.0660454545454545,0.1419545454545454,0.0427272727272727,0.2647727272727273,0.1599090909090909,0.2021363636363636,0.2766818181818182,0.2956363636363636,0.3959999999999999,0.2756363636363637,0.3251818181818182,0.2095,0.0908636363636363,0.0111818181818181,0.0094545454545454,0.0568636363636363,0.3451363636363636,0.0571136363636363,0.2819545454545454,209.72727272727272,40.95454545454545
en,2024-06-14,27.0,21.0,0.2771851851851852,0.138037037037037,0.3406666666666666,0.1235185185185185,0.1093333333333333,0.2275555555555555,0.1734074074074074,0.677962962962963,0.7339629629629629,0.1908148148148148,0.4318888888888889,0.0872592592592592,0.1298888888888889,0.2092962962962962,0.0871111111111111,0.2749629629629629,0.1869259259259259,0.1713333333333333,0.4787407407407406,0.2767777777777777,0.4704814814814814,0.3792222222222222,0.4114074074074074,0.3068888888888889,0.1425925925925926,0.1087777777777777,0.0429259259259259,0.0966296296296296,0.3645925925925926,0.0514074074074074,0.3412716049382716,349.9259259259259,71.29629629629629
en,2024-06-15,37.0,24.0,0.2321891891891891,0.0992702702702702,0.1197567567567567,0.0882432432432432,0.1008378378378378,0.163054054054054,0.1643513513513513,0.5974054054054054,0.6209729729729729,0.1262162162162162,0.2737567567567568,0.1396756756756756,0.0948108108108108,0.0912162162162162,0.0155405405405405,0.2427567567567567,0.1626756756756756,0.1689189189189189,0.388027027027027,0.3484054054054054,0.4177567567567568,0.2379189189189189,0.479891891891892,0.1962702702702702,0.1455135135135135,0.0108108108108108,0.0664594594594594,0.0501621621621621,0.3054594594594594,0.0029189189189189,0.2234684684684684,271.02702702702703,53.45945945945946
en,2024-06-16,26.0,21.0,0.2204230769230769,0.1386538461538461,0.1801923076923077,0.1887692307692307,0.0592692307692307,0.1713846153846153,0.1374615384615384,0.6045,0.7226538461538462,0.1387307692307692,0.3026538461538461,0.0675,0.2242692307692307,0.1674999999999999,0.010576923076923,0.2451153846153846,0.1441923076923076,0.1901153846153846,0.2756153846153846,0.1497307692307692,0.3453076923076923,0.1871923076923076,0.3889230769230768,0.1844615384615384,0.1423461538461538,0.0372692307692307,0.0855384615384615,0.0838076923076923,0.3316153846153846,0.0666826923076922,0.3151538461538461,260.38461538461536,50.42307692307692
en,2024-06-17,18.0,16.0,,,,,,,,,,,,,,,,,,,,,,,,,,,,,,,,,
en,2024-06-18,10.0,10.0,,,,,,,,,,,,,,,,,,,,,,,,,,,,,,,,,
en,2024-06-19,17.0,12.0,,,,,,,,,,,,,,,,,,,,,,,,,,,,,,,,,
en,2024-06-20,22.0,20.0,0.3005454545454545,0.1389545454545454,0.1169090909090909,0.1101363636363636,0.1726818181818182,0.2248181818181818,0.2353181818181818,0.6050454545454547,0.6544545454545455,0.1425909090909091,0.5000000000000001,0.0952727272727272,0.2691818181818182,0.1349090909090909,0.0281363636363636,0.2857727272727272,0.2355454545454545,0.2007727272727272,0.3986363636363637,0.3152272727272727,0.5435909090909091,0.3418181818181819,0.4374545454545455,0.2973636363636363,0.1068181818181818,0.0323181818181818,0.0874090909090909,0.0597727272727272,0.3505454545454545,-0.0321136363636363,0.184621212121212,421.1363636363636,81.4090909090909
en,2024-06-21,20.0,18.0,0.31225,0.1628,0.23495,0.1406,0.1128499999999999,0.2517,0.2204999999999999,0.6157,0.6351000000000001,0.1855,0.3575,0.1032999999999999,0.067,0.2299,0.0381,0.3344499999999999,0.2305499999999999,0.20665,0.4571,0.2952999999999999,0.4817,0.3922499999999999,0.4434999999999999,0.23725,0.1907499999999999,0.03645,0.03555,0.0992,0.3944,0.030375,0.28125,441.95,85.7
en,2024-06-22,11.0,10.0,,,,,,,,,,,,,,,,,,,,,,,,,,,,,,,,,
en,2024-06-23,22.0,18.0,0.3100909090909091,0.2186818181818181,0.2361363636363636,0.1519999999999999,0.0673636363636363,0.2635454545454545,0.2095,0.6879545454545455,0.7064090909090909,0.1595454545454545,0.4499545454545455,0.1578181818181818,0.0905,0.1748636363636363,0.0135,0.3590454545454545,0.1979090909090909,0.2654090909090909,0.3266818181818181,0.3305909090909091,0.5435,0.3965454545454545,0.521409090909091,0.3849090909090908,0.1114545454545454,0.0241818181818181,0.0127727272727272,0.1008181818181818,0.3665,0.0637727272727272,0.3501818181818181,401.95454545454544,78.77272727272727
en,2024-06-24,19.0,16.0,,,,,,,,,,,,,,,,,,,,,,,,,,,,,,,,,
en,2024-06-25,28.0,23.0,0.3083928571428571,0.1276785714285714,0.1811071428571428,0.1348571428571428,0.0895714285714285,0.1961785714285714,0.2171785714285714,0.627357142857143,0.689892857142857,0.1505,0.3521071428571428,0.1022857142857143,0.1402142857142857,0.1408571428571428,0.0521785714285714,0.2943928571428572,0.2248571428571429,0.18525,0.3882499999999999,0.3110357142857142,0.4321071428571428,0.2791785714285714,0.4328928571428571,0.2739642857142857,0.1246071428571428,0.0466071428571428,0.1133214285714285,0.0803214285714285,0.3544642857142857,0.0451339285714285,0.3035595238095238,322.6428571428572,61.785714285714285
en,2024-06-26,22.0,20.0,0.2309999999999999,0.0933181818181818,0.1206818181818181,0.0925454545454545,0.1461363636363636,0.1996363636363636,0.1815909090909091,0.6310909090909091,0.5988636363636365,0.1055909090909091,0.3317727272727273,0.1014090909090908,0.1744545454545454,0.1304999999999999,0.0734999999999999,0.2461363636363636,0.1998636363636363,0.2307727272727272,0.4031818181818182,0.2782272727272727,0.5186363636363637,0.3189090909090909,0.4706363636363636,0.1855454545454545,0.1333636363636363,0.0430454545454545,0.0363636363636363,0.0768181818181818,0.3355909090909091,-0.0385,0.1707121212121211,256.5,52.40909090909091
en,2024-06-27,17.0,12.0,,,,,,,,,,,,,,,,,,,,,,,,,,,,,,,,,
en,2024-06-28,22.0,19.0,0.3421363636363636,0.1756363636363636,0.2126363636363636,0.1768636363636364,0.0887727272727272,0.2541363636363636,0.2565454545454546,0.565409090909091,0.6972272727272727,0.1767727272727272,0.4482272727272728,0.0975454545454545,0.2222272727272727,0.2429090909090908,0.045,0.3533636363636363,0.2722727272727272,0.2399545454545454,0.4472272727272727,0.2349545454545454,0.5327727272727273,0.3762727272727273,0.3855,0.3327272727272727,0.1359545454545454,0.1027272727272727,0.0688181818181818,0.1363181818181818,0.4099090909090909,0.0553636363636363,0.328560606060606,481.8636363636364,92.0909090909091
en,2024-06-29,10.0,9.0,,,,,,,,,,,,,,,,,,,,,,,,,,,,,,,,,
en,2024-06-30,25.0,20.0,0.27664,0.1737599999999999,0.2238,0.19016,0.0822,0.22668,0.1804399999999999,0.6650399999999999,0.73384,0.14372,0.57744,0.10892,0.2222799999999999,0.1977999999999999,0.0333199999999999,0.34436,0.2458,0.23656,0.3866799999999999,0.2165599999999999,0.4876,0.28012,0.4157599999999999,0.32268,0.1227999999999999,0.0448,0.05772,0.10424,0.39628,0.0616499999999999,0.3292266666666666,372.2,72.48
en,2024-07-01,10.0,9.0,,,,,,,,,,,,,,,,,,,,,,,,,,,,,,,,,
en,2024-07-02,17.0,15.0,,,,,,,,,,,,,,,,,,,,,,,,,,,,,,,,,
en,2024-07-03,14.0,11.0,,,,,,,,,,,,,,,,,,,,,,,,,,,,,,,,,
en,2024-07-04,18.0,16.0,,,,,,,,,,,,,,,,,,,,,,,,,,,,,,,,,
en,2024-07-05,13.0,12.0,,,,,,,,,,,,,,,,,,,,,,,,,,,,,,,,,
en,2024-07-06,21.0,17.0,0.4681904761904762,0.2622380952380952,0.3782380952380952,0.2421904761904762,0.1771904761904762,0.3434285714285713,0.3069047619047619,0.6911904761904762,0.7457142857142858,0.239,0.5825238095238096,0.1489523809523809,0.1245714285714285,0.315,0.0769047619047619,0.411047619047619,0.2459047619047619,0.3228571428571429,0.3615238095238095,0.2802380952380952,0.5903809523809523,0.3903809523809524,0.4913333333333334,0.3687619047619048,0.1979047619047619,0.1254285714285714,0.1502857142857142,0.1773809523809523,0.428095238095238,0.0774047619047619,0.3535238095238095,717.8571428571429,143.61904761904762
en,2024-07-07,13.0,12.0,,,,,,,,,,,,,,,,,,,,,,,,,,,,,,,,,
en,2024-07-08,8.0,8.0,,,,,,,,,,,,,,,,,,,,,,,,,,,,,,,,,
en,2024-07-09,21.0,17.0,0.4036190476190476,0.2228571428571428,0.3093809523809524,0.2007619047619047,0.1002857142857142,0.281047619047619,0.2372380952380952,0.706047619047619,0.7283809523809525,0.2245238095238096,0.6190476190476188,0.146047619047619,0.1876666666666666,0.1787142857142857,0.0135714285714285,0.3818095238095237,0.2139523809523809,0.2495714285714286,0.4151904761904761,0.3185238095238095,0.6062380952380951,0.3684761904761905,0.5293809523809523,0.3554761904761905,0.1443809523809524,0.025,0.093047619047619,0.0898571428571428,0.4015238095238095,0.0934880952380952,0.3801746031746031,378.2380952380952,76.23809523809524
en,2024-07-10,13.0,10.0,,,,,,,,,,,,,,,,,,,,,,,,,,,,,,,,,
en,2024-07-11,8.0,8.0,,,,,,,,,,,,,,,,,,,,,,,,,,,,,,,,,
en,2024-07-12,11.0,11.0,,,,,,,,,,,,,,,,,,,,,,,,,,,,,,,,,
en,2024-07-13,19.0,14.0,,,,,,,,,,,,,,,,,,,,,,,,,,,,,,,,,
en,2024-07-14,14.0,12.0,,,,,,,,,,,,,,,,,,,,,,,,,,,,,,,,,
en,2024-07-15,14.0,11.0,,,,,,,,,,,,,,,,,,,,,,,,,,,,,,,,,
en,2024-07-16,11.0,11.0,,,,,,,,,,,,,,,,,,,,,,,,,,,,,,,,,
en,2024-07-17,13.0,12.0,,,,,,,,,,,,,,,,,,,,,,,,,,,,,,,,,
en,2024-07-18,15.0,14.0,,,,,,,,,,,,,,,,,,,,,,,,,,,,,,,,,
en,2024-07-19,23.0,20.0,0.2804347826086956,0.1534347826086956,0.1730869565217391,0.0897391304347826,0.0604782608695652,0.1892608695652174,0.1943478260869565,0.6269130434782609,0.7098695652173912,0.1928260869565216,0.2748695652173912,0.0856086956521739,0.0305652173913043,0.0955217391304347,0.0470869565217391,0.2723043478260868,0.1510434782608695,0.186695652173913,0.3515217391304347,0.2695652173913043,0.4399130434782609,0.3377391304347826,0.4313043478260869,0.1772173913043478,0.1237826086956522,0.0142173913043478,0.0506086956521739,0.0679130434782608,0.3276086956521739,0.0493043478260869,0.3273188405797101,320.0,64.34782608695652
en,2024-07-20,21.0,17.0,0.2640952380952381,0.231095238095238,0.2375714285714286,0.2507142857142857,0.088047619047619,0.1731904761904762,0.1538095238095237,0.6413333333333333,0.6477142857142858,0.1315714285714286,0.4539047619047618,0.1261428571428571,0.1971904761904761,0.1600952380952381,0.0267619047619047,0.3273333333333333,0.1812857142857143,0.2316666666666667,0.3269047619047618,0.1869999999999999,0.5343809523809524,0.3582857142857142,0.4135714285714285,0.2768095238095238,0.1051428571428571,0.0434761904761904,0.2358571428571428,0.097047619047619,0.3669523809523809,0.1152499999999999,0.295079365079365,444.5238095238095,87.23809523809524
en,2024-07-21,22.0,17.0,0.3243636363636363,0.2201363636363636,0.2360909090909091,0.1733181818181818,0.1567727272727272,0.2446818181818181,0.246590909090909,0.7064999999999999,0.7629090909090909,0.2338636363636363,0.4314090909090909,0.1335454545454545,0.1845,0.2273181818181818,0.0599999999999999,0.3225909090909091,0.2344545454545455,0.1885454545454545,0.4237727272727273,0.2710000000000001,0.4694545454545455,0.4035,0.4860454545454544,0.2816363636363636,0.1401818181818181,0.0917727272727272,0.143,0.1001818181818181,0.3976818181818182,0.03775,0.2843484848484849,360.95454545454544,71.63636363636364
en,2024-07-22,14.0,13.0,,,,,,,,,,,,,,,,,,,,,,,,,,,,,,,,,
en,2024-07-23,20.0,15.0,0.30415,0.1297,0.2979,0.1089999999999999,0.0405,0.16485,0.1108,0.6612,0.7864000000000001,0.1568,0.5311999999999999,0.05815,0.2488499999999999,0.08345,0.01525,0.24855,0.19325,0.09945,0.4969,0.20055,0.3628999999999999,0.219,0.42235,0.2919499999999999,0.0567999999999999,0.00715,0.0417,0.0584999999999999,0.32435,0.1075125,0.4223166666666667,279.65,56.3
en,2024-07-24,16.0,14.0,,,,,,,,,,,,,,,,,,,,,,,,,,,,,,,,,
en,2024-07-25,15.0,13.0,,,,,,,,,,,,,,,,,,,,,,,,,,,,,,,,,
en,2024-07-26,17.0,13.0,,,,,,,,,,,,,,,,,,,,,,,,,,,,,,,,,
en,2024-07-27,15.0,14.0,,,,,,,,,,,,,,,,,,,,,,,,,,,,,,,,,
en,2024-07-28,10.0,9.0,,,,,,,,,,,,,,,,,,,,,,,,,,,,,,,,,
en,2024-07-29,20.0,16.0,0.3024999999999999,0.11775,0.14985,0.1117999999999999,0.1377,0.2791,0.2583499999999999,0.7059,0.664,0.13055,0.44605,0.1046499999999999,0.1465,0.1785,0.0982499999999999,0.32025,0.2076,0.20595,0.43365,0.3407,0.62355,0.48825,0.5209499999999999,0.2904,0.13995,0.02375,0.02345,0.07675,0.3785,-0.0379249999999999,0.2344166666666666,382.8,75.3
en,2024-07-30,14.0,13.0,,,,,,,,,,,,,,,,,,,,,,,,,,,,,,,,,
en,2024-07-31,23.0,17.0,0.2399565217391304,0.245391304347826,0.2133478260869565,0.1820869565217391,0.0995217391304347,0.2102173913043478,0.1852608695652174,0.6410869565217391,0.6204782608695653,0.1305652173913043,0.2903478260869565,0.0574347826086956,0.1121739130434782,0.1622608695652173,0.0175217391304347,0.2964782608695652,0.1752608695652174,0.2623478260869564,0.3798260869565217,0.2138260869565217,0.5960434782608696,0.3995217391304347,0.4742173913043478,0.2042173913043478,0.1278695652173913,0.0658260869565217,0.0719565217391304,0.0892608695652174,0.3690434782608696,0.0653260869565217,0.2584057971014493,567.5652173913044,113.6086956521739
en,2024-08-01,13.0,13.0,,,,,,,,,,,,,,,,,,,,,,,,,,,,,,,,,
en,2024-08-02,17.0,14.0,,,,,,,,,,,,,,,,,,,,,,,,,,,,,,,,,
en,2024-08-03,10.0,8.0,,,,,,,,,,,,,,,,,,,,,,,,,,,,,,,,,
en,2024-08-04,14.0,9.0,,,,,,,,,,,,,,,,,,,,,,,,,,,,,,,,,
en,2024-08-05,12.0,11.0,,,,,,,,,,,,,,,,,,,,,,,,,,,,,,,,,
en,2024-08-06,21.0,14.0,0.3116666666666667,0.1929047619047619,0.235095238095238,0.1803809523809523,0.1072380952380952,0.2948095238095238,0.2918571428571428,0.5765238095238094,0.6564761904761904,0.2071428571428571,0.4104761904761905,0.1238095238095237,0.1903809523809524,0.2336666666666666,0.0578095238095238,0.3464285714285715,0.2055238095238095,0.3213333333333333,0.3909047619047618,0.2218095238095238,0.617,0.4394285714285714,0.3571428571428571,0.2956190476190476,0.1549047619047618,0.0585714285714285,0.1244285714285714,0.1141428571428571,0.4151904761904761,0.0289880952380952,0.2938412698412698,399.4761904761905,78.14285714285714
en,2024-08-07,19.0,15.0,,,,,,,,,,,,,,,,,,,,,,,,,,,,,,,,,
en,2024-08-08,24.0,19.0,0.2167916666666667,0.1293333333333333,0.1904166666666666,0.134625,0.113875,0.210875,0.1830416666666666,0.6091666666666667,0.6668333333333333,0.1213333333333333,0.43225,0.0554999999999999,0.2212916666666666,0.1351666666666666,0.0149166666666666,0.29125,0.1736666666666666,0.2099166666666666,0.3191666666666666,0.3238749999999999,0.4815416666666667,0.3414583333333333,0.3716666666666666,0.2897916666666666,0.1305833333333333,0.0285416666666666,0.0585833333333333,0.0814166666666666,0.3534583333333334,0.0054166666666666,0.2441388888888889,266.0,53.25
en,2024-08-09,21.0,17.0,0.2302380952380952,0.1701428571428571,0.1499047619047619,0.1114761904761904,0.0701428571428571,0.1634761904761904,0.161047619047619,0.5111428571428571,0.5882857142857143,0.1469047619047619,0.3236666666666667,0.0825238095238095,0.1246666666666666,0.1459523809523809,0.0504761904761904,0.2892380952380952,0.1773333333333333,0.2466190476190476,0.3790476190476191,0.2966666666666666,0.4469999999999999,0.2851428571428571,0.3672380952380952,0.2255714285714286,0.1067619047619047,0.117047619047619,0.0197142857142857,0.0685238095238095,0.3282380952380953,0.0486309523809523,0.2526666666666666,266.1904761904762,54.095238095238095
en,2024-08-10,43.0,25.0,0.2578837209302325,0.1005813953488372,0.2226279069767442,0.1577674418604651,0.0559767441860465,0.1494186046511627,0.122813953488372,0.6368837209302325,0.7109534883720929,0.1062093023255814,0.3296744186046512,0.0707674418604651,0.1687441860465116,0.1424883720930232,0.0145116279069767,0.2630697674418604,0.1924186046511628,0.1849767441860465,0.3369767441860464,0.2811627906976743,0.415767441860465,0.225,0.4146511627906977,0.3104418604651163,0.0776744186046511,0.0279767441860465,0.1152093023255814,0.0653255813953488,0.3419767441860465,0.0820174418604651,0.3411782945736434,159.3953488372093,33.06976744186046
en,2024-08-11,26.0,23.0,0.2920384615384615,0.2556153846153846,0.3020769230769231,0.2084230769230769,0.1309230769230769,0.2034615384615384,0.1903076923076923,0.5903846153846154,0.6461923076923077,0.1625769230769231,0.5475384615384615,0.143076923076923,0.2101153846153846,0.1774615384615384,0.0583846153846153,0.3461153846153845,0.1938846153846153,0.2013846153846154,0.3623076923076923,0.2634230769230768,0.4748461538461538,0.2621153846153846,0.3183076923076923,0.3121923076923076,0.1316923076923077,0.0376538461538461,0.0881153846153846,0.1059615384615384,0.376,0.0973461538461538,0.2825128205128205,305.84615384615387,61.88461538461539
en,2024-08-12,34.0,26.0,0.3729705882352941,0.2065294117647058,0.2432647058823529,0.203235294117647,0.1085294117647058,0.2237647058823529,0.1873235294117647,0.6807647058823529,0.7704999999999999,0.2088235294117647,0.3921176470588235,0.0955294117647058,0.2274411764705882,0.2114411764705882,0.058735294117647,0.3256470588235294,0.2601470588235294,0.2351176470588235,0.4132647058823528,0.2149705882352941,0.5048823529411764,0.3104411764705882,0.5099411764705882,0.3262941176470587,0.1756176470588235,0.0673823529411764,0.1211764705882353,0.1279117647058823,0.4201764705882352,0.0903529411764706,0.3537156862745098,320.7647058823529,62.6764705882353
en,2024-08-13,35.0,33.0,0.3106857142857143,0.1674285714285714,0.2573714285714285,0.1608285714285714,0.1618285714285714,0.2520571428571428,0.2446285714285714,0.720057142857143,0.6705428571428572,0.1650857142857143,0.4950285714285714,0.1293142857142857,0.1263142857142857,0.1858,0.0519142857142857,0.3484285714285714,0.2180571428571428,0.2456,0.4069428571428571,0.3553714285714285,0.5448857142857142,0.3822571428571428,0.4773142857142857,0.3039714285714286,0.1236571428571428,0.0599428571428571,0.0737142857142857,0.1039714285714285,0.4033714285714285,0.0171357142857142,0.2510380952380953,366.8,74.22857142857143
en,2024-08-14,46.0,34.0,0.282804347826087,0.1408913043478261,0.2195434782608695,0.1779565217391304,0.1381304347826087,0.2451521739130435,0.2060217391304347,0.6527826086956521,0.6889565217391304,0.1582608695652174,0.4704130434782609,0.0738260869565217,0.1840652173913043,0.1905217391304348,0.038695652173913,0.3118043478260869,0.214,0.268304347826087,0.3802826086956522,0.3007173913043477,0.4843260869565217,0.2605217391304348,0.4330652173913044,0.2764999999999999,0.1681086956521739,0.1041739130434782,0.100695652173913,0.0829782608695652,0.3618043478260869,0.0136576086956521,0.2589710144927535,220.9782608695652,43.56521739130435
en,2024-08-15,30.0,25.0,0.2248333333333333,0.1344666666666666,0.2569999999999999,0.1206666666666666,0.1239333333333333,0.2365666666666667,0.2345999999999999,0.6272333333333334,0.6297333333333335,0.1841666666666666,0.4055999999999999,0.1176,0.1167,0.1964666666666666,0.0387333333333333,0.2954666666666667,0.1962333333333333,0.2483,0.4058999999999999,0.3895333333333333,0.4861333333333333,0.2962333333333333,0.4271666666666666,0.2655333333333333,0.1533666666666666,0.1478,0.0855666666666666,0.0918333333333333,0.3747333333333334,0.0039916666666666,0.2465888888888888,260.26666666666665,51.2
en,2024-08-16,20.0,17.0,0.33215,0.1783999999999999,0.20265,0.1486,0.1916499999999999,0.30055,0.2603999999999999,0.6444500000000001,0.70645,0.18375,0.4827999999999999,0.14715,0.1265,0.26935,0.03765,0.3355,0.2615,0.2436999999999999,0.44115,0.3609499999999999,0.5845499999999999,0.40245,0.4927,0.3397,0.19495,0.1073499999999999,0.0999999999999999,0.1182,0.4201,-0.03065,0.2221,345.55,68.1
en,2024-08-17,35.0,24.0,0.2730571428571429,0.1477714285714285,0.2298285714285713,0.1556857142857143,0.1314571428571428,0.2637428571428571,0.2311999999999999,0.6196285714285714,0.6683142857142857,0.1827714285714285,0.4090571428571428,0.0883428571428571,0.1453142857142857,0.2552,0.0513428571428571,0.3217714285714285,0.2186571428571428,0.2522285714285714,0.3650857142857143,0.3442571428571429,0.524,0.3444,0.3611142857142857,0.2512571428571429,0.1379428571428571,0.0949428571428571,0.0746571428571428,0.0805142857142857,0.3749714285714285,0.0039857142857142,0.2589428571428572,287.1714285714286,56.34285714285714
en,2024-08-18,23.0,19.0,0.3349130434782609,0.1938695652173912,0.2583913043478261,0.1916086956521739,0.1733478260869565,0.3468695652173913,0.2777826086956522,0.6393478260869565,0.6967826086956521,0.2552608695652174,0.5391739130434783,0.184,0.1349565217391304,0.2610434782608695,0.1722608695652174,0.3568260869565217,0.2608260869565217,0.2413478260869565,0.4578260869565217,0.3582173913043479,0.5614782608695653,0.3643913043478261,0.4515652173913043,0.3344782608695651,0.1765217391304347,0.1579130434782608,0.1099130434782608,0.1154782608695652,0.3960434782608695,-0.0154130434782608,0.2566811594202898,514.0869565217391,99.21739130434784
en,2024-08-19,16.0,12.0,,,,,,,,,,,,,,,,,,,,,,,,,,,,,,,,,
en,2024-08-20,17.0,13.0,,,,,,,,,,,,,,,,,,,,,,,,,,,,,,,,,
en,2024-08-21,27.0,22.0,0.2227777777777778,0.1618518518518518,0.2794074074074074,0.1438888888888889,0.0812222222222222,0.1927037037037037,0.1799259259259259,0.6659999999999999,0.6151111111111112,0.1054814814814815,0.4454444444444444,0.0813333333333333,0.0771481481481481,0.1807777777777778,0.0458518518518518,0.2935925925925925,0.2118518518518518,0.1678888888888889,0.4127777777777777,0.2496296296296296,0.4648148148148148,0.2781481481481481,0.4192592592592593,0.255962962962963,0.0946296296296296,0.0259259259259259,0.0207407407407407,0.091037037037037,0.3715555555555556,0.0650185185185185,0.2912098765432099,250.7037037037037,50.18518518518518
en,2024-08-22,23.0,20.0,0.2498695652173913,0.1859565217391304,0.1591304347826087,0.1135217391304348,0.1913478260869564,0.2275217391304348,0.2071304347826087,0.6147826086956522,0.6390869565217392,0.1672173913043478,0.4744347826086956,0.1086521739130434,0.1390434782608695,0.1798260869565217,0.0314782608695652,0.3679130434782608,0.200695652173913,0.3047391304347826,0.3886086956521739,0.2763478260869564,0.5177391304347826,0.3597826086956522,0.3830434782608696,0.2735217391304348,0.1669130434782608,0.0658695652173913,0.0766521739130434,0.0952608695652173,0.3896086956521739,-0.0323152173913043,0.1580144927536232,306.69565217391306,60.43478260869565
en,2024-08-23,10.0,9.0,,,,,,,,,,,,,,,,,,,,,,,,,,,,,,,,,
en,2024-08-24,29.0,17.0,0.248551724137931,0.1608275862068965,0.2342413793103448,0.1508620689655172,0.1081724137931034,0.2427586206896551,0.1775862068965516,0.5914827586206898,0.6539999999999999,0.1281034482758621,0.5195172413793103,0.0536206896551724,0.1354482758620689,0.159,0.0219655172413793,0.3355862068965518,0.1923448275862069,0.2815862068965517,0.3967586206896552,0.344448275862069,0.495,0.3661724137931034,0.4088275862068965,0.2667931034482759,0.1117586206896551,0.0657931034482758,0.0248275862068965,0.0830689655172413,0.3546896551724137,0.0231551724137931,0.2707586206896551,200.1034482758621,38.96551724137931
en,2024-08-25,17.0,16.0,,,,,,,,,,,,,,,,,,,,,,,,,,,,,,,,,
en,2024-08-26,17.0,14.0,,,,,,,,,,,,,,,,,,,,,,,,,,,,,,,,,
en,2024-08-27,19.0,18.0,,,,,,,,,,,,,,,,,,,,,,,,,,,,,,,,,
en,2024-08-28,25.0,20.0,0.3317199999999999,0.21288,0.26904,0.26172,0.08376,0.22948,0.1781199999999999,0.6358,0.6827199999999999,0.1326399999999999,0.4356799999999999,0.11156,0.1350799999999999,0.2395199999999999,0.03804,0.3352399999999999,0.25272,0.2508,0.3683999999999999,0.284,0.56272,0.30788,0.44216,0.2786,0.1103599999999999,0.0483599999999999,0.10772,0.09656,0.40956,0.1122199999999999,0.3440666666666667,311.76,59.36
en,2024-08-29,22.0,18.0,0.3369999999999999,0.1492727272727272,0.2138636363636362,0.1826818181818182,0.0562272727272727,0.1976818181818181,0.160590909090909,0.6561818181818183,0.7066363636363636,0.1233636363636363,0.3682727272727273,0.064090909090909,0.2093181818181818,0.171090909090909,0.0629090909090909,0.301590909090909,0.1750454545454546,0.3047727272727272,0.3096363636363636,0.1994545454545454,0.5298181818181819,0.3192272727272728,0.457590909090909,0.2618636363636363,0.1085909090909091,0.0597272727272727,0.1533181818181818,0.0918636363636363,0.3505454545454545,0.09375,0.3629393939393939,297.45454545454544,59.45454545454545
en,2024-08-30,15.0,12.0,,,,,,,,,,,,,,,,,,,,,,,,,,,,,,,,,
en,2024-08-31,17.0,14.0,,,,,,,,,,,,,,,,,,,,,,,,,,,,,,,,,
en,2024-09-01,25.0,17.0,0.34532,0.13488,0.19616,0.1292799999999999,0.14056,0.26028,0.21856,0.67336,0.7055199999999999,0.15508,0.48228,0.10436,0.12352,0.21416,0.05552,0.2934800000000001,0.1871599999999999,0.21528,0.38804,0.30316,0.5367200000000001,0.3377199999999999,0.46052,0.30584,0.14056,0.13668,0.11532,0.08948,0.3566,0.00099,0.2751066666666666,378.48,74.4
en,2024-09-02,14.0,11.0,,,,,,,,,,,,,,,,,,,,,,,,,,,,,,,,,
en,2024-09-03,21.0,18.0,0.3163809523809524,0.1524761904761905,0.2326666666666666,0.1285714285714286,0.1523333333333333,0.2666666666666666,0.2163333333333333,0.6480952380952381,0.6541904761904762,0.1656190476190476,0.4257142857142857,0.135095238095238,0.2394761904761904,0.1901904761904762,0.1043809523809523,0.3074761904761904,0.2366666666666667,0.195047619047619,0.3968571428571428,0.3777619047619047,0.5173809523809524,0.3156666666666666,0.4560476190476191,0.2755238095238095,0.1287142857142857,0.0532857142857142,0.0937142857142857,0.1253333333333333,0.4009523809523809,-0.0019761904761904,0.2487460317460317,409.3333333333333,85.85714285714286
en,2024-09-04,18.0,12.0,,,,,,,,,,,,,,,,,,,,,,,,,,,,,,,,,
en,2024-09-05,31.0,17.0,0.3497096774193548,0.1994193548387096,0.2988709677419354,0.1985806451612903,0.1389677419354838,0.2601612903225807,0.1865161290322581,0.6449354838709676,0.6693548387096775,0.1815806451612902,0.5421612903225808,0.0922903225806451,0.2032258064516129,0.2031935483870968,0.0416451612903225,0.3235806451612903,0.2298709677419355,0.2185483870967742,0.3633225806451612,0.2733870967741936,0.515774193548387,0.3126129032258065,0.375516129032258,0.4366774193548387,0.1154516129032258,0.1055806451612903,0.1309677419354838,0.1025806451612903,0.3859032258064515,0.0620806451612903,0.3003440860215053,307.51612903225805,62.2258064516129
en,2024-09-06,26.0,23.0,0.3775384615384616,0.2314230769230769,0.2283846153846154,0.1887692307692307,0.1089230769230769,0.2434615384615384,0.1949230769230768,0.6876923076923076,0.7395384615384616,0.1997307692307692,0.4429999999999999,0.0839999999999999,0.229576923076923,0.1758076923076923,0.0315384615384615,0.2851153846153846,0.2427307692307692,0.1792692307692307,0.5080769230769231,0.2528461538461539,0.526076923076923,0.2885384615384615,0.477076923076923,0.2705384615384615,0.0958076923076923,0.0394999999999999,0.0766538461538461,0.0976538461538461,0.3873846153846153,0.0803365384615384,0.3395641025641026,371.5,73.57692307692308
en,2024-09-07,27.0,19.0,0.2294444444444444,0.1288518518518518,0.1939629629629629,0.0909259259259259,0.1488148148148148,0.2672592592592592,0.207074074074074,0.6653333333333333,0.6650370370370372,0.1347037037037037,0.4712222222222222,0.0716296296296296,0.2098888888888888,0.1615185185185185,0.0317037037037037,0.3213703703703704,0.2532962962962963,0.1732222222222222,0.5578148148148149,0.358962962962963,0.5277037037037037,0.3702222222222222,0.4802222222222222,0.3207777777777778,0.1231481481481481,0.0282222222222222,0.0608888888888888,0.0946296296296296,0.3634074074074074,-0.0472407407407407,0.214,407.7407407407408,81.74074074074075
en,2024-09-08,19.0,18.0,,,,,,,,,,,,,,,,,,,,,,,,,,,,,,,,,
en,2024-09-09,20.0,16.0,0.3562999999999999,0.3108,0.3111,0.2242,0.1621,0.31445,0.2528499999999999,0.58395,0.6535,0.2725,0.49305,0.1824,0.18315,0.2804,0.0799999999999999,0.4531499999999999,0.29185,0.3709,0.42855,0.3228,0.5447500000000001,0.4433499999999999,0.3546499999999999,0.3611,0.15555,0.1498999999999999,0.1456,0.16035,0.43585,0.0623249999999999,0.2782,862.8,171.1
en,2024-09-10,16.0,14.0,,,,,,,,,,,,,,,,,,,,,,,,,,,,,,,,,
en,2024-09-11,22.0,20.0,0.3847727272727272,0.129,0.2044545454545454,0.0908636363636363,0.1,0.2680909090909091,0.2126363636363636,0.6275000000000001,0.6839090909090909,0.1590454545454545,0.551,0.0688636363636363,0.1519545454545454,0.1814090909090908,0.0190454545454545,0.3637272727272727,0.1876818181818181,0.268409090909091,0.3953636363636363,0.2756818181818181,0.5255454545454545,0.3530454545454545,0.428590909090909,0.3325,0.0978636363636363,0.1059090909090909,0.1354545454545454,0.085090909090909,0.3513636363636363,0.0182272727272727,0.3243787878787879,355.40909090909093,72.04545454545455
en,2024-09-12,16.0,15.0,,,,,,,,,,,,,,,,,,,,,,,,,,,,,,,,,
en,2024-09-13,20.0,18.0,0.3905999999999999,0.2169,0.31045,0.2271499999999999,0.1099,0.31655,0.3289499999999999,0.7375,0.7575000000000001,0.1977999999999999,0.60685,0.1015999999999999,0.1628,0.32135,0.0281,0.39895,0.2623999999999999,0.2278,0.4597,0.2875999999999999,0.6272,0.5366,0.53865,0.396,0.1294499999999999,0.12215,0.1189,0.123,0.42965,0.07305,0.3762833333333333,541.15,109.5
en,2024-09-14,23.0,22.0,0.3250434782608696,0.1530869565217391,0.279695652173913,0.2242608695652174,0.0894782608695652,0.2270434782608696,0.1903913043478261,0.565608695652174,0.7035217391304348,0.1741304347826087,0.4424347826086955,0.0643478260869565,0.1923043478260869,0.1785217391304347,0.0709130434782608,0.3300434782608695,0.2256521739130434,0.2267826086956521,0.3531739130434783,0.215391304347826,0.5561739130434783,0.3521739130434782,0.390304347826087,0.3362173913043478,0.1588260869565217,0.0985217391304347,0.0730434782608695,0.0888695652173913,0.3550434782608695,0.0872608695652173,0.3466086956521739,347.5652173913044,69.47826086956522
en,2024-09-15,18.0,16.0,,,,,,,,,,,,,,,,,,,,,,,,,,,,,,,,,
en,2024-09-16,19.0,17.0,,,,,,,,,,,,,,,,,,,,,,,,,,,,,,,,,
en,2024-09-17,11.0,11.0,,,,,,,,,,,,,,,,,,,,,,,,,,,,,,,,,
en,2024-09-18,25.0,21.0,0.33376,0.13152,0.21404,0.14952,0.23092,0.29368,0.214,0.6805199999999999,0.58232,0.14296,0.46756,0.15288,0.21144,0.23692,0.0585999999999999,0.32844,0.27436,0.23296,0.3845599999999999,0.42188,0.51572,0.3958,0.4689199999999999,0.40488,0.1263999999999999,0.07572,0.08448,0.12312,0.4296,-0.0550899999999999,0.1457866666666666,310.32,62.48
en,2024-09-19,19.0,17.0,,,,,,,,,,,,,,,,,,,,,,,,,,,,,,,,,
en,2024-09-20,19.0,16.0,,,,,,,,,,,,,,,,,,,,,,,,,,,,,,,,,
en,2024-09-21,28.0,24.0,0.3269999999999999,0.2693571428571428,0.2298214285714285,0.2321071428571428,0.1019642857142857,0.2500357142857143,0.2499285714285714,0.6612857142857144,0.7617857142857142,0.2085714285714285,0.4324642857142857,0.1357857142857142,0.2134642857142857,0.25775,0.0574642857142857,0.3284285714285714,0.2678571428571428,0.25875,0.3993214285714286,0.2409999999999999,0.5571785714285714,0.3900714285714285,0.4872142857142857,0.3211071428571429,0.1287499999999999,0.0424999999999999,0.162,0.1375714285714285,0.4315357142857143,0.0885714285714285,0.3375714285714285,571.5,114.75
en,2024-09-22,16.0,14.0,,,,,,,,,,,,,,,,,,,,,,,,,,,,,,,,,
en,2024-09-23,13.0,12.0,,,,,,,,,,,,,,,,,,,,,,,,,,,,,,,,,
en,2024-09-24,15.0,12.0,,,,,,,,,,,,,,,,,,,,,,,,,,,,,,,,,
en,2024-09-25,24.0,17.0,0.3271666666666666,0.1989166666666667,0.2613333333333333,0.175625,0.0832916666666666,0.254375,0.2276666666666666,0.6347083333333333,0.6960000000000001,0.178,0.4052916666666666,0.1505416666666666,0.17125,0.196125,0.0280416666666666,0.3340833333333333,0.210875,0.264625,0.3932499999999999,0.2642083333333333,0.60925,0.3864166666666666,0.4594166666666666,0.2975833333333333,0.13225,0.0702499999999999,0.1062916666666666,0.121875,0.3910833333333333,0.0719270833333333,0.344875,572.0833333333334,111.45833333333331
en,2024-09-26,18.0,13.0,,,,,,,,,,,,,,,,,,,,,,,,,,,,,,,,,
en,2024-09-27,18.0,15.0,,,,,,,,,,,,,,,,,,,,,,,,,,,,,,,,,
en,2024-09-28,10.0,9.0,,,,,,,,,,,,,,,,,,,,,,,,,,,,,,,,,
en,2024-09-29,20.0,16.0,0.2986,0.36145,0.28445,0.2352999999999999,0.0917999999999999,0.2057999999999999,0.15155,0.60235,0.7055,0.1692,0.4613999999999999,0.1268,0.1636,0.1707999999999999,0.05275,0.31975,0.18965,0.29415,0.3328,0.19615,0.58075,0.31275,0.34635,0.28105,0.1067499999999999,0.04005,0.0760499999999999,0.0865,0.3967,0.1461499999999999,0.3377166666666666,335.8,65.5
en,2024-09-30,18.0,16.0,,,,,,,,,,,,,,,,,,,,,,,,,,,,,,,,,
en,2024-10-01,29.0,19.0,0.276448275862069,0.2293793103448275,0.1881379310344827,0.1561724137931034,0.1500689655172414,0.2841724137931035,0.258448275862069,0.6644482758620689,0.6773103448275861,0.2164827586206897,0.4367586206896552,0.1583103448275861,0.1923448275862068,0.236103448275862,0.0997586206896551,0.3671724137931035,0.2828620689655172,0.2796206896551724,0.4275172413793103,0.449103448275862,0.5382758620689656,0.4727241379310344,0.4636206896551724,0.3264137931034482,0.1808965517241379,0.0806896551724137,0.063103448275862,0.1357586206896552,0.4296206896551724,-0.0045862068965517,0.2305632183908046,537.9310344827586,104.06896551724138
en,2024-10-02,18.0,15.0,,,,,,,,,,,,,,,,,,,,,,,,,,,,,,,,,
en,2024-10-03,13.0,12.0,,,,,,,,,,,,,,,,,,,,,,,,,,,,,,,,,
en,2024-10-04,14.0,11.0,,,,,,,,,,,,,,,,,,,,,,,,,,,,,,,,,
en,2024-10-05,14.0,13.0,,,,,,,,,,,,,,,,,,,,,,,,,,,,,,,,,
en,2024-10-06,21.0,18.0,0.338047619047619,0.2760952380952381,0.2705714285714286,0.2339999999999999,0.122047619047619,0.2997142857142857,0.3002380952380952,0.6841428571428572,0.733047619047619,0.2367142857142857,0.3782857142857143,0.1298571428571429,0.1316666666666666,0.254095238095238,0.0579523809523809,0.3642380952380952,0.2436190476190476,0.3141428571428571,0.468904761904762,0.308,0.6801428571428572,0.3950952380952381,0.4404761904761904,0.2849523809523809,0.1645714285714286,0.0798095238095238,0.1438095238095238,0.1326666666666666,0.4238095238095238,0.068797619047619,0.3251746031746031,783.4761904761905,152.9047619047619
en,2024-10-07,24.0,19.0,0.2244166666666666,0.1404166666666666,0.169,0.112375,0.1644583333333333,0.2314583333333333,0.216875,0.598875,0.5964999999999999,0.1695416666666666,0.457875,0.1100416666666666,0.1788333333333333,0.197125,0.0311666666666666,0.3163333333333333,0.2125,0.2340416666666666,0.3989166666666666,0.3947083333333332,0.5134583333333333,0.3837916666666667,0.4282083333333333,0.3019166666666666,0.1285833333333333,0.0717916666666666,0.0581666666666666,0.0865833333333333,0.3387083333333334,-0.03640625,0.1655138888888888,405.4166666666667,79.58333333333333
en,2024-10-08,21.0,20.0,0.2317619047619047,0.1299523809523809,0.241,0.1231904761904761,0.2382380952380952,0.2734761904761905,0.1927142857142857,0.6488095238095238,0.5613809523809523,0.1182380952380952,0.3541428571428571,0.0974285714285714,0.1733333333333333,0.1611428571428571,0.0188571428571428,0.3430952380952381,0.2197142857142856,0.2085238095238095,0.3055238095238095,0.4199047619047619,0.5057619047619047,0.3913333333333332,0.4108095238095238,0.2413333333333333,0.1432380952380952,0.015047619047619,0.012095238095238,0.0763333333333333,0.3706190476190475,-0.0743809523809523,0.1064761904761904,365.1428571428572,74.28571428571429
en,2024-10-09,21.0,16.0,0.4602857142857143,0.2361428571428571,0.286095238095238,0.1688571428571428,0.0780952380952381,0.2925238095238095,0.224047619047619,0.6918095238095237,0.7837619047619049,0.1708095238095238,0.4675714285714286,0.1134761904761904,0.1283809523809523,0.2117619047619047,0.0817142857142857,0.3637142857142857,0.239095238095238,0.2836666666666667,0.4856190476190476,0.2861428571428571,0.5485714285714286,0.4128095238095238,0.5001428571428571,0.3604761904761904,0.1300952380952381,0.146095238095238,0.0318095238095238,0.1123333333333333,0.3986666666666666,0.1025357142857142,0.4319523809523808,441.3333333333333,88.47619047619048
en,2024-10-10,18.0,15.0,,,,,,,,,,,,,,,,,,,,,,,,,,,,,,,,,
en,2024-10-11,18.0,15.0,,,,,,,,,,,,,,,,,,,,,,,,,,,,,,,,,
en,2024-10-12,22.0,21.0,0.2530454545454546,0.2453636363636364,0.2376818181818181,0.1549545454545454,0.1830909090909091,0.2991363636363636,0.2146818181818181,0.6554545454545454,0.6054999999999999,0.1451363636363636,0.4039090909090909,0.1385,0.1636818181818182,0.2266363636363636,0.0204090909090909,0.3424090909090909,0.1953181818181818,0.2569090909090908,0.3552727272727272,0.3490454545454545,0.5565454545454545,0.3715454545454545,0.3864545454545455,0.2605909090909091,0.1067272727272727,0.0709545454545454,0.0689545454545454,0.0842272727272727,0.3656818181818181,-0.0183522727272727,0.1823181818181818,391.3636363636364,77.36363636363636
en,2024-10-13,27.0,18.0,0.2636296296296296,0.1294814814814814,0.3580740740740741,0.1294444444444444,0.0956296296296296,0.2062222222222222,0.1653703703703703,0.7027777777777777,0.7470740740740742,0.1278518518518518,0.6125555555555555,0.0694814814814814,0.2539999999999999,0.1358518518518518,0.0992222222222222,0.2835555555555555,0.2277407407407407,0.1439629629629629,0.416037037037037,0.2778148148148148,0.4555185185185185,0.2567777777777778,0.524,0.3668888888888888,0.0792962962962962,0.0145555555555555,0.0141851851851851,0.1022222222222222,0.3685925925925926,0.0692314814814814,0.3606296296296296,252.3703703703704,50.51851851851852
en,2024-10-14,25.0,18.0,0.30404,0.2025999999999999,0.24924,0.1725199999999999,0.1124,0.2406799999999999,0.20196,0.66372,0.65728,0.17284,0.43928,0.0936,0.17312,0.27524,0.03404,0.34392,0.2227199999999999,0.33836,0.29584,0.23524,0.58252,0.3577999999999999,0.47596,0.26932,0.19536,0.0521999999999999,0.10044,0.11688,0.40724,0.0555599999999999,0.29112,321.36,60.8
en,2024-10-15,22.0,19.0,0.4379999999999999,0.3114090909090909,0.3091363636363637,0.2062727272727272,0.1555454545454545,0.3288636363636363,0.3000909090909091,0.7226363636363637,0.7796818181818183,0.2721363636363636,0.5379545454545455,0.1463636363636363,0.1926363636363636,0.2847272727272727,0.0861363636363636,0.4088636363636365,0.2985909090909091,0.2839090909090909,0.5021818181818182,0.2899090909090908,0.6235454545454545,0.520818181818182,0.5127727272727274,0.3351818181818182,0.1760909090909091,0.0971818181818181,0.1802727272727272,0.1759545454545454,0.4457272727272727,0.074,0.3533939393939393,863.4545454545455,170.5909090909091
en,2024-10-16,41.0,33.0,0.2704878048780488,0.1592682926829268,0.1900975609756097,0.1305121951219512,0.0827073170731707,0.1842682926829268,0.159,0.6337560975609756,0.7040487804878048,0.1543170731707316,0.3611463414634146,0.0891951219512195,0.1280243902439024,0.1753414634146341,0.0394878048780487,0.2687073170731707,0.1824146341463414,0.1912682926829268,0.315390243902439,0.2662926829268292,0.4234878048780487,0.3154146341463414,0.3975853658536585,0.2815609756097561,0.0802195121951219,0.0303658536585365,0.0778536585365853,0.0634390243902439,0.3292682926829268,0.0541036585365853,0.3055040650406504,287.8536585365854,58.02439024390244
en,2024-10-17,20.0,16.0,0.3761,0.1206499999999999,0.21455,0.17005,0.05575,0.2135,0.1398,0.6469000000000001,0.73185,0.1148999999999999,0.4029999999999999,0.09035,0.11115,0.11425,0.0594499999999999,0.2804999999999999,0.22615,0.16205,0.38545,0.26205,0.4294499999999999,0.3228,0.4458499999999999,0.3138,0.13635,0.02505,0.01395,0.0642,0.3255,0.0857125,0.3850833333333333,195.75,39.45
en,2024-10-18,15.0,13.0,,,,,,,,,,,,,,,,,,,,,,,,,,,,,,,,,
en,2024-10-19,19.0,16.0,,,,,,,,,,,,,,,,,,,,,,,,,,,,,,,,,
en,2024-10-20,29.0,27.0,0.287448275862069,0.2406206896551724,0.2617931034482758,0.1655862068965517,0.0653448275862069,0.2312413793103449,0.2007931034482759,0.6289655172413793,0.6704827586206897,0.1683793103448275,0.3539655172413793,0.099551724137931,0.1348275862068965,0.2078275862068965,0.0173448275862068,0.318,0.2192758620689655,0.1738965517241379,0.3826206896551724,0.2413448275862068,0.4837586206896551,0.3095172413793103,0.4146206896551724,0.2680344827586207,0.1288275862068965,0.0674482758620689,0.0749310344827586,0.1082068965517241,0.387551724137931,0.0905689655172413,0.3412298850574713,325.82758620689657,65.82758620689656
en,2024-10-21,20.0,16.0,0.28495,0.2045,0.29035,0.1619999999999999,0.1174499999999999,0.2149999999999999,0.1736,0.62565,0.6434000000000001,0.15165,0.4397,0.0785999999999999,0.1954499999999999,0.2011,0.02155,0.3286,0.22165,0.1737999999999999,0.3751,0.3286,0.4599999999999999,0.3097499999999999,0.4472500000000001,0.3018,0.07415,0.0293,0.0665,0.1166,0.37345,0.069225,0.2887833333333333,330.05,67.25
en,2024-10-22,13.0,10.0,,,,,,,,,,,,,,,,,,,,,,,,,,,,,,,,,
en,2024-10-23,22.0,18.0,0.282590909090909,0.2187272727272727,0.3191818181818181,0.1993181818181818,0.1683181818181818,0.2938636363636364,0.2436818181818182,0.6530454545454546,0.6160909090909091,0.1987272727272727,0.4873636363636363,0.1249090909090909,0.15,0.2396363636363636,0.0259545454545454,0.3633636363636364,0.2218181818181818,0.2943636363636364,0.4380909090909091,0.3576818181818182,0.6930454545454546,0.5191363636363637,0.5161818181818182,0.3074545454545454,0.1379545454545454,0.0953181818181818,0.0585454545454545,0.134090909090909,0.4181363636363635,0.0238636363636363,0.2376363636363636,544.5454545454545,108.3181818181818
en,2024-10-24,17.0,15.0,,,,,,,,,,,,,,,,,,,,,,,,,,,,,,,,,
en,2024-10-25,16.0,16.0,,,,,,,,,,,,,,,,,,,,,,,,,,,,,,,,,
en,2024-10-26,28.0,21.0,0.3949642857142857,0.2071785714285714,0.26475,0.1867142857142857,0.0908928571428571,0.2247857142857143,0.1873214285714285,0.6777857142857143,0.7799285714285713,0.2346785714285714,0.4413571428571429,0.096,0.2523214285714286,0.1975357142857143,0.0495357142857142,0.330642857142857,0.2308214285714285,0.1802857142857142,0.3864285714285714,0.1678928571428571,0.4941071428571429,0.3291428571428571,0.4611071428571427,0.3444642857142858,0.0890357142857142,0.0179642857142857,0.0271785714285714,0.1238571428571428,0.4181785714285714,0.1055625,0.3889880952380952,499.32142857142856,101.85714285714286
en,2024-10-27,13.0,11.0,,,,,,,,,,,,,,,,,,,,,,,,,,,,,,,,,
en,2024-10-28,21.0,18.0,0.4101904761904762,0.2802380952380952,0.3277142857142857,0.1948095238095238,0.0651428571428571,0.2435238095238095,0.1953333333333333,0.6849523809523811,0.7571428571428571,0.1789523809523809,0.569047619047619,0.0711904761904761,0.2095714285714285,0.1986666666666666,0.0595238095238095,0.3785238095238095,0.2433333333333333,0.2060952380952381,0.4272857142857143,0.1718095238095238,0.4950952380952381,0.2919523809523809,0.4531428571428571,0.3376666666666666,0.102,0.0232857142857142,0.0480952380952381,0.1035714285714285,0.4182380952380952,0.1489047619047619,0.4332063492063492,373.8095238095238,75.04761904761905
en,2024-10-29,15.0,13.0,,,,,,,,,,,,,,,,,,,,,,,,,,,,,,,,,
en,2024-10-30,11.0,9.0,,,,,,,,,,,,,,,,,,,,,,,,,,,,,,,,,
en,2024-10-31,9.0,8.0,,,,,,,,,,,,,,,,,,,,,,,,,,,,,,,,,
en,2024-11-01,26.0,19.0,0.3256923076923076,0.1854999999999999,0.1948461538461538,0.15,0.0810384615384615,0.2393461538461538,0.2161923076923077,0.6175384615384616,0.6868461538461538,0.2248076923076923,0.4243846153846153,0.0701538461538461,0.2491538461538461,0.2084230769230769,0.0327307692307692,0.3486153846153846,0.2141153846153846,0.2913461538461538,0.3380769230769231,0.210576923076923,0.5342307692307693,0.3121153846153846,0.466423076923077,0.3176923076923076,0.1069230769230769,0.0203461538461538,0.0996538461538461,0.0913461538461538,0.3810384615384615,0.0538173076923077,0.3214230769230769,444.1923076923077,87.57692307692308
en,2024-11-02,15.0,13.0,,,,,,,,,,,,,,,,,,,,,,,,,,,,,,,,,
en,2024-11-03,14.0,14.0,,,,,,,,,,,,,,,,,,,,,,,,,,,,,,,,,
en,2024-11-04,18.0,16.0,,,,,,,,,,,,,,,,,,,,,,,,,,,,,,,,,
en,2024-11-05,11.0,10.0,,,,,,,,,,,,,,,,,,,,,,,,,,,,,,,,,
en,2024-11-06,25.0,19.0,0.33976,0.19752,0.2849199999999999,0.2264,0.1071599999999999,0.31924,0.22196,0.6886,0.71788,0.20068,0.5664,0.13304,0.20292,0.24944,0.0478,0.3784,0.24684,0.34836,0.36168,0.32316,0.5876399999999999,0.4026,0.5412399999999999,0.3265999999999999,0.1321999999999999,0.1037999999999999,0.11884,0.15488,0.42052,0.04895,0.34036,472.0,93.12
en,2024-11-07,14.0,13.0,,,,,,,,,,,,,,,,,,,,,,,,,,,,,,,,,
en,2024-11-08,15.0,15.0,,,,,,,,,,,,,,,,,,,,,,,,,,,,,,,,,
en,2024-11-09,13.0,12.0,,,,,,,,,,,,,,,,,,,,,,,,,,,,,,,,,
en,2024-11-10,16.0,15.0,,,,,,,,,,,,,,,,,,,,,,,,,,,,,,,,,
en,2024-11-11,14.0,11.0,,,,,,,,,,,,,,,,,,,,,,,,,,,,,,,,,
en,2024-11-12,13.0,12.0,,,,,,,,,,,,,,,,,,,,,,,,,,,,,,,,,
en,2024-11-13,22.0,21.0,0.4630454545454545,0.2908181818181818,0.2706818181818181,0.2451818181818181,0.1071363636363636,0.2997272727272727,0.2684545454545454,0.7126818181818183,0.7825909090909092,0.2058636363636363,0.4972727272727272,0.1596363636363636,0.2083636363636363,0.2348181818181818,0.039590909090909,0.3821363636363636,0.2516363636363636,0.2239090909090909,0.5106363636363636,0.2507272727272727,0.6054090909090909,0.408,0.5189090909090909,0.3508181818181818,0.1665909090909091,0.0693181818181818,0.1875454545454545,0.1448181818181818,0.4295454545454544,0.114,0.3983030303030302,555.5,111.77272727272728
en,2024-11-14,27.0,18.0,0.223037037037037,0.122037037037037,0.2181481481481481,0.1565925925925926,0.0712592592592592,0.2143333333333333,0.1703333333333333,0.6270740740740741,0.6477777777777777,0.1192592592592592,0.4115185185185185,0.0972962962962963,0.1464074074074074,0.1734444444444444,0.022037037037037,0.3149259259259259,0.189037037037037,0.2167777777777777,0.2466296296296296,0.349,0.415074074074074,0.2371481481481481,0.422962962962963,0.2312222222222222,0.0766296296296296,0.0233333333333333,0.0808148148148148,0.0745925925925925,0.3372222222222222,0.0371574074074073,0.2917283950617284,378.8148148148149,77.88888888888889
en,2024-11-15,17.0,14.0,,,,,,,,,,,,,,,,,,,,,,,,,,,,,,,,,
en,2024-11-16,19.0,14.0,,,,,,,,,,,,,,,,,,,,,,,,,,,,,,,,,
en,2024-11-17,23.0,19.0,0.412695652173913,0.2209130434782608,0.2902608695652174,0.2102608695652173,0.1987391304347826,0.3436521739130435,0.3254347826086956,0.689304347826087,0.7234347826086956,0.2535652173913043,0.6323043478260869,0.1754347826086956,0.2777391304347826,0.299,0.1190434782608695,0.3949565217391304,0.3497391304347826,0.3241304347826087,0.5220434782608696,0.385695652173913,0.6340869565217391,0.4172608695652173,0.489695652173913,0.4484347826086957,0.216304347826087,0.1630434782608695,0.1489130434782608,0.1774347826086956,0.4513913043478261,0.0123369565217391,0.2767246376811594,536.6521739130435,107.65217391304348
en,2024-11-18,19.0,17.0,,,,,,,,,,,,,,,,,,,,,,,,,,,,,,,,,
en,2024-11-19,19.0,15.0,,,,,,,,,,,,,,,,,,,,,,,,,,,,,,,,,
en,2024-11-20,21.0,15.0,0.3066190476190476,0.1902380952380952,0.2229523809523809,0.1868095238095238,0.0819523809523809,0.2208095238095238,0.1977619047619047,0.6569047619047619,0.6745238095238095,0.155,0.4548095238095238,0.0646666666666666,0.1946666666666666,0.1801428571428571,0.0213333333333333,0.2806666666666667,0.2201904761904762,0.2098095238095238,0.3772380952380952,0.2403809523809524,0.5858571428571427,0.3896190476190475,0.4780476190476191,0.2925238095238095,0.1001428571428571,0.0657619047619047,0.1812857142857142,0.1146666666666666,0.3962380952380952,0.0752738095238095,0.3194126984126984,557.6666666666666,111.71428571428572
en,2024-11-21,20.0,17.0,0.26115,0.1718,0.2002999999999999,0.15605,0.1044,0.2654499999999999,0.2265,0.6834999999999999,0.6519999999999999,0.13465,0.45435,0.1064,0.2048499999999999,0.2043,0.0751999999999999,0.297,0.2138999999999999,0.25575,0.3933,0.2601,0.61365,0.41335,0.46755,0.30295,0.1362999999999999,0.1023999999999999,0.103,0.10625,0.39265,0.0123999999999999,0.2667499999999999,531.35,106.35
en,2024-11-22,15.0,14.0,,,,,,,,,,,,,,,,,,,,,,,,,,,,,,,,,
en,2024-11-23,20.0,13.0,0.4690999999999999,0.30645,0.3014,0.1784999999999999,0.0611499999999999,0.2744,0.22025,0.686,0.7261000000000001,0.1719,0.63475,0.0697499999999999,0.1786,0.2017999999999999,0.01775,0.3612499999999999,0.2543999999999999,0.22085,0.5071999999999999,0.1962999999999999,0.5939000000000001,0.3705,0.4059999999999999,0.4019,0.1081,0.0403,0.1755999999999999,0.109,0.42115,0.1460875,0.4377166666666666,502.95,103.2
en,2024-11-24,24.0,20.0,0.2426666666666666,0.0942916666666666,0.1823749999999999,0.1364166666666666,0.1178333333333333,0.2652916666666666,0.1879999999999999,0.70125,0.599375,0.1349166666666666,0.426875,0.0529583333333333,0.2320833333333333,0.2085416666666666,0.0201666666666666,0.3461249999999999,0.2221666666666666,0.2494583333333333,0.3380416666666666,0.2815833333333333,0.5515416666666667,0.3674166666666667,0.5169166666666666,0.250875,0.123125,0.0198333333333333,0.1047916666666666,0.09375,0.3955833333333333,-0.027625,0.2236388888888889,434.2916666666667,86.95833333333333
en,2024-11-25,15.0,10.0,,,,,,,,,,,,,,,,,,,,,,,,,,,,,,,,,
en,2024-11-26,15.0,14.0,,,,,,,,,,,,,,,,,,,,,,,,,,,,,,,,,
en,2024-11-27,18.0,17.0,,,,,,,,,,,,,,,,,,,,,,,,,,,,,,,,,
en,2024-11-28,25.0,20.0,0.4512,0.20872,0.313,0.2201999999999999,0.0440799999999999,0.18256,0.1982,0.6830000000000002,0.7803600000000002,0.17348,0.5764,0.0515199999999999,0.26316,0.19088,0.03852,0.32104,0.20656,0.22844,0.35544,0.15884,0.50124,0.3365999999999999,0.4379199999999999,0.35544,0.07732,0.03108,0.07824,0.11144,0.37836,0.1849599999999999,0.4707733333333332,435.52,87.2
en,2024-11-29,24.0,22.0,0.3345,0.2158333333333333,0.2924166666666666,0.170625,0.0948333333333333,0.2905416666666667,0.2022083333333333,0.7044583333333333,0.685375,0.2045833333333333,0.4995416666666667,0.11225,0.2574166666666667,0.2390833333333333,0.03375,0.3122916666666667,0.2442916666666666,0.2749999999999999,0.3883750000000001,0.2345833333333332,0.5947916666666666,0.4165,0.544625,0.3265,0.1216666666666666,0.0599166666666666,0.0612083333333333,0.1410416666666666,0.4197083333333333,0.0606562499999999,0.3425972222222222,538.8333333333334,109.20833333333331
en,2024-11-30,21.0,17.0,0.2705238095238095,0.1250952380952381,0.2258095238095238,0.1495238095238095,0.1068571428571428,0.2325238095238095,0.2114285714285714,0.6619047619047619,0.6427142857142858,0.1433333333333333,0.2950952380952381,0.0784285714285714,0.1667619047619047,0.2703809523809524,0.0484285714285714,0.3217619047619047,0.2336190476190476,0.2507619047619047,0.338095238095238,0.3702857142857143,0.5158571428571428,0.2988095238095238,0.4923809523809525,0.2460952380952381,0.1357142857142857,0.0797619047619047,0.0471904761904761,0.1214285714285714,0.3976190476190476,0.023047619047619,0.2728253968253968,397.3809523809524,79.9047619047619
en,2024-12-01,15.0,10.0,,,,,,,,,,,,,,,,,,,,,,,,,,,,,,,,,
en,2024-12-02,12.0,10.0,,,,,,,,,,,,,,,,,,,,,,,,,,,,,,,,,
en,2024-12-03,17.0,15.0,,,,,,,,,,,,,,,,,,,,,,,,,,,,,,,,,
en,2024-12-04,10.0,10.0,,,,,,,,,,,,,,,,,,,,,,,,,,,,,,,,,
en,2024-12-05,23.0,18.0,0.4228695652173913,0.2869565217391304,0.2815652173913044,0.2168260869565217,0.0956521739130434,0.3222608695652175,0.3015652173913044,0.6453478260869564,0.6903478260869566,0.2226086956521738,0.5309565217391305,0.1632173913043478,0.1472608695652174,0.2738695652173913,0.1047391304347826,0.376086956521739,0.2412608695652173,0.3153478260869565,0.4534782608695652,0.2736521739130435,0.6200434782608694,0.3538695652173912,0.486391304347826,0.3379565217391304,0.137,0.0855652173913043,0.1473043478260869,0.1431304347826087,0.4390434782608697,0.0930978260869565,0.3692753623188406,872.2173913043479,169.69565217391303
en,2024-12-06,18.0,17.0,,,,,,,,,,,,,,,,,,,,,,,,,,,,,,,,,
en,2024-12-07,12.0,12.0,,,,,,,,,,,,,,,,,,,,,,,,,,,,,,,,,
en,2024-12-08,17.0,14.0,,,,,,,,,,,,,,,,,,,,,,,,,,,,,,,,,
en,2024-12-09,12.0,12.0,,,,,,,,,,,,,,,,,,,,,,,,,,,,,,,,,
en,2024-12-10,22.0,18.0,0.3974999999999999,0.2293181818181817,0.1794545454545454,0.1080454545454545,0.1060909090909091,0.2448636363636364,0.2185,0.6004090909090908,0.7615454545454546,0.2201818181818182,0.3814545454545455,0.0938181818181818,0.3044090909090909,0.1757272727272727,0.1378636363636363,0.277090909090909,0.2431363636363635,0.1299090909090909,0.5514090909090908,0.2290909090909091,0.5271363636363636,0.3412727272727272,0.3679090909090909,0.2492272727272727,0.1216818181818181,0.0874090909090909,0.1408181818181818,0.0876818181818181,0.3733636363636363,0.0531022727272727,0.3400757575757576,561.4090909090909,111.9090909090909
en,2024-12-11,22.0,16.0,0.3115,0.2247272727272727,0.114590909090909,0.1624090909090909,0.0836818181818181,0.1861818181818182,0.1501818181818182,0.6793181818181817,0.7474545454545454,0.2088636363636363,0.3924545454545454,0.0587272727272727,0.208590909090909,0.1738636363636363,0.0566363636363636,0.317,0.1894090909090908,0.250590909090909,0.4128181818181818,0.1884090909090909,0.4898636363636363,0.2559090909090909,0.4780454545454546,0.3174545454545454,0.0926818181818181,0.0903181818181818,0.0569090909090909,0.0739090909090909,0.3562727272727273,0.068375,0.3075,290.8181818181818,58.68181818181818
en,2024-12-12,15.0,13.0,,,,,,,,,,,,,,,,,,,,,,,,,,,,,,,,,
en,2024-12-13,20.0,18.0,0.2639,0.15635,0.2405,0.13285,0.0730999999999999,0.2404,0.2,0.60655,0.6308499999999999,0.16835,0.5597000000000001,0.0953499999999999,0.10445,0.20325,0.01295,0.3440500000000001,0.19585,0.253,0.2705499999999999,0.3259999999999999,0.4619,0.31405,0.4559499999999999,0.3439,0.07385,0.01715,0.09035,0.0878,0.3695,0.04165,0.3053166666666666,221.4,43.7
en,2024-12-14,22.0,18.0,0.1638636363636363,0.1788636363636363,0.1339545454545454,0.0954545454545454,0.153590909090909,0.2552727272727272,0.1872727272727272,0.6117727272727274,0.5253181818181818,0.0977727272727272,0.3832727272727274,0.0593636363636363,0.1020909090909091,0.1749090909090909,0.0265454545454545,0.3010909090909091,0.1945,0.2119090909090909,0.4325,0.3645,0.6421363636363636,0.3798181818181818,0.4374090909090908,0.2585,0.1637272727272727,0.0509090909090909,0.0718181818181818,0.1039545454545454,0.3969545454545455,-0.0613977272727272,0.1207878787878787,308.1363636363636,62.09090909090909
en,2024-12-15,17.0,16.0,,,,,,,,,,,,,,,,,,,,,,,,,,,,,,,,,
en,2024-12-16,19.0,18.0,,,,,,,,,,,,,,,,,,,,,,,,,,,,,,,,,
en,2024-12-17,20.0,18.0,0.39935,0.3173499999999999,0.3575,0.21255,0.0905499999999999,0.3176499999999999,0.2809,0.724,0.7992999999999999,0.2648999999999999,0.6284500000000001,0.1268,0.2630499999999999,0.22815,0.0562499999999999,0.4181,0.2488,0.2815999999999999,0.4572,0.2775999999999999,0.5747500000000001,0.3663499999999999,0.4688,0.3377,0.16765,0.0573499999999999,0.1511,0.15765,0.4211,0.1175875,0.4281666666666667,721.2,143.3
en,2024-12-18,20.0,16.0,0.2682,0.12855,0.1954499999999999,0.106,0.0707,0.1670999999999999,0.2212999999999999,0.61955,0.7268,0.1133999999999999,0.39925,0.16065,0.28955,0.13505,0.06285,0.2547,0.2597,0.149,0.38465,0.36895,0.3944499999999999,0.30845,0.5007499999999999,0.3188499999999999,0.0889,0.0338,0.06995,0.0860999999999999,0.3724,0.0556499999999999,0.3261166666666666,293.25,56.45
en,2024-12-19,19.0,15.0,,,,,,,,,,,,,,,,,,,,,,,,,,,,,,,,,
en,2024-12-20,12.0,11.0,,,,,,,,,,,,,,,,,,,,,,,,,,,,,,,,,
en,2024-12-21,10.0,10.0,,,,,,,,,,,,,,,,,,,,,,,,,,,,,,,,,
en,2024-12-22,17.0,13.0,,,,,,,,,,,,,,,,,,,,,,,,,,,,,,,,,
en,2024-12-23,17.0,15.0,,,,,,,,,,,,,,,,,,,,,,,,,,,,,,,,,
en,2024-12-24,13.0,9.0,,,,,,,,,,,,,,,,,,,,,,,,,,,,,,,,,
en,2024-12-25,20.0,17.0,0.23845,0.11245,0.1941999999999999,0.1522,0.15975,0.2805000000000001,0.22635,0.7056,0.5649,0.1301,0.40185,0.08245,0.1932999999999999,0.2487,0.01885,0.327,0.2007499999999999,0.3017999999999999,0.2872,0.39195,0.5318499999999999,0.3341,0.5291500000000001,0.2936999999999999,0.13165,0.0324,0.1111,0.09075,0.39685,-0.0458,0.1727666666666666,391.5,80.15
en,2024-12-26,16.0,15.0,,,,,,,,,,,,,,,,,,,,,,,,,,,,,,,,,
en,2024-12-27,16.0,15.0,,,,,,,,,,,,,,,,,,,,,,,,,,,,,,,,,
en,2024-12-28,13.0,12.0,,,,,,,,,,,,,,,,,,,,,,,,,,,,,,,,,
en,2024-12-29,16.0,14.0,,,,,,,,,,,,,,,,,,,,,,,,,,,,,,,,,
en,2024-12-30,25.0,20.0,0.36156,0.19132,0.27692,0.2288799999999999,0.10012,0.24728,0.222,0.6141200000000001,0.7118799999999998,0.20172,0.40412,0.0613199999999999,0.26128,0.22944,0.0334799999999999,0.35484,0.2621999999999999,0.2241599999999999,0.42036,0.21136,0.55476,0.36424,0.40164,0.254,0.11148,0.0562,0.06836,0.12492,0.412,0.09097,0.35,372.48,76.8
en,2024-12-31,17.0,13.0,,,,,,,,,,,,,,,,,,,,,,,,,,,,,,,,,
en,2025-01-01,11.0,11.0,,,,,,,,,,,,,,,,,,,,,,,,,,,,,,,,,
en,2025-01-02,36.0,25.0,0.4209722222222222,0.1861666666666666,0.3239722222222222,0.1898611111111111,0.0750833333333333,0.2729444444444444,0.2262222222222222,0.7028333333333334,0.7797222222222221,0.1942777777777777,0.5665,0.0961111111111111,0.2358333333333333,0.2003611111111111,0.0309999999999999,0.3600277777777778,0.2534722222222222,0.2229722222222222,0.4360833333333333,0.2466111111111111,0.5227777777777778,0.4025555555555556,0.4708611111111111,0.3354999999999999,0.0994166666666666,0.0509166666666666,0.0796944444444444,0.1176111111111111,0.4148333333333333,0.1062291666666666,0.4331388888888889,483.77777777777777,98.5
en,2025-01-03,17.0,15.0,,,,,,,,,,,,,,,,,,,,,,,,,,,,,,,,,
en,2025-01-04,16.0,16.0,,,,,,,,,,,,,,,,,,,,,,,,,,,,,,,,,
en,2025-01-05,19.0,17.0,,,,,,,,,,,,,,,,,,,,,,,,,,,,,,,,,
en,2025-01-06,30.0,26.0,0.3045666666666667,0.2128,0.2807,0.1577333333333333,0.1361666666666666,0.3054666666666666,0.2393333333333333,0.6491666666666667,0.6292666666666668,0.1829333333333333,0.4639,0.1023,0.1114333333333333,0.2069333333333332,0.04,0.3354,0.2169666666666666,0.2427666666666667,0.4121666666666667,0.3444000000000001,0.5687666666666668,0.4555666666666667,0.4784,0.3074333333333334,0.1245666666666666,0.0788999999999999,0.1204333333333333,0.1093666666666666,0.3671666666666666,0.0181333333333333,0.2686777777777778,590.0,116.33333333333331
en,2025-01-07,13.0,13.0,,,,,,,,,,,,,,,,,,,,,,,,,,,,,,,,,
en,2025-01-08,19.0,16.0,,,,,,,,,,,,,,,,,,,,,,,,,,,,,,,,,
en,2025-01-09,16.0,14.0,,,,,,,,,,,,,,,,,,,,,,,,,,,,,,,,,
en,2025-01-10,21.0,19.0,0.3041904761904762,0.1514285714285714,0.2421428571428571,0.1523333333333333,0.0989047619047618,0.2647142857142857,0.2358095238095238,0.6671904761904761,0.6922857142857142,0.1704761904761904,0.4959523809523809,0.0793809523809523,0.2080952380952381,0.2450476190476191,0.0385714285714285,0.3562857142857142,0.2487619047619047,0.2592380952380952,0.4569047619047619,0.3198571428571429,0.5230952380952382,0.3200952380952381,0.4867619047619047,0.2939523809523809,0.1134761904761904,0.1059523809523809,0.1223333333333333,0.1189047619047619,0.404,0.0307142857142857,0.313968253968254,498.7142857142857,96.57142857142856
en,2025-01-11,23.0,19.0,0.3425217391304347,0.2343913043478261,0.3184347826086957,0.1824347826086956,0.1119130434782608,0.3225652173913043,0.2479565217391304,0.7173478260869565,0.6685217391304347,0.1973478260869565,0.6492608695652176,0.0833043478260869,0.14,0.3225652173913044,0.0321739130434782,0.4458695652173912,0.2669565217391305,0.3103913043478261,0.4129999999999999,0.2756521739130434,0.6590869565217391,0.5396086956521738,0.4843043478260868,0.4009130434782609,0.1253043478260869,0.0613043478260869,0.1152608695652174,0.129391304347826,0.4424782608695652,0.0522065217391304,0.3312463768115942,471.5652173913044,95.04347826086956
en,2025-01-12,16.0,12.0,,,,,,,,,,,,,,,,,,,,,,,,,,,,,,,,,
en,2025-01-13,18.0,17.0,,,,,,,,,,,,,,,,,,,,,,,,,,,,,,,,,
en,2025-01-14,24.0,13.0,0.102875,0.0892083333333333,0.0926666666666666,0.0930833333333333,0.0854166666666666,0.1721666666666666,0.1962916666666666,0.5905416666666666,0.5402083333333333,0.105,0.2169166666666666,0.0558333333333333,0.2217083333333333,0.1570416666666666,0.0187916666666666,0.267,0.1975833333333333,0.2067916666666666,0.3379583333333333,0.377375,0.432125,0.291,0.488625,0.1977916666666666,0.1192916666666666,0.0582916666666666,0.2397916666666666,0.0644166666666666,0.3090416666666666,-0.0343333333333333,0.1598333333333333,315.9583333333333,59.875
en,2025-01-15,27.0,17.0,0.2497407407407407,0.1464814814814815,0.2048148148148147,0.134037037037037,0.1464814814814815,0.2967777777777778,0.2702592592592592,0.7061851851851851,0.6204074074074074,0.1572592592592592,0.4572592592592593,0.1145555555555555,0.2562222222222222,0.2615555555555555,0.0485555555555555,0.3305185185185185,0.3146666666666667,0.2542222222222222,0.4597407407407407,0.479,0.5230370370370371,0.3628148148148148,0.493074074074074,0.2686666666666666,0.1681481481481481,0.0827407407407407,0.1644444444444444,0.1304074074074074,0.4373333333333334,-0.0378611111111111,0.2118395061728395,404.55555555555554,77.51851851851852
en,2025-01-16,13.0,9.0,,,,,,,,,,,,,,,,,,,,,,,,,,,,,,,,,
en,2025-01-17,17.0,12.0,,,,,,,,,,,,,,,,,,,,,,,,,,,,,,,,,
en,2025-01-18,15.0,13.0,,,,,,,,,,,,,,,,,,,,,,,,,,,,,,,,,
en,2025-01-19,12.0,10.0,,,,,,,,,,,,,,,,,,,,,,,,,,,,,,,,,
en,2025-01-20,15.0,13.0,,,,,,,,,,,,,,,,,,,,,,,,,,,,,,,,,
en,2025-01-21,19.0,15.0,,,,,,,,,,,,,,,,,,,,,,,,,,,,,,,,,
en,2025-01-22,23.0,17.0,0.4148695652173913,0.2875217391304347,0.3366086956521739,0.2061739130434782,0.1451739130434783,0.3274782608695652,0.259608695652174,0.7148260869565217,0.6477391304347826,0.1987391304347826,0.6160434782608696,0.1123913043478261,0.1957391304347826,0.2584347826086956,0.0519565217391304,0.3958695652173912,0.2621739130434782,0.2443913043478261,0.4838260869565217,0.3777826086956521,0.6508260869565217,0.384,0.5044347826086958,0.3818260869565218,0.1432608695652174,0.062695652173913,0.1108695652173913,0.1482608695652174,0.4614782608695651,0.0749673913043478,0.321231884057971,631.8695652173913,120.2608695652174
en,2025-01-23,24.0,21.0,0.3475416666666666,0.2625,0.2803333333333333,0.2470416666666667,0.0677499999999999,0.2251666666666666,0.2347083333333333,0.6731250000000001,0.6827916666666667,0.1609166666666666,0.471375,0.0635,0.23275,0.1684166666666666,0.058125,0.340125,0.2589583333333333,0.237,0.4076666666666667,0.2402083333333333,0.55025,0.3166666666666666,0.4685833333333333,0.278125,0.117625,0.0356666666666666,0.0857916666666666,0.1093333333333333,0.3925,0.1378958333333333,0.3691388888888888,393.6666666666667,78.45833333333333
en,2025-01-24,24.0,20.0,0.2800416666666667,0.15375,0.2879166666666666,0.1505,0.146875,0.3258333333333333,0.208875,0.6579583333333333,0.6405,0.1705833333333333,0.6467499999999999,0.1097916666666666,0.1601666666666666,0.2066249999999999,0.0263333333333333,0.3424166666666666,0.242375,0.2255416666666666,0.4322916666666667,0.3614166666666666,0.5261666666666667,0.3485833333333333,0.41,0.403375,0.131125,0.08225,0.0352083333333333,0.104375,0.4005,-0.0183020833333333,0.2559444444444444,432.4166666666667,83.95833333333333
en,2025-01-25,20.0,19.0,0.4006,0.1373,0.3097500000000001,0.17635,0.0915,0.2542,0.23435,0.67425,0.7078499999999999,0.16105,0.4836999999999999,0.13555,0.1686499999999999,0.22775,0.0332,0.3191,0.2611,0.24575,0.4187,0.2769999999999999,0.4845499999999999,0.30165,0.45735,0.3233,0.11005,0.0766,0.0562999999999999,0.13325,0.4265,0.08315,0.3812333333333332,381.8,77.1
en,2025-01-26,41.0,28.0,0.4363414634146341,0.2669756097560976,0.2838292682926829,0.2265121951219512,0.0903414634146341,0.2936829268292683,0.2518536585365853,0.7453658536585366,0.7726341463414635,0.2551707317073171,0.530780487804878,0.1231463414634146,0.2196585365853658,0.2698780487804877,0.0608780487804878,0.3914878048780487,0.2771951219512195,0.3072926829268292,0.4679512195121951,0.2091951219512195,0.6236829268292683,0.408219512195122,0.5725609756097562,0.3770243902439024,0.1482195121951219,0.059170731707317,0.105170731707317,0.1495853658536585,0.4401219512195121,0.1114024390243902,0.407260162601626,769.0731707317074,152.1219512195122
en,2025-01-27,20.0,15.0,0.4431,0.25505,0.2901499999999999,0.1697,0.18685,0.37,0.328,0.75205,0.75315,0.2704499999999999,0.62565,0.1972999999999999,0.24615,0.2744,0.0709999999999999,0.4715,0.3236,0.33055,0.5314,0.35605,0.69115,0.4918,0.539,0.47975,0.205,0.0895499999999999,0.15025,0.18265,0.50295,0.0110749999999999,0.3086166666666666,700.15,130.4
en,2025-01-28,17.0,17.0,,,,,,,,,,,,,,,,,,,,,,,,,,,,,,,,,
en,2025-01-29,21.0,20.0,0.3683809523809523,0.2664761904761905,0.2587142857142857,0.2323333333333333,0.1006666666666666,0.295047619047619,0.2670476190476191,0.6940476190476191,0.7233333333333333,0.2560952380952381,0.5373333333333333,0.1159523809523809,0.2601428571428571,0.3185238095238095,0.0869047619047619,0.373095238095238,0.265047619047619,0.3635714285714286,0.3710952380952381,0.2895714285714285,0.5834761904761905,0.4034285714285714,0.5041904761904762,0.3676190476190476,0.1555238095238095,0.1016190476190476,0.1138095238095237,0.126047619047619,0.4354761904761905,0.0836190476190476,0.3494761904761905,512.5714285714286,101.52380952380952
en,2025-01-30,23.0,15.0,0.4037391304347826,0.3010434782608696,0.2776086956521739,0.2196086956521739,0.1880434782608695,0.4031304347826088,0.3778695652173912,0.760391304347826,0.674608695652174,0.2646521739130434,0.4673913043478261,0.2229130434782608,0.1468260869565217,0.4166521739130435,0.0869130434782608,0.3971304347826087,0.3201304347826087,0.3439130434782609,0.4715652173913043,0.3414782608695651,0.6169999999999999,0.4222608695652173,0.6232608695652174,0.3851739130434782,0.2320434782608696,0.1997391304347825,0.1416521739130434,0.1968695652173913,0.4830434782608696,0.0049130434782608,0.2639420289855072,878.0434782608696,177.08695652173913
en,2025-01-31,19.0,17.0,,,,,,,,,,,,,,,,,,,,,,,,,,,,,,,,,
en,2025-02-01,24.0,17.0,0.2457083333333333,0.1369166666666667,0.2196666666666666,0.1362083333333333,0.1476666666666667,0.2746666666666666,0.220875,0.676,0.5812083333333333,0.1169999999999999,0.3989583333333333,0.0802083333333333,0.156625,0.2092916666666666,0.0367916666666666,0.3334583333333333,0.2495416666666666,0.1667083333333333,0.3270833333333333,0.3983333333333334,0.5457083333333334,0.3969166666666666,0.4920416666666666,0.2555833333333333,0.11325,0.0411666666666666,0.1079583333333333,0.11975,0.401125,-0.0265416666666666,0.2011944444444444,305.5,62.458333333333336
en,2025-02-02,20.0,19.0,0.3553,0.2077999999999999,0.2461999999999999,0.19985,0.08765,0.27545,0.20985,0.6724,0.6738999999999999,0.1611,0.4638000000000001,0.0744,0.1375,0.2603,0.0168,0.3512,0.1832,0.29725,0.30585,0.2547500000000001,0.5789500000000001,0.4378999999999999,0.4333,0.3003,0.0995,0.13535,0.0885499999999999,0.1026999999999999,0.39425,0.0707375,0.3374833333333333,361.1,73.65
en,2025-02-03,7.0,7.0,,,,,,,,,,,,,,,,,,,,,,,,,,,,,,,,,
en,2025-02-04,20.0,17.0,0.303,0.1093999999999999,0.1519,0.1447,0.1009499999999999,0.1979,0.1924,0.6530499999999999,0.7296999999999999,0.1083,0.3161,0.0977,0.26335,0.1685,0.0228,0.2559,0.1868,0.22785,0.329,0.2236,0.50725,0.30825,0.3727499999999999,0.32295,0.10485,0.01685,0.0925999999999999,0.11215,0.39525,0.027825,0.2939166666666666,306.0,61.05
en,2025-02-05,19.0,17.0,,,,,,,,,,,,,,,,,,,,,,,,,,,,,,,,,
en,2025-02-06,15.0,14.0,,,,,,,,,,,,,,,,,,,,,,,,,,,,,,,,,
en,2025-02-07,15.0,15.0,,,,,,,,,,,,,,,,,,,,,,,,,,,,,,,,,
en,2025-02-08,22.0,16.0,0.3765,0.2573181818181818,0.2673181818181818,0.2105454545454544,0.1558181818181818,0.3183636363636363,0.2679090909090909,0.734090909090909,0.711090909090909,0.2645454545454546,0.6037727272727273,0.1349545454545455,0.1753636363636363,0.2829090909090909,0.029090909090909,0.4050454545454544,0.2841818181818181,0.2142727272727272,0.5248636363636363,0.3225454545454546,0.6587727272727272,0.4994545454545455,0.5100909090909092,0.4076363636363637,0.1524090909090909,0.0379090909090909,0.1478181818181818,0.1619999999999999,0.4791818181818181,0.0408295454545454,0.2958181818181818,598.9545454545455,121.4090909090909
en,2025-02-09,14.0,11.0,,,,,,,,,,,,,,,,,,,,,,,,,,,,,,,,,
en,2025-02-10,20.0,18.0,0.2881499999999999,0.22115,0.2241,0.17735,0.0926,0.25295,0.24925,0.58485,0.6335999999999998,0.12695,0.5513,0.06075,0.15495,0.1907499999999999,0.026,0.3185,0.18045,0.2424,0.32585,0.2856499999999999,0.58365,0.3854999999999999,0.35195,0.3905,0.0865,0.0245,0.1885999999999999,0.0966499999999999,0.4064,0.0549125,0.28935,429.4,84.7
en,2025-02-11,17.0,14.0,,,,,,,,,,,,,,,,,,,,,,,,,,,,,,,,,
en,2025-02-12,9.0,8.0,,,,,,,,,,,,,,,,,,,,,,,,,,,,,,,,,
en,2025-02-13,19.0,17.0,,,,,,,,,,,,,,,,,,,,,,,,,,,,,,,,,
en,2025-02-14,15.0,15.0,,,,,,,,,,,,,,,,,,,,,,,,,,,,,,,,,
en,2025-02-15,20.0,16.0,0.2908,0.1681999999999999,0.24705,0.1263,0.12815,0.262,0.20325,0.6848499999999998,0.67325,0.1466,0.4745,0.09755,0.1926999999999999,0.16645,0.1117999999999999,0.3168,0.2747499999999999,0.1574,0.5224499999999999,0.33625,0.54335,0.34235,0.4037,0.36255,0.1105,0.1162499999999999,0.03675,0.09695,0.3913,0.0130125,0.27555,302.9,59.8
en,2025-02-16,28.0,23.0,0.4125714285714285,0.26725,0.3196785714285714,0.1898571428571428,0.0983214285714285,0.3202857142857142,0.2557142857142857,0.6566428571428571,0.7409642857142857,0.2155714285714285,0.5375,0.1628928571428571,0.1878571428571428,0.2706785714285714,0.1021071428571428,0.3503214285714285,0.2358571428571429,0.2728571428571428,0.4774285714285713,0.2455,0.5749642857142857,0.4607857142857142,0.3916785714285714,0.3456428571428571,0.1311785714285714,0.1873214285714285,0.1281071428571428,0.1308571428571428,0.4155714285714286,0.0880357142857142,0.39275,582.0714285714286,114.42857142857144
en,2025-02-17,16.0,15.0,,,,,,,,,,,,,,,,,,,,,,,,,,,,,,,,,
en,2025-02-18,25.0,24.0,0.3078,0.14572,0.2216399999999999,0.1576,0.1633599999999999,0.30752,0.2750399999999999,0.64904,0.62092,0.19432,0.407,0.15432,0.2382,0.2275999999999999,0.048,0.36372,0.2925999999999999,0.25604,0.474,0.3619199999999999,0.57572,0.43316,0.51688,0.27196,0.14528,0.12928,0.10164,0.15296,0.4201999999999999,-0.0272499999999999,0.2200933333333333,601.12,118.24
en,2025-02-19,28.0,23.0,0.3401428571428572,0.1669285714285714,0.2942142857142857,0.1419642857142857,0.1108571428571428,0.2884285714285714,0.2888571428571428,0.674107142857143,0.6620357142857144,0.1695,0.4124642857142856,0.0905714285714285,0.1770714285714285,0.2323928571428571,0.0662142857142857,0.4047857142857142,0.2372499999999999,0.2653571428571428,0.4009999999999999,0.3075357142857143,0.6091071428571428,0.4790357142857142,0.5172857142857142,0.2591071428571428,0.1451785714285714,0.0806785714285714,0.0719999999999999,0.1221428571428571,0.4022857142857142,0.0361696428571428,0.3212738095238094,463.1428571428572,90.64285714285714
en,2025-02-20,18.0,17.0,,,,,,,,,,,,,,,,,,,,,,,,,,,,,,,,,
en,2025-02-21,13.0,11.0,,,,,,,,,,,,,,,,,,,,,,,,,,,,,,,,,
en,2025-02-22,17.0,11.0,,,,,,,,,,,,,,,,,,,,,,,,,,,,,,,,,
en,2025-02-23,18.0,13.0,,,,,,,,,,,,,,,,,,,,,,,,,,,,,,,,,
en,2025-02-24,27.0,17.0,0.481074074074074,0.1712592592592592,0.2668518518518518,0.1737037037037036,0.068074074074074,0.287037037037037,0.2479999999999999,0.7355555555555555,0.7944814814814815,0.1913333333333333,0.5832592592592593,0.0705555555555555,0.2248148148148148,0.1972962962962963,0.0222592592592592,0.3544444444444444,0.2825555555555555,0.2004814814814814,0.4624814814814815,0.2478888888888889,0.5433703703703704,0.3439629629629629,0.5437407407407407,0.3903333333333333,0.0924444444444444,0.0184074074074074,0.1046666666666666,0.1557407407407407,0.4442962962962962,0.0956666666666666,0.4460617283950618,489.8518518518519,99.29629629629628
en,2025-02-25,24.0,21.0,0.3527727272727272,0.1969999999999999,0.1884545454545454,0.1414090909090909,0.209090909090909,0.4180454545454545,0.3711363636363636,0.7030909090909091,0.6901363636363637,0.2437272727272727,0.5265,0.1859545454545454,0.2775909090909091,0.3196818181818182,0.0787272727272727,0.4156818181818181,0.3138181818181818,0.3290454545454546,0.5883181818181819,0.3597272727272727,0.6795909090909091,0.4724545454545455,0.4914545454545455,0.373,0.2086363636363636,0.1034545454545454,0.1318181818181818,0.175,0.4913636363636364,-0.0936590909090909,0.2013636363636363,790.375,154.41666666666666
en,2025-02-26,20.0,18.0,0.3859499999999999,0.1951,0.2765,0.2096999999999999,0.1046499999999999,0.3488,0.2758999999999999,0.66025,0.6667,0.19505,0.4815,0.0769999999999999,0.1844499999999999,0.23235,0.0233,0.41105,0.2632,0.2669499999999999,0.4012,0.2256999999999999,0.6269499999999999,0.4604,0.43105,0.34275,0.12655,0.07375,0.1404,0.1462,0.4502499999999999,0.0400875,0.3384,441.35,86.75
en,2025-02-27,16.0,15.0,,,,,,,,,,,,,,,,,,,,,,,,,,,,,,,,,
en,2025-02-28,28.0,22.0,0.3674285714285714,0.1469285714285713,0.2605,0.1499642857142857,0.1056785714285714,0.2264285714285714,0.1733214285714286,0.6713928571428569,0.66075,0.1686785714285714,0.4356428571428571,0.0866071428571428,0.1734642857142856,0.1683214285714285,0.0928928571428571,0.3384285714285714,0.2545,0.1807142857142857,0.4690357142857143,0.3128571428571428,0.4841785714285715,0.3133571428571428,0.4786785714285714,0.2876428571428571,0.0941071428571428,0.0168571428571428,0.0655357142857142,0.0815,0.3752857142857143,0.0651517857142857,0.3238809523809524,356.10714285714283,71.25
en,2025-03-01,15.0,13.0,,,,,,,,,,,,,,,,,,,,,,,,,,,,,,,,,
en,2025-03-02,27.0,24.0,0.30008,0.1346399999999999,0.25128,0.11212,0.0964,0.24256,0.2077999999999999,0.6650399999999999,0.66444,0.1458799999999999,0.45264,0.05964,0.16056,0.1603599999999999,0.0487999999999999,0.34344,0.18368,0.22996,0.32208,0.31404,0.5484800000000001,0.2898,0.53748,0.23116,0.1048,0.03292,0.0706,0.09332,0.3594,0.03005,0.3088666666666667,293.9259259259259,58.74074074074074
en,2025-03-03,16.0,13.0,,,,,,,,,,,,,,,,,,,,,,,,,,,,,,,,,
en,2025-03-04,19.0,19.0,,,,,,,,,,,,,,,,,,,,,,,,,,,,,,,,,
en,2025-03-05,26.0,21.0,0.3351923076923077,0.2035384615384615,0.2084230769230768,0.1976153846153846,0.1376538461538461,0.2462692307692307,0.2389615384615384,0.6206153846153846,0.7011923076923078,0.2338076923076923,0.3918846153846154,0.086076923076923,0.1337307692307692,0.2204230769230769,0.082076923076923,0.3093846153846154,0.2513846153846154,0.2185,0.4560769230769231,0.2904230769230769,0.5345769230769231,0.3908076923076924,0.4243076923076922,0.2794230769230769,0.1696153846153845,0.0729230769230769,0.0567692307692307,0.0884615384615384,0.3802307692307692,0.0442307692307692,0.2772820512820513,399.38461538461536,77.0
en,2025-03-06,17.0,15.0,,,,,,,,,,,,,,,,,,,,,,,,,,,,,,,,,
en,2025-03-07,26.0,20.0,0.3260384615384615,0.1481538461538461,0.1884230769230769,0.1221153846153846,0.1417307692307692,0.2445769230769231,0.2093461538461538,0.662,0.6541923076923075,0.1444615384615384,0.4518076923076923,0.0646538461538461,0.2063076923076922,0.2143846153846154,0.0850384615384615,0.3493076923076923,0.226576923076923,0.2826538461538461,0.3491923076923077,0.3041923076923076,0.5105,0.3021538461538461,0.4355384615384615,0.2893076923076923,0.142,0.0227692307692307,0.0773846153846153,0.0945,0.4092692307692308,0.0030288461538461,0.2478205128205128,397.0769230769231,77.23076923076923
en,2025-03-08,23.0,17.0,0.471695652173913,0.1594347826086956,0.2580434782608696,0.1844347826086956,0.1362608695652173,0.3143913043478261,0.2673478260869565,0.7243478260869566,0.7569130434782609,0.2247826086956521,0.4245652173913043,0.187695652173913,0.2043043478260869,0.2703478260869565,0.0672173913043478,0.3652608695652173,0.2834347826086956,0.3461304347826087,0.4725652173913044,0.3405217391304347,0.570608695652174,0.4004347826086956,0.4807391304347826,0.2758260869565217,0.1745652173913043,0.137695652173913,0.1500869565217391,0.1122173913043478,0.415391304347826,0.0430760869565217,0.3592898550724638,369.7826086956522,73.17391304347827
en,2025-03-09,17.0,12.0,,,,,,,,,,,,,,,,,,,,,,,,,,,,,,,,,
en,2025-03-10,27.0,22.0,0.3979199999999999,0.2942,0.34152,0.24328,0.1042799999999999,0.3794,0.30932,0.75384,0.7277599999999999,0.21184,0.59268,0.1552,0.20036,0.3143999999999999,0.07924,0.4049600000000001,0.27084,0.31968,0.4651999999999999,0.29956,0.6723600000000001,0.47668,0.54988,0.40252,0.1921999999999999,0.07568,0.1981199999999999,0.1811199999999999,0.46932,0.0773899999999999,0.3847866666666666,642.4074074074074,129.55555555555554
en,2025-03-11,24.0,19.0,0.3412083333333333,0.1809999999999999,0.2322083333333333,0.137625,0.1966666666666666,0.3242083333333333,0.313125,0.6977500000000001,0.6460416666666667,0.1813333333333333,0.4577916666666666,0.18275,0.294375,0.2509166666666667,0.0699166666666666,0.3940416666666667,0.3748333333333333,0.25325,0.5502916666666667,0.3505,0.5934166666666666,0.3969999999999999,0.48525,0.3769583333333333,0.1670833333333333,0.1274583333333333,0.0964583333333333,0.1574166666666666,0.4631666666666666,-0.0374270833333333,0.2098194444444444,509.0,95.91666666666669
en,2025-03-12,24.0,23.0,0.3736956521739131,0.2273043478260869,0.3574782608695653,0.2006521739130434,0.1622173913043478,0.3572173913043479,0.3011304347826087,0.698304347826087,0.7124347826086956,0.2795652173913043,0.5558695652173913,0.1617391304347826,0.3420434782608695,0.3214347826086956,0.1128695652173913,0.4175652173913043,0.2815652173913043,0.3705652173913043,0.4224782608695652,0.284304347826087,0.6596521739130435,0.4894347826086957,0.5080434782608695,0.372695652173913,0.1904347826086956,0.1444782608695652,0.1799130434782608,0.1941304347826087,0.4805217391304348,0.0300652173913043,0.3189855072463768,805.75,147.70833333333334
en,2025-03-13,28.0,22.0,0.2641785714285714,0.1500357142857143,0.2235714285714285,0.1226428571428571,0.1109642857142857,0.2628571428571428,0.2184642857142857,0.620107142857143,0.6801071428571429,0.1340357142857142,0.4963214285714285,0.0644285714285714,0.1301428571428571,0.2255714285714285,0.0528571428571428,0.2951428571428572,0.2318928571428571,0.1939285714285714,0.4671428571428571,0.3003928571428571,0.4937857142857141,0.33125,0.4494642857142857,0.3481071428571429,0.1190357142857142,0.0608571428571428,0.0649642857142857,0.1222499999999999,0.3884642857142857,0.0031964285714285,0.2783214285714285,395.8571428571428,78.46428571428571
en,2025-03-14,22.0,20.0,0.3761818181818182,0.2202272727272727,0.2543181818181818,0.1913636363636363,0.1347272727272727,0.2948636363636364,0.2653636363636363,0.6907272727272727,0.6968636363636365,0.1827272727272727,0.6047727272727271,0.1255,0.2964545454545454,0.2737272727272727,0.0407727272727272,0.3860454545454544,0.2743181818181818,0.2754090909090909,0.5266818181818181,0.343,0.574,0.4045454545454545,0.4357727272727272,0.4189545454545454,0.1147272727272727,0.0468636363636363,0.0742727272727272,0.152090909090909,0.4513636363636363,0.0457272727272727,0.3077272727272727,821.3181818181819,152.1818181818182
en,2025-03-15,21.0,20.0,0.3598571428571428,0.1967619047619047,0.3123809523809524,0.1489523809523809,0.1489047619047619,0.3622857142857143,0.2821904761904762,0.7028571428571428,0.6464761904761905,0.1948571428571428,0.5084761904761903,0.1284761904761904,0.1694761904761905,0.292,0.1205714285714285,0.3701904761904762,0.2815714285714286,0.2828095238095238,0.5019523809523809,0.3175238095238095,0.6889523809523809,0.5824285714285714,0.5292380952380953,0.3831904761904761,0.15,0.0739047619047619,0.1075238095238095,0.1552380952380952,0.4415238095238095,-0.0011071428571428,0.2906666666666666,578.8095238095239,114.76190476190476
en,2025-03-16,28.0,16.0,0.2909285714285713,0.2018571428571429,0.3085714285714285,0.18925,0.2321428571428571,0.3540357142857143,0.3250714285714285,0.6377499999999999,0.6910357142857144,0.2650357142857143,0.4724642857142857,0.2133214285714286,0.3898571428571427,0.2918571428571428,0.1828214285714285,0.36125,0.3485714285714286,0.2864999999999999,0.4753571428571428,0.4584285714285714,0.5958571428571429,0.3988214285714287,0.5481428571428572,0.3606785714285715,0.23025,0.1506785714285714,0.2102142857142857,0.1929642857142857,0.4516071428571428,-0.0454375,0.1980357142857143,706.0,128.42857142857142
en,2025-03-17,27.0,26.0,0.3552962962962964,0.1511111111111111,0.290962962962963,0.1259259259259259,0.1003703703703703,0.2482592592592592,0.2265925925925926,0.6338888888888891,0.6986666666666669,0.1502222222222222,0.4331851851851852,0.0884814814814814,0.1864814814814815,0.2259259259259259,0.062037037037037,0.3458518518518519,0.2526296296296296,0.2153703703703703,0.4137777777777778,0.2656296296296296,0.5215185185185185,0.3725925925925925,0.4068148148148149,0.3317037037037036,0.1129259259259259,0.0766296296296296,0.0372222222222222,0.1168888888888888,0.3950740740740741,0.0565092592592592,0.3479382716049383,475.2592592592592,92.74074074074076
en,2025-03-18,27.0,21.0,0.3386666666666666,0.2177037037037036,0.3155185185185185,0.1781111111111111,0.1055555555555555,0.3093333333333333,0.225037037037037,0.6665555555555556,0.6725185185185187,0.2036666666666667,0.6045185185185185,0.1275555555555555,0.243037037037037,0.2218518518518518,0.043074074074074,0.3312222222222222,0.2775925925925926,0.2011481481481481,0.4793703703703703,0.2949629629629629,0.5527407407407408,0.3919999999999999,0.3848518518518518,0.3601111111111111,0.1191111111111111,0.0615925925925925,0.1581481481481481,0.1062962962962963,0.4195925925925926,0.0550555555555555,0.336679012345679,569.1481481481482,109.74074074074076
en,2025-03-19,13.0,13.0,,,,,,,,,,,,,,,,,,,,,,,,,,,,,,,,,
en,2025-03-20,26.0,23.0,0.2863846153846153,0.198576923076923,0.2644615384615384,0.1394230769230769,0.1177692307692307,0.2241538461538461,0.2096538461538461,0.6452692307692307,0.635,0.1477692307692307,0.5110769230769231,0.1258076923076923,0.1466923076923077,0.1343076923076923,0.0496923076923076,0.3043846153846153,0.1686538461538461,0.211,0.3508461538461539,0.2611923076923077,0.5235384615384615,0.4392692307692308,0.3694230769230769,0.2409615384615384,0.1051538461538461,0.0528846153846154,0.0656538461538461,0.095076923076923,0.3886538461538462,0.05125,0.2775128205128205,438.7692307692308,85.8076923076923
en,2025-03-21,30.0,22.0,0.2710333333333333,0.1724666666666666,0.1871,0.1515666666666666,0.172,0.2769,0.2507666666666667,0.7164,0.6259333333333335,0.1556333333333333,0.4771333333333333,0.1159666666666666,0.1246,0.2303666666666667,0.0693333333333333,0.3660333333333333,0.2106999999999999,0.3152333333333333,0.3551666666666666,0.3779,0.6068333333333334,0.4431333333333334,0.5060333333333333,0.2998,0.1576666666666666,0.1133666666666666,0.1470333333333333,0.1053333333333333,0.4027666666666666,-0.0289083333333333,0.1893555555555555,360.5,70.8
en,2025-03-22,24.0,19.0,0.3177083333333333,0.2661666666666666,0.3023333333333333,0.1857083333333333,0.1391666666666666,0.3309583333333333,0.2634166666666666,0.6729583333333333,0.6402083333333334,0.2143333333333333,0.5349583333333333,0.1480416666666666,0.3526249999999999,0.2628333333333333,0.046375,0.3895416666666667,0.3128333333333333,0.31075,0.4743333333333333,0.3162083333333333,0.6335833333333333,0.4443333333333333,0.4267083333333333,0.3264583333333333,0.1415416666666666,0.0745416666666666,0.1002916666666666,0.1592916666666667,0.4539583333333333,0.0329166666666666,0.2809166666666667,629.625,120.625
en,2025-03-23,22.0,21.0,0.3888181818181818,0.2455909090909091,0.3893181818181818,0.2210909090909091,0.1004545454545454,0.2909545454545454,0.2529090909090909,0.7255909090909091,0.7550454545454546,0.2216818181818181,0.5355454545454544,0.1119545454545454,0.2091363636363636,0.247,0.0445,0.3586818181818182,0.2810909090909091,0.2146818181818181,0.5013636363636363,0.2576363636363636,0.5346818181818181,0.4475454545454544,0.4825454545454545,0.3332272727272727,0.1276363636363636,0.0984090909090908,0.0548181818181817,0.1306363636363636,0.4294545454545455,0.1155,0.4106060606060606,571.0,115.6818181818182
en,2025-03-24,25.0,22.0,0.2535199999999999,0.16492,0.1751999999999999,0.15964,0.14064,0.22128,0.21444,0.66708,0.6200000000000001,0.1348,0.3833999999999999,0.06168,0.09448,0.15912,0.04704,0.3208,0.18096,0.23944,0.35816,0.3467599999999999,0.473,0.30792,0.4582,0.25708,0.13156,0.0486,0.06056,0.08548,0.35716,0.00736,0.2089333333333333,308.44,61.96
en,2025-03-25,19.0,15.0,,,,,,,,,,,,,,,,,,,,,,,,,,,,,,,,,
en,2025-03-26,26.0,22.0,0.3132307692307692,0.2472307692307692,0.2452307692307692,0.1691153846153846,0.1083461538461538,0.2515384615384615,0.2342692307692307,0.6466538461538461,0.6845384615384617,0.1692307692307692,0.5303461538461538,0.1141153846153846,0.1126153846153846,0.1901923076923077,0.0837307692307692,0.3369615384615385,0.2028461538461538,0.1841923076923076,0.3906153846153846,0.2682692307692307,0.5512692307692308,0.4241153846153845,0.4578846153846153,0.3565769230769231,0.1066538461538461,0.0770384615384615,0.0808076923076923,0.1026923076923077,0.3985,0.0637596153846153,0.3059871794871794,483.38461538461536,98.3846153846154
en,2025-03-27,32.0,27.0,0.34403125,0.20771875,0.3191875,0.18328125,0.08496875,0.29340625,0.22903125,0.7049062500000001,0.69878125,0.2125,0.5396875000000001,0.1271875,0.2345625,0.2344375,0.01890625,0.3245625,0.2171875,0.238875,0.46678125,0.2500624999999999,0.6481875,0.46346875,0.4956875,0.33503125,0.11484375,0.06471875,0.08846875,0.11340625,0.40534375,0.0743671875,0.36903125,543.09375,106.15625
en,2025-03-28,23.0,20.0,0.3017826086956521,0.1821739130434782,0.2552173913043479,0.1558260869565217,0.1545652173913043,0.3244347826086955,0.2955652173913043,0.6989130434782609,0.6649565217391303,0.1699999999999999,0.5060000000000001,0.0849565217391304,0.148695652173913,0.2635217391304348,0.0462173913043478,0.3569130434782609,0.2730434782608696,0.2504782608695652,0.5040869565217391,0.3343478260869565,0.5802173913043478,0.4160869565217392,0.474,0.2632173913043478,0.1743478260869565,0.0927826086956522,0.1100434782608695,0.1119565217391304,0.4216521739130435,-0.0157499999999999,0.2527536231884057,387.60869565217394,77.47826086956522
en,2025-03-29,27.0,21.0,0.2835555555555556,0.1852962962962963,0.317111111111111,0.1541481481481481,0.1483333333333333,0.2819259259259259,0.2713703703703704,0.6664444444444446,0.615,0.1821481481481481,0.5743703703703703,0.2282962962962963,0.1588888888888888,0.2574074074074074,0.0393333333333333,0.3487777777777778,0.2371851851851852,0.2602592592592592,0.4071481481481481,0.3467037037037037,0.5164814814814815,0.3931481481481481,0.4365185185185184,0.3238518518518518,0.1602592592592592,0.0966666666666666,0.0557037037037036,0.1014814814814814,0.415,0.0198981481481481,0.2568888888888888,519.4444444444445,103.62962962962963
en,2025-03-30,22.0,17.0,0.3372272727272727,0.1003181818181818,0.1700909090909091,0.1243181818181818,0.2312727272727272,0.3161363636363636,0.2848181818181818,0.7053181818181818,0.6503636363636365,0.1569090909090909,0.5922272727272727,0.1072272727272727,0.1036818181818182,0.2445909090909091,0.0648181818181818,0.3586818181818182,0.2895909090909091,0.2311363636363636,0.5273181818181819,0.4545909090909091,0.5360454545454546,0.4012272727272727,0.4789545454545454,0.4141363636363637,0.1525909090909091,0.0853181818181818,0.097,0.1379090909090909,0.4349545454545454,-0.090715909090909,0.1546212121212121,330.54545454545456,68.4090909090909
en,2025-03-31,24.0,21.0,0.3290833333333333,0.2332499999999999,0.2508333333333333,0.159375,0.089875,0.2220833333333333,0.20825,0.596,0.6832916666666667,0.2398333333333333,0.3757916666666667,0.1317916666666666,0.1515,0.1925,0.0164583333333333,0.3097916666666666,0.2155833333333333,0.1755,0.3576249999999999,0.270125,0.5081666666666668,0.3280833333333333,0.3497916666666666,0.2597916666666666,0.0940416666666666,0.0638333333333333,0.0410833333333333,0.0668333333333333,0.35175,0.0871562499999999,0.3311944444444444,375.25,73.375
en,2025-04-01,22.0,19.0,0.2590909090909091,0.1950454545454545,0.2811363636363636,0.1342272727272727,0.0644545454545454,0.214590909090909,0.1437272727272727,0.6446363636363637,0.6705909090909091,0.1244545454545454,0.4485909090909091,0.0912272727272727,0.0692272727272727,0.1562272727272727,0.0101818181818181,0.2834545454545454,0.1771363636363636,0.1529545454545454,0.3467727272727273,0.2920454545454545,0.5215909090909091,0.3973181818181817,0.449909090909091,0.3581818181818181,0.0792727272727272,0.0294999999999999,0.1139999999999999,0.0795,0.352,0.0778522727272727,0.3391515151515152,285.54545454545456,57.0
en,2025-04-02,15.0,14.0,,,,,,,,,,,,,,,,,,,,,,,,,,,,,,,,,
en,2025-04-03,29.0,22.0,0.3988571428571428,0.2441785714285714,0.2877142857142857,0.2060357142857142,0.1065,0.3118214285714286,0.2904285714285714,0.6995357142857143,0.7250714285714287,0.2520357142857143,0.556,0.142,0.1988571428571428,0.3180714285714286,0.0655714285714285,0.3765357142857142,0.3082142857142857,0.2875357142857143,0.4912499999999999,0.3106071428571429,0.5884285714285714,0.4292857142857142,0.4925,0.3641785714285714,0.1465714285714285,0.0787857142857142,0.1129285714285714,0.1391785714285714,0.452,0.0750357142857142,0.364047619047619,538.5862068965517,103.82758620689656
en,2025-04-04,23.0,20.0,0.3839565217391304,0.1909130434782608,0.2840434782608695,0.197304347826087,0.1072173913043477,0.2781304347826087,0.2563043478260869,0.6771739130434782,0.7447826086956522,0.1909130434782609,0.502304347826087,0.1344782608695652,0.2419130434782608,0.2647391304347826,0.0506086956521739,0.355391304347826,0.2625217391304348,0.3016521739130434,0.3813043478260869,0.2824347826086956,0.5259565217391304,0.3762173913043478,0.5082173913043478,0.3486521739130435,0.1385652173913043,0.1062173913043478,0.1204347826086956,0.1550869565217391,0.4163043478260868,0.0713804347826086,0.3637101449275361,524.7826086956521,104.08695652173913
en,2025-04-05,19.0,15.0,,,,,,,,,,,,,,,,,,,,,,,,,,,,,,,,,
en,2025-04-06,28.0,18.0,0.3350357142857142,0.2796785714285714,0.2922857142857143,0.2048214285714285,0.0945357142857142,0.3106428571428571,0.2681428571428571,0.7539642857142858,0.7244999999999999,0.1735,0.6469642857142859,0.0986428571428571,0.2120714285714285,0.2611428571428571,0.0857142857142857,0.3835714285714285,0.2362857142857142,0.2998571428571428,0.53075,0.2360357142857143,0.6770357142857142,0.414642857142857,0.5015714285714286,0.4115357142857143,0.1288571428571428,0.0694285714285714,0.1083214285714285,0.1266428571428571,0.4416428571428571,0.0753660714285714,0.3560714285714285,581.25,114.46428571428572
en,2025-04-07,27.0,24.0,0.4019629629629629,0.2104074074074074,0.3549629629629629,0.2403703703703703,0.0835185185185185,0.2663703703703703,0.2376666666666666,0.7202592592592594,0.8056666666666666,0.2156296296296296,0.4528518518518518,0.0832592592592592,0.3266296296296296,0.2191851851851851,0.0284814814814814,0.3424074074074073,0.2581481481481481,0.2654074074074074,0.4267777777777777,0.2117037037037036,0.5162592592592593,0.3434074074074074,0.4392222222222223,0.296925925925926,0.1258888888888888,0.1045925925925925,0.1095185185185185,0.1299259259259259,0.432037037037037,0.1269814814814814,0.4373456790123456,529.6296296296297,106.0
en,2025-04-08,29.0,21.0,0.3419310344827586,0.2130689655172414,0.2447586206896551,0.1401379310344827,0.0818965517241379,0.2136896551724137,0.1907931034482758,0.6212413793103446,0.766655172413793,0.1811724137931034,0.4778275862068965,0.0621724137931034,0.1078275862068965,0.1339310344827586,0.0176551724137931,0.2799999999999999,0.1530344827586207,0.2256551724137931,0.3127241379310345,0.2124137931034482,0.4891034482758621,0.2978275862068965,0.4035862068965516,0.3225862068965517,0.0966206896551724,0.0456551724137931,0.029551724137931,0.0851379310344827,0.3455172413793103,0.0871810344827586,0.3692183908045977,412.7241379310345,84.65517241379311
en,2025-04-09,26.0,23.0,0.4290833333333333,0.1924583333333333,0.2253333333333333,0.1694583333333333,0.0846666666666666,0.2770833333333333,0.2262083333333333,0.6772916666666666,0.6880000000000001,0.1467083333333333,0.488375,0.108,0.1927916666666667,0.2350833333333333,0.0373333333333333,0.3384166666666666,0.2345416666666667,0.227375,0.4094166666666667,0.2378333333333333,0.598,0.4087083333333334,0.4329583333333333,0.3269166666666667,0.093125,0.022125,0.0854166666666666,0.100625,0.3674583333333334,0.0732083333333333,0.3628055555555555,404.11538461538464,80.96153846153847
en,2025-04-10,31.0,27.0,0.4113548387096775,0.2992580645161291,0.3099677419354839,0.2141612903225806,0.1946774193548387,0.3807096774193548,0.294483870967742,0.722741935483871,0.7694516129032258,0.3139677419354838,0.6207419354838709,0.1630645161290322,0.2072258064516129,0.3209032258064516,0.0509677419354838,0.4471290322580645,0.2916774193548387,0.3188064516129033,0.5434193548387097,0.2952903225806451,0.6928709677419355,0.5511935483870968,0.4253548387096774,0.3999354838709676,0.1629999999999999,0.0983870967741935,0.1626129032258064,0.1712903225806451,0.5017741935483871,0.0209919354838709,0.302247311827957,875.6774193548387,172.80645161290323
en,2025-04-11,19.0,16.0,,,,,,,,,,,,,,,,,,,,,,,,,,,,,,,,,
en,2025-04-12,32.0,23.0,0.3602258064516129,0.2098387096774193,0.2511290322580645,0.156516129032258,0.1021935483870967,0.3041612903225806,0.2660967741935484,0.6916129032258064,0.7433225806451612,0.2031290322580645,0.5496774193548387,0.0823225806451612,0.2025806451612903,0.2850645161290323,0.0562258064516129,0.368741935483871,0.2868709677419354,0.2255806451612903,0.4727096774193548,0.3210322580645161,0.5694193548387098,0.3880645161290323,0.4887096774193548,0.3360967741935484,0.1129999999999999,0.0621612903225806,0.1637096774193548,0.1338387096774193,0.4415806451612903,0.04125,0.3493655913978494,431.6875,86.5
en,2025-04-13,25.0,20.0,0.46388,0.34924,0.2874,0.21068,0.0756,0.30372,0.3424799999999999,0.6915600000000001,0.7894800000000001,0.31636,0.5718,0.1559999999999999,0.2138,0.24192,0.03044,0.39568,0.2366799999999999,0.26768,0.38192,0.2224,0.5698000000000001,0.39852,0.4769199999999999,0.3254399999999999,0.13892,0.0533599999999999,0.06616,0.153,0.4398,0.13814,0.4379866666666666,653.28,130.84
en,2025-04-14,31.0,26.0,0.3816451612903225,0.2889677419354838,0.2690645161290323,0.2054838709677419,0.0551290322580645,0.2611290322580645,0.1910645161290322,0.6525806451612903,0.7125483870967741,0.2121290322580645,0.4305806451612902,0.1171935483870967,0.2123870967741935,0.1988064516129032,0.0316774193548387,0.3786774193548386,0.2324838709677419,0.2385806451612903,0.4147096774193549,0.2101612903225806,0.5753870967741935,0.413,0.5140645161290323,0.2979032258064517,0.0912903225806451,0.0337096774193548,0.0902903225806451,0.1082903225806451,0.4109354838709677,0.1281612903225806,0.399290322580645,574.4516129032259,114.7741935483871
en,2025-04-15,33.0,24.0,0.2505454545454545,0.1871818181818181,0.2031212121212121,0.159060606060606,0.1441515151515151,0.231090909090909,0.232060606060606,0.625060606060606,0.7210000000000001,0.1886060606060606,0.4872121212121213,0.1364545454545454,0.1757878787878788,0.2029393939393939,0.0274848484848484,0.2907575757575757,0.1948484848484848,0.2337878787878788,0.3568181818181818,0.3525151515151515,0.4964848484848485,0.3197878787878787,0.4276969696969697,0.2768181818181818,0.157060606060606,0.0828484848484848,0.041060606060606,0.0899696969696969,0.379030303030303,0.0123560606060606,0.2474040404040404,401.3030303030303,80.24242424242425
en,2025-04-16,24.0,22.0,0.333375,0.1834583333333333,0.2359166666666666,0.14775,0.119125,0.3259166666666666,0.2649583333333333,0.670875,0.658125,0.156,0.5111249999999999,0.0837083333333333,0.24425,0.2633333333333333,0.0214583333333333,0.3560416666666667,0.2479166666666666,0.2829583333333333,0.3757083333333333,0.3025833333333333,0.6017083333333333,0.367375,0.4297916666666666,0.3495833333333333,0.1236249999999999,0.077125,0.1439166666666666,0.1135416666666666,0.418125,0.0026041666666666,0.2900138888888889,299.6666666666667,60.375
en,2025-04-17,22.0,18.0,0.3003636363636363,0.177,0.2260909090909091,0.1458181818181818,0.1079545454545454,0.2747272727272727,0.2282272727272727,0.7251363636363636,0.6867727272727274,0.1319545454545454,0.4275454545454545,0.0919545454545454,0.1991363636363636,0.2042727272727272,0.0414090909090909,0.2887272727272727,0.2572272727272727,0.1708181818181818,0.4780909090909091,0.2909090909090909,0.554681818181818,0.3356818181818182,0.5426363636363637,0.2979545454545454,0.1107727272727272,0.0683636363636363,0.0851363636363636,0.1202727272727272,0.3924090909090909,0.0209772727272727,0.2964545454545455,448.8636363636364,89.36363636363636
en,2025-04-18,43.0,32.0,0.3475813953488372,0.1814883720930232,0.3068837209302326,0.1985348837209302,0.1109302325581395,0.2612558139534884,0.2333023255813953,0.703093023255814,0.7168604651162791,0.176860465116279,0.5756976744186046,0.0871395348837209,0.107906976744186,0.225,0.051813953488372,0.317046511627907,0.2203255813953488,0.1943720930232558,0.3710930232558139,0.3268139534883721,0.4981627906976744,0.304906976744186,0.4602558139534883,0.3427441860465116,0.1040232558139535,0.0577209302325581,0.1647209302325581,0.0866744186046511,0.3774883720930233,0.0725290697674418,0.3461782945736434,357.69767441860466,71.4186046511628
en,2025-04-19,29.0,26.0,0.3928620689655172,0.2105172413793103,0.2738620689655173,0.1851724137931034,0.0759310344827586,0.3013793103448275,0.2539310344827586,0.7238620689655175,0.7815862068965519,0.2320689655172414,0.4879655172413793,0.0868965517241379,0.1441379310344827,0.2736206896551724,0.0295862068965517,0.3742413793103449,0.2571724137931034,0.3014137931034483,0.4330344827586206,0.2282068965517241,0.5337931034482759,0.4119655172413793,0.5245172413793104,0.3184482758620689,0.1412413793103448,0.0941379310344827,0.0968275862068965,0.1237931034482758,0.4020689655172413,0.0769482758620689,0.4068390804597701,470.2413793103448,95.6896551724138
en,2025-04-20,21.0,18.0,0.4726190476190477,0.291047619047619,0.3281428571428571,0.2048571428571428,0.1324761904761905,0.4137619047619048,0.3564761904761905,0.711047619047619,0.7659047619047619,0.2822857142857142,0.6991904761904763,0.1525238095238095,0.1378095238095238,0.3052380952380952,0.0430952380952381,0.4726190476190476,0.2517142857142856,0.3868095238095237,0.4585238095238094,0.2115238095238095,0.6940476190476191,0.4515714285714285,0.4551904761904762,0.4536666666666667,0.1893809523809523,0.095,0.2464761904761905,0.1867619047619048,0.4865238095238094,0.051047619047619,0.3897460317460317,801.5714285714286,161.52380952380952
en,2025-04-21,26.0,21.0,0.4270769230769231,0.2674615384615385,0.3623461538461538,0.2216538461538461,0.1268076923076923,0.4021153846153846,0.3533846153846154,0.662423076923077,0.7492692307692306,0.2841153846153846,0.6216153846153846,0.1561153846153846,0.1773076923076922,0.3190384615384615,0.1056538461538461,0.4344230769230769,0.280076923076923,0.3699230769230769,0.4303846153846154,0.3438076923076923,0.6646923076923077,0.5123461538461539,0.4927307692307691,0.4147692307692308,0.1769615384615384,0.0954999999999999,0.1104230769230769,0.1541923076923077,0.4601153846153846,0.0551730769230769,0.3860897435897436,849.0,164.53846153846155
en,2025-04-22,18.0,18.0,,,,,,,,,,,,,,,,,,,,,,,,,,,,,,,,,
en,2025-04-23,32.0,26.0,0.3574375,0.23646875,0.2528125,0.20046875,0.16046875,0.292,0.23125,0.64709375,0.647125,0.2007499999999999,0.50078125,0.1198125,0.170625,0.2735,0.1279375,0.38090625,0.28275,0.2654999999999999,0.3959375,0.31015625,0.57109375,0.38409375,0.4010937499999999,0.3863124999999999,0.15384375,0.11940625,0.1374375,0.12625,0.42153125,0.0355625,0.25865625,517.78125,102.75
en,2025-04-24,27.0,19.0,0.2876538461538461,0.1271923076923077,0.2250384615384615,0.1416153846153846,0.0825,0.237076923076923,0.1834615384615384,0.727076923076923,0.6885,0.1999230769230769,0.452576923076923,0.0898076923076922,0.1164230769230769,0.1568461538461538,0.0151923076923076,0.2816538461538461,0.1968076923076923,0.1576538461538461,0.5061153846153845,0.3035769230769231,0.4797692307692308,0.3193461538461538,0.5154615384615384,0.3338076923076923,0.1063846153846153,0.0640384615384615,0.0629615384615384,0.1074615384615384,0.3846538461538461,0.0355865384615384,0.3178974358974358,373.22222222222223,75.51851851851852
en,2025-04-25,42.0,27.0,0.2485714285714286,0.1718095238095238,0.2286190476190475,0.1339047619047619,0.1360714285714285,0.2454285714285714,0.2097857142857143,0.6776904761904762,0.6272380952380953,0.1451666666666666,0.4436904761904762,0.1156428571428571,0.1340714285714285,0.1844761904761905,0.0737142857142857,0.2878095238095238,0.2119523809523809,0.2362142857142857,0.4543809523809524,0.3012142857142857,0.5683571428571428,0.3591904761904761,0.4847380952380952,0.2770238095238094,0.1495,0.0846666666666666,0.1029285714285714,0.097047619047619,0.3756428571428572,0.0049761904761904,0.2320714285714285,405.7619047619048,82.42857142857143
en,2025-04-26,25.0,19.0,0.2707916666666666,0.1795416666666666,0.2184166666666667,0.1682083333333333,0.089875,0.2779583333333333,0.2036666666666666,0.6450833333333333,0.686125,0.1822916666666666,0.4762916666666667,0.1142083333333333,0.1887916666666667,0.2432499999999999,0.027375,0.3505833333333333,0.2433333333333333,0.2565416666666666,0.4031666666666667,0.2833333333333334,0.5644166666666667,0.3585416666666667,0.4730416666666666,0.3472083333333333,0.10775,0.0609166666666666,0.1490416666666666,0.1185416666666666,0.4024583333333333,0.0253229166666666,0.3019027777777777,389.56,77.2
en,2025-04-27,24.0,22.0,0.3167916666666666,0.1987499999999999,0.30125,0.165875,0.0585416666666666,0.2577083333333334,0.2525833333333333,0.609875,0.6865833333333334,0.2558333333333333,0.4182916666666667,0.1312916666666666,0.265625,0.2037083333333333,0.0232916666666666,0.348375,0.2194583333333333,0.2987916666666667,0.470375,0.2230416666666666,0.5485416666666666,0.3710416666666667,0.4349583333333333,0.2532083333333333,0.125625,0.045125,0.1251666666666666,0.1269583333333333,0.4253333333333333,0.0875416666666666,0.3763333333333333,557.9166666666666,111.0
en,2025-04-28,38.0,26.0,0.3100526315789473,0.1906052631578947,0.2566052631578948,0.1837368421052631,0.0917105263157894,0.2052105263157895,0.1819473684210526,0.6777105263157895,0.6985263157894736,0.1834736842105263,0.4419473684210527,0.0734210526315789,0.2158421052631579,0.147,0.0196315789473684,0.3258421052631579,0.2102105263157895,0.2345263157894737,0.3292894736842104,0.3054210526315788,0.4871052631578947,0.3098157894736842,0.4682894736842105,0.2789210526315789,0.1240263157894736,0.0226842105263157,0.0619473684210526,0.1148684210526315,0.3807894736842105,0.0867894736842105,0.3300175438596491,345.39473684210526,68.78947368421052
en,2025-04-29,43.0,38.0,0.3770232558139534,0.1977906976744186,0.2639767441860465,0.1512790697674418,0.099860465116279,0.2755581395348838,0.2351860465116279,0.6499999999999999,0.691093023255814,0.2181627906976744,0.4695348837209301,0.1087674418604651,0.1731627906976744,0.2310232558139535,0.0297674418604651,0.3659767441860465,0.241906976744186,0.2862558139534883,0.3525813953488372,0.305906976744186,0.5349069767441861,0.4173720930232557,0.4615116279069767,0.2971395348837209,0.1276976744186046,0.0484186046511627,0.0784651162790697,0.1323488372093023,0.4069767441860467,0.0598081395348837,0.3441705426356589,459.8139534883721,91.81395348837208
en,2025-04-30,71.0,56.0,0.2935915492957746,0.1493943661971831,0.2145211267605633,0.1372394366197182,0.126056338028169,0.2541408450704225,0.2479859154929578,0.6399014084507041,0.6407464788732393,0.1435492957746478,0.3789718309859154,0.1213380281690141,0.1419014084507042,0.1964507042253521,0.043169014084507,0.3589014084507043,0.2446901408450704,0.2614225352112675,0.3683943661971832,0.3672112676056338,0.5271830985915493,0.3683098591549295,0.5039154929577465,0.2601267605633803,0.1102535211267605,0.0646619718309859,0.0707746478873239,0.1096478873239436,0.4007746478873239,0.008588028169014,0.2568967136150235,509.90140845070425,101.5774647887324
en,2025-05-01,70.0,61.0,0.3339420289855073,0.2012028985507246,0.2732753623188405,0.2099130434782608,0.112159420289855,0.286231884057971,0.2506231884057971,0.7054057971014493,0.6987536231884057,0.1831159420289855,0.4408695652173913,0.1281739130434782,0.2335507246376812,0.2475797101449275,0.0451884057971014,0.3837101449275362,0.2964927536231885,0.2409855072463768,0.4526521739130434,0.3140724637681159,0.5801304347826088,0.3989130434782608,0.4882463768115941,0.3171739130434782,0.1265797101449275,0.0442463768115942,0.1080434782608695,0.1309420289855072,0.4293623188405797,0.0553876811594202,0.3231642512077295,533.1142857142858,105.1
en,2025-05-02,35.0,30.0,0.2926285714285714,0.2149428571428571,0.2716571428571428,0.1862285714285714,0.1176571428571428,0.2886857142857143,0.2456857142857142,0.7015142857142858,0.6320571428571429,0.1548285714285714,0.3758285714285714,0.1132857142857143,0.32,0.2039142857142857,0.0478571428571428,0.3218571428571429,0.3077714285714286,0.2368285714285714,0.5348285714285713,0.3457714285714285,0.5953714285714286,0.3871142857142857,0.5081142857142857,0.2484285714285715,0.1207714285714286,0.0328571428571428,0.1095714285714285,0.1189428571428571,0.4275142857142857,0.0381928571428571,0.2811238095238095,551.5428571428571,109.45714285714286
en,2025-05-03,61.0,49.0,0.4420983606557376,0.2907540983606558,0.353983606557377,0.2537868852459016,0.1364262295081967,0.3450491803278688,0.2786065573770492,0.7299836065573772,0.6999344262295083,0.2269180327868852,0.5512622950819672,0.1435409836065573,0.1929180327868852,0.3082295081967213,0.0431639344262295,0.4308196721311477,0.2729672131147541,0.3460983606557377,0.4262295081967213,0.3190655737704919,0.6459180327868854,0.4881147540983607,0.517688524590164,0.3419016393442622,0.1481311475409836,0.0872950819672131,0.1394918032786885,0.1673770491803279,0.4662950819672131,0.0944180327868852,0.3622459016393442,715.0655737704918,141.68852459016392
en,2025-05-04,56.0,40.0,0.4104285714285714,0.2306785714285714,0.2898035714285714,0.1893035714285714,0.1091964285714285,0.3112142857142857,0.2484464285714285,0.699857142857143,0.7361607142857142,0.2237321428571428,0.5180535714285714,0.1098392857142857,0.2361785714285714,0.2264107142857143,0.0290357142857142,0.368625,0.2453928571428571,0.282875,0.4281071428571428,0.300125,0.6126607142857142,0.4021785714285714,0.5040714285714286,0.3091964285714286,0.1208928571428571,0.0599107142857142,0.1216071428571428,0.121625,0.4146785714285714,0.0698482142857143,0.3696011904761905,586.375,117.23214285714286
en,2025-05-05,48.0,30.0,0.3228333333333333,0.1956666666666666,0.2499791666666666,0.1761041666666666,0.0869375,0.2723125,0.2022083333333333,0.7003541666666667,0.7266666666666667,0.2049583333333333,0.3820833333333333,0.0978333333333333,0.1549791666666666,0.2584583333333333,0.0378333333333333,0.3090625,0.2217708333333333,0.2102499999999999,0.3436875,0.2817708333333333,0.4872291666666666,0.3378333333333334,0.4629583333333333,0.235,0.121,0.053625,0.0892083333333333,0.0961041666666666,0.3800833333333333,0.0565208333333333,0.3462222222222222,426.4166666666667,85.91666666666667
en,2025-05-06,40.0,35.0,0.325475,0.208025,0.236525,0.189425,0.103125,0.2785499999999999,0.2331,0.65445,0.679,0.1801499999999999,0.42625,0.11945,0.113675,0.237425,0.0329999999999999,0.357975,0.2584,0.2392999999999999,0.4537000000000001,0.3099999999999999,0.5529,0.4277,0.4150999999999999,0.28375,0.1436,0.054325,0.05435,0.118,0.4181499999999999,0.049025,0.3105416666666666,510.975,103.475
en,2025-05-07,48.0,39.0,0.4650851063829788,0.278063829787234,0.3954255319148936,0.2785106382978723,0.0973829787234042,0.3514042553191489,0.2826382978723404,0.7363191489361702,0.7609787234042554,0.2189574468085106,0.5107446808510638,0.1516170212765957,0.1926595744680851,0.3352553191489362,0.046063829787234,0.4285531914893617,0.2709999999999999,0.3291489361702128,0.4386382978723404,0.2447234042553191,0.6611702127659574,0.4412127659574468,0.5429148936170214,0.3140212765957447,0.1414893617021276,0.0656595744680851,0.1187872340425531,0.1587446808510638,0.4704680851063829,0.1298776595744681,0.4431134751773049,645.0416666666666,127.1875
en,2025-05-08,28.0,26.0,0.454,0.3916071428571429,0.4250714285714286,0.2574285714285714,0.1451428571428571,0.3948214285714286,0.3402142857142857,0.7036071428571429,0.7623571428571428,0.3244642857142857,0.6356428571428572,0.2513928571428572,0.2479999999999999,0.3576071428571428,0.0958571428571428,0.4750357142857143,0.3093214285714286,0.3971785714285714,0.4862142857142857,0.2960357142857143,0.7238214285714288,0.5295357142857143,0.55275,0.3949642857142857,0.1995,0.1585357142857142,0.1584285714285714,0.2130714285714286,0.4841428571428571,0.1120446428571428,0.402,1049.107142857143,206.39285714285717
en,2025-05-09,34.0,32.0,0.4513235294117647,0.317470588235294,0.3525588235294117,0.2378235294117646,0.1698235294117647,0.4151764705882353,0.3247058823529412,0.7306470588235294,0.7213235294117648,0.2423235294117647,0.6403235294117647,0.1466764705882353,0.237735294117647,0.3366176470588235,0.0924411764705882,0.464264705882353,0.3248529411764705,0.3339411764705882,0.534264705882353,0.3487647058823529,0.7005,0.5459705882352941,0.5369705882352941,0.4210588235294117,0.1721470588235294,0.1323823529411764,0.1589705882352941,0.2053235294117647,0.509764705882353,0.0472941176470588,0.3385784313725489,765.8823529411765,149.73529411764707
en,2025-05-10,32.0,31.0,0.345,0.2074062499999999,0.25109375,0.1790312499999999,0.1375,0.29746875,0.2396875,0.6742812499999999,0.66434375,0.166375,0.4824999999999999,0.11575,0.2329375,0.25175,0.04196875,0.351875,0.25521875,0.29721875,0.368125,0.32671875,0.56740625,0.37628125,0.40615625,0.3105,0.1361875,0.05875,0.08234375,0.13603125,0.440125,0.0281484374999999,0.2826458333333334,584.53125,113.65625
en,2025-05-11,45.0,43.0,0.3278,0.2486444444444444,0.2776444444444444,0.1587777777777777,0.1239777777777777,0.3028444444444444,0.2589555555555555,0.665,0.643288888888889,0.1792,0.5834666666666668,0.1310666666666666,0.1815111111111111,0.2271777777777778,0.0465333333333333,0.392311111111111,0.2151333333333333,0.2607333333333333,0.3956222222222221,0.3303333333333333,0.6321555555555556,0.4261333333333333,0.4102,0.3433555555555555,0.1448444444444444,0.0682888888888889,0.0860888888888888,0.1198222222222222,0.4073777777777777,0.0398055555555555,0.2922666666666667,590.2222222222222,116.0
en,2025-05-12,69.0,50.0,0.360231884057971,0.2235797101449275,0.2749275362318841,0.1776811594202899,0.0898985507246376,0.2585652173913043,0.2179855072463768,0.6488260869565218,0.6708260869565216,0.1792608695652173,0.4149855072463768,0.0970724637681159,0.1773478260869564,0.2293333333333333,0.0365072463768115,0.3459420289855072,0.2478840579710144,0.2178985507246376,0.3787246376811593,0.2405942028985507,0.5387536231884059,0.3579565217391304,0.4844927536231883,0.2959420289855072,0.1241159420289854,0.0388550724637681,0.0516231884057971,0.1268840579710144,0.4126956521739131,0.084873188405797,0.3454299516908212,512.4927536231884,101.85507246376812
en,2025-05-13,56.0,42.0,0.4347321428571428,0.2670535714285714,0.2796607142857142,0.1958571428571428,0.1378392857142857,0.3191964285714285,0.2940714285714286,0.6899464285714286,0.6994642857142858,0.2045892857142857,0.5433928571428571,0.15175,0.1987678571428571,0.2455,0.0535535714285714,0.4343035714285714,0.256,0.3384464285714286,0.41675,0.2982321428571429,0.6283035714285715,0.3801607142857143,0.4944285714285715,0.3523571428571428,0.1816071428571428,0.0790535714285714,0.1101428571428571,0.1399821428571428,0.4440535714285714,0.0658080357142857,0.3334464285714286,689.6428571428571,135.125
en,2025-05-14,62.0,47.0,0.3211129032258065,0.1882741935483871,0.2462903225806451,0.1496612903225806,0.1309032258064516,0.2937096774193549,0.255016129032258,0.7062741935483873,0.6894677419354838,0.1760967741935483,0.4755806451612903,0.1240322580645161,0.1755806451612903,0.2742258064516129,0.0686774193548386,0.3556774193548387,0.2672903225806451,0.2455322580645161,0.3730645161290322,0.3081451612903226,0.5750806451612902,0.4190483870967741,0.5227903225806451,0.3153548387096774,0.119758064516129,0.078758064516129,0.1060806451612903,0.135258064516129,0.4496451612903225,0.0140282258064516,0.2880537634408602,623.0483870967741,124.51612903225806
en,2025-05-15,55.0,44.0,0.3036363636363637,0.2720181818181817,0.2693090909090909,0.1892181818181818,0.1541454545454545,0.3243818181818181,0.2743454545454545,0.6690363636363635,0.6402909090909092,0.1777818181818181,0.4866363636363636,0.1160363636363636,0.206290909090909,0.2401999999999999,0.0395818181818181,0.3758727272727272,0.2507818181818181,0.2976363636363637,0.4258181818181819,0.3601090909090909,0.6576363636363637,0.4999090909090909,0.4263636363636363,0.3159272727272726,0.1572181818181818,0.0566545454545454,0.1586545454545455,0.117090909090909,0.4219636363636363,0.0192818181818181,0.2502666666666667,635.5818181818182,124.45454545454544
en,2025-05-16,54.0,44.0,0.4629814814814815,0.3170185185185184,0.3451666666666667,0.2328148148148148,0.1138148148148148,0.3496296296296295,0.2783703703703704,0.7005555555555557,0.7423333333333333,0.2477962962962962,0.5442777777777779,0.1504814814814814,0.1745925925925925,0.3281111111111111,0.0682777777777777,0.4207222222222222,0.2746296296296296,0.3014259259259259,0.4856481481481481,0.2733703703703703,0.6469814814814813,0.501388888888889,0.507148148148148,0.3608333333333333,0.1629629629629629,0.0887592592592592,0.1655555555555555,0.1631666666666666,0.4590185185185185,0.1077731481481481,0.4030123456790124,665.8518518518518,131.0
en,2025-05-17,44.0,40.0,0.4271590909090909,0.2520227272727272,0.2922954545454546,0.1828636363636364,0.1257272727272727,0.3347727272727273,0.2745681818181818,0.70775,0.7425681818181818,0.2163863636363636,0.5277727272727272,0.1719772727272727,0.2510454545454545,0.2710909090909091,0.03725,0.4026590909090909,0.2852954545454546,0.2938863636363636,0.4852272727272726,0.2335909090909091,0.6311136363636364,0.4894772727272727,0.5039318181818182,0.3412954545454545,0.178840909090909,0.0861136363636363,0.0781136363636363,0.1572045454545454,0.4555681818181817,0.0583352272727272,0.3616136363636363,754.0909090909091,147.72727272727272
en,2025-05-18,59.0,48.0,0.4498135593220339,0.3309830508474576,0.3133220338983051,0.2230169491525423,0.1250508474576271,0.3362033898305084,0.3013728813559322,0.728,0.7581525423728814,0.2884915254237287,0.4700508474576271,0.2119152542372881,0.2326101694915254,0.2802203389830509,0.0427457627118644,0.3873559322033899,0.2887118644067796,0.2833220338983052,0.532593220338983,0.2292372881355932,0.6289491525423729,0.471,0.534271186440678,0.3404745762711865,0.1483050847457627,0.1235423728813559,0.0964915254237288,0.1498135593220339,0.4459661016949152,0.0986567796610169,0.382045197740113,759.9830508474577,147.864406779661
en,2025-05-19,87.0,66.0,0.287953488372093,0.1679767441860465,0.1937906976744185,0.1436046511627907,0.1263720930232558,0.2721744186046511,0.2241395348837209,0.6647093023255813,0.6643372093023256,0.1952674418604651,0.4028023255813953,0.1055581395348837,0.1908720930232558,0.2021976744186046,0.0348023255813953,0.3430697674418604,0.2427674418604651,0.225313953488372,0.3855581395348837,0.3088720930232558,0.5262325581395348,0.4153837209302325,0.474953488372093,0.2787209302325582,0.1207209302325581,0.0393488372093023,0.0796627906976744,0.1094418604651162,0.4081976744186045,-0.0009418604651162,0.2556550387596898,499.2183908045977,95.0919540229885
en,2025-05-20,90.0,72.0,0.3545222222222222,0.2435444444444444,0.2347666666666666,0.1746333333333333,0.1230444444444444,0.2969666666666666,0.2659111111111111,0.6858444444444445,0.6941,0.2363555555555555,0.4642666666666667,0.1223444444444444,0.223711111111111,0.2639444444444445,0.0572,0.3714666666666666,0.2636333333333333,0.2957888888888889,0.3894555555555555,0.2999333333333333,0.5892777777777778,0.4007888888888889,0.4828111111111111,0.2896777777777778,0.1315222222222222,0.0779333333333333,0.1168555555555555,0.1302777777777777,0.4137666666666667,0.0418611111111111,0.3047518518518518,575.0333333333333,111.54444444444444
en,2025-05-21,63.0,58.0,0.3545396825396825,0.2439682539682539,0.2823333333333333,0.2059682539682539,0.1301587301587301,0.300111111111111,0.2546825396825397,0.6859999999999999,0.6981904761904761,0.2002222222222222,0.4739682539682541,0.1343015873015872,0.1821428571428571,0.2582380952380952,0.0643650793650793,0.3883968253968253,0.240111111111111,0.2991904761904761,0.3412539682539683,0.3175714285714286,0.6213650793650793,0.4215555555555556,0.5011587301587301,0.3115079365079365,0.1635714285714286,0.0467777777777777,0.0965555555555555,0.1448571428571428,0.4413968253968254,0.0565674603174603,0.3148624338624338,594.0,115.7936507936508
en,2025-05-22,59.0,48.0,0.4394237288135592,0.2656271186440678,0.278186440677966,0.2087966101694915,0.0679999999999999,0.292135593220339,0.2398813559322034,0.7312881355932204,0.7683728813559323,0.2133389830508474,0.409186440677966,0.1226949152542372,0.2617457627118644,0.2471016949152542,0.0749661016949152,0.371,0.2664406779661016,0.2526610169491525,0.4242372881355932,0.2267457627118644,0.5628813559322035,0.4136440677966101,0.547457627118644,0.2842033898305085,0.1204915254237288,0.043593220338983,0.086457627118644,0.1285762711864407,0.4259491525423728,0.1179406779661017,0.4273276836158192,609.0677966101695,119.50847457627118
en,2025-05-23,60.0,46.0,0.3703166666666667,0.2505833333333333,0.3176666666666667,0.2080999999999999,0.0869,0.31215,0.2280166666666666,0.7298166666666666,0.7021166666666667,0.1845666666666666,0.4707166666666667,0.1096833333333333,0.1481833333333333,0.2245666666666666,0.0455333333333333,0.3789666666666667,0.2311166666666667,0.3147833333333333,0.4156833333333333,0.3048833333333333,0.6081833333333333,0.4311,0.4896166666666667,0.2998666666666667,0.1333666666666667,0.0561,0.0809333333333333,0.1225499999999999,0.42135,0.0871416666666666,0.3764666666666666,557.3833333333333,108.86666666666666
en,2025-05-24,61.0,48.0,0.3910327868852458,0.2877213114754098,0.3141967213114754,0.2120163934426229,0.1260491803278688,0.3395737704918032,0.2936065573770491,0.7335573770491803,0.7190000000000002,0.23,0.5263442622950819,0.2101147540983606,0.1906229508196721,0.279672131147541,0.0542786885245901,0.4031803278688524,0.279327868852459,0.3140327868852459,0.4935245901639345,0.3188196721311475,0.6043606557377049,0.4263934426229508,0.4851639344262296,0.3288032786885245,0.1586065573770492,0.0987704918032787,0.0937049180327868,0.1525737704918033,0.4458032786885246,0.0684303278688524,0.3486939890710382,769.4918032786885,149.13114754098362
en,2025-05-25,48.0,46.0,0.410625,0.2209791666666666,0.2832916666666666,0.1865833333333333,0.0867916666666666,0.2985416666666666,0.2567291666666667,0.7139375,0.7654375,0.1853333333333333,0.4757499999999999,0.1022291666666666,0.1795208333333333,0.2320208333333333,0.0523541666666666,0.3993333333333333,0.2465625,0.284,0.4190833333333333,0.2672916666666666,0.5650625,0.3926458333333333,0.5096458333333334,0.3146458333333333,0.1193958333333333,0.0508125,0.0790833333333333,0.1356875,0.4296875,0.082703125,0.3996597222222222,602.0625,117.91666666666669
en,2025-05-26,48.0,38.0,0.2714375,0.1723124999999999,0.2531874999999999,0.1606666666666666,0.117625,0.297875,0.2363541666666666,0.664875,0.6412916666666667,0.168,0.4960416666666667,0.1086458333333333,0.2234166666666666,0.2053125,0.1067916666666666,0.3397916666666667,0.2354583333333333,0.2350833333333333,0.3931458333333333,0.3160833333333333,0.6057291666666668,0.4013541666666667,0.4581458333333333,0.31675,0.1210208333333333,0.041125,0.1895,0.1149583333333333,0.4045625,0.0066510416666666,0.2710138888888889,467.3958333333333,93.47916666666669
en,2025-05-27,60.0,42.0,0.4015833333333334,0.2348499999999999,0.3566166666666666,0.20825,0.0923,0.3572333333333332,0.2717166666666666,0.7145166666666667,0.7202833333333333,0.23345,0.5619999999999999,0.1183666666666666,0.1711833333333333,0.3166833333333333,0.0619666666666666,0.3931833333333333,0.27515,0.33445,0.4916666666666666,0.3042333333333333,0.66455,0.4934,0.5309166666666666,0.3651666666666667,0.1469833333333333,0.1263333333333333,0.0912166666666666,0.1381666666666666,0.4296166666666666,0.0755583333333333,0.4005277777777777,773.45,148.63333333333333
en,2025-05-28,38.0,29.0,0.3010526315789474,0.1444736842105263,0.2094473684210526,0.1496315789473684,0.1537105263157895,0.280578947368421,0.2329999999999999,0.6986052631578946,0.6653947368421053,0.1774736842105263,0.4469210526315789,0.1366315789473684,0.1726842105263158,0.2482894736842105,0.0309736842105263,0.3316052631578947,0.2457631578947368,0.2269210526315788,0.444921052631579,0.3114473684210526,0.5277894736842106,0.3558684210526315,0.476157894736842,0.2846315789473685,0.1474210526315789,0.0673684210526315,0.1057894736842105,0.1042894736842105,0.4032368421052631,-0.0159934210526315,0.2382543859649122,427.7631578947368,82.73684210526316
en,2025-05-29,45.0,37.0,0.3172666666666667,0.2050888888888888,0.2449333333333333,0.1840888888888888,0.0938444444444444,0.2544888888888889,0.2019333333333333,0.6740666666666666,0.6475555555555554,0.1722888888888888,0.4782666666666666,0.0795777777777777,0.202311111111111,0.2125777777777777,0.0312,0.3545111111111111,0.2131333333333333,0.2590222222222222,0.3793777777777777,0.2733333333333334,0.5957555555555555,0.3647555555555556,0.5031555555555556,0.3054666666666666,0.0944666666666666,0.0591777777777777,0.0710666666666666,0.1007777777777777,0.3901555555555556,0.0636777777777777,0.3094074074074073,452.8666666666667,90.88888888888889
en,2025-05-30,63.0,44.0,0.3717936507936508,0.2102222222222222,0.3098095238095238,0.1780793650793651,0.0863015873015873,0.2725079365079365,0.2386031746031746,0.7141904761904762,0.729920634920635,0.1825873015873016,0.4397777777777777,0.0902380952380952,0.1851428571428571,0.2103650793650793,0.0291269841269841,0.368063492063492,0.2245555555555555,0.2974761904761905,0.3435873015873015,0.2947142857142857,0.5793174603174603,0.389063492063492,0.5682380952380952,0.314063492063492,0.1112380952380952,0.0605238095238095,0.0305714285714285,0.1199841269841269,0.404063492063492,0.0880714285714285,0.3842063492063492,503.6666666666667,100.0
en,2025-05-31,53.0,36.0,0.4068301886792452,0.3048679245283019,0.2695849056603774,0.1959056603773585,0.1070566037735848,0.310188679245283,0.2769056603773585,0.6813207547169812,0.7464905660377359,0.2362075471698113,0.5320188679245282,0.1460188679245283,0.2499811320754716,0.2403396226415094,0.0553018867924528,0.3972264150943396,0.2807169811320754,0.2756415094339622,0.4949056603773585,0.2997547169811321,0.650566037735849,0.483943396226415,0.4736603773584905,0.3595471698113207,0.128188679245283,0.0619433962264151,0.0749811320754716,0.1580943396226415,0.459377358490566,0.0856745283018868,0.3672452830188679,613.2075471698113,121.30188679245283
en,2025-06-01,53.0,36.0,0.3201320754716981,0.1861509433962264,0.2492264150943396,0.1669245283018868,0.0921132075471698,0.2434150943396226,0.2458490566037736,0.6447924528301885,0.7071886792452831,0.1689811320754717,0.4946603773584905,0.1350566037735849,0.2356226415094339,0.182,0.0720943396226415,0.3227169811320755,0.2433584905660377,0.2397547169811321,0.3359811320754716,0.3383396226415093,0.4758867924528302,0.2807735849056604,0.4734528301886792,0.3183018867924528,0.119566037735849,0.0426792452830188,0.0970188679245283,0.1092641509433962,0.3913018867924528,0.0628443396226415,0.3334025157232703,419.5660377358491,83.69811320754717
en,2025-06-02,28.0,25.0,0.3707142857142857,0.2287499999999999,0.3433571428571428,0.1940357142857142,0.1627499999999999,0.3466071428571429,0.3125714285714285,0.6877142857142857,0.7106071428571428,0.2124642857142857,0.4507142857142857,0.1980714285714285,0.1386428571428571,0.2780714285714286,0.0989642857142857,0.4025357142857143,0.2707857142857143,0.345642857142857,0.4397142857142856,0.3579642857142857,0.6355357142857143,0.4330357142857143,0.4656071428571429,0.3393928571428571,0.1623928571428571,0.0999642857142857,0.1286785714285714,0.1400714285714286,0.4451071428571428,0.0295357142857142,0.3121428571428571,846.7142857142857,164.89285714285714
en,2025-06-03,49.0,36.0,0.3456938775510204,0.1947142857142857,0.2363877551020408,0.1471836734693877,0.0994897959183673,0.2825306122448979,0.2076938775510204,0.6978571428571428,0.7334693877551022,0.1739183673469387,0.5149387755102041,0.0985306122448979,0.2334081632653061,0.1977755102040816,0.0354897959183673,0.3286734693877551,0.2564081632653061,0.1972448979591836,0.5152448979591837,0.2997959183673469,0.5642244897959183,0.3847142857142857,0.5098571428571429,0.2983061224489796,0.1123877551020408,0.047469387755102,0.0652857142857142,0.1223469387755102,0.4081020408163265,0.039984693877551,0.3390272108843538,498.6734693877551,100.73469387755102
en,2025-06-04,32.0,28.0,0.3465,0.22046875,0.3345,0.18825,0.125125,0.3005624999999999,0.2284375,0.7191875000000001,0.7053125,0.1955,0.5389375000000001,0.13675,0.21265625,0.2289999999999999,0.0292187499999999,0.3903125,0.26346875,0.24228125,0.50428125,0.28725,0.5587500000000001,0.38215625,0.50440625,0.34815625,0.1549375,0.09546875,0.11678125,0.14709375,0.4527187499999999,0.0595859375,0.3369791666666666,569.8125,111.65625
en,2025-06-05,38.0,30.0,0.3287894736842105,0.2010526315789473,0.3026315789473685,0.2118947368421053,0.0929210526315789,0.2683157894736842,0.2199210526315789,0.6752894736842104,0.7286315789473683,0.1797105263157894,0.4519210526315789,0.0966315789473684,0.1751842105263158,0.201078947368421,0.0225263157894736,0.3361842105263159,0.2280526315789473,0.2656842105263158,0.3778947368421052,0.2912631578947368,0.5502894736842106,0.3223421052631579,0.4713157894736842,0.2593157894736842,0.1589210526315789,0.083157894736842,0.1004473684210526,0.1137894736842105,0.3986315789473684,0.0804736842105263,0.3604298245614035,403.2631578947368,80.97368421052632
en,2025-06-06,26.0,22.0,0.4103846153846154,0.2654230769230769,0.3603076923076923,0.2272692307692307,0.1276923076923077,0.3482307692307692,0.2694999999999999,0.6593076923076923,0.7419230769230768,0.2162692307692307,0.4763461538461538,0.1643846153846153,0.1509230769230769,0.2859230769230769,0.0306153846153846,0.3698461538461538,0.2349230769230769,0.2782692307692307,0.3928076923076923,0.3367692307692307,0.5872307692307692,0.4061923076923077,0.4161538461538461,0.2393076923076922,0.1349999999999999,0.0806538461538461,0.0638846153846154,0.1176923076923077,0.3986923076923077,0.0778846153846153,0.3765128205128204,514.9615384615385,103.15384615384616
en,2025-06-07,28.0,18.0,0.3592857142857142,0.2525357142857143,0.2471428571428571,0.1596071428571429,0.1434642857142857,0.3531071428571429,0.25675,0.7206071428571429,0.714642857142857,0.1963928571428571,0.5068571428571429,0.1790357142857142,0.2215,0.2824642857142856,0.0384642857142857,0.3427857142857143,0.2697142857142857,0.3258928571428571,0.4484642857142856,0.4070000000000001,0.6318214285714285,0.4799285714285715,0.4853571428571429,0.3082857142857143,0.15275,0.2455714285714285,0.0741785714285714,0.1342857142857142,0.4226785714285714,0.0063571428571428,0.2968928571428571,357.10714285714283,69.07142857142857
en,2025-06-08,34.0,23.0,0.3308235294117647,0.2321470588235293,0.2454705882352941,0.2081764705882352,0.1182941176470588,0.2754117647058823,0.2552058823529411,0.6598823529411765,0.7392941176470587,0.1883235294117647,0.4988823529411763,0.1484117647058823,0.2418529411764705,0.27,0.0557058823529411,0.3484411764705882,0.2705882352941176,0.261970588235294,0.456235294117647,0.2722058823529411,0.5267647058823529,0.3344411764705882,0.4400882352941176,0.3461176470588235,0.1511764705882353,0.1010294117647059,0.1275294117647058,0.1489411764705882,0.4061764705882352,0.0573014705882352,0.3202352941176471,489.0,97.41176470588236
en,2025-06-09,22.0,20.0,0.3644090909090909,0.1465,0.1738181818181818,0.1171818181818181,0.0751363636363636,0.2321818181818182,0.1915909090909091,0.6919545454545454,0.7357727272727271,0.1677272727272727,0.4090454545454545,0.069590909090909,0.1987727272727272,0.2295454545454545,0.0446363636363636,0.3071363636363636,0.2292727272727273,0.1907272727272727,0.4234999999999999,0.2613181818181818,0.4707727272727273,0.3504090909090909,0.5498181818181819,0.2905909090909092,0.0921818181818181,0.0468636363636363,0.0665454545454545,0.1038181818181818,0.3830909090909091,0.0468181818181818,0.3495303030303031,498.7272727272728,101.04545454545456
en,2025-06-10,30.0,27.0,0.3939,0.2532,0.3276,0.2342666666666666,0.1603,0.3496333333333333,0.2821333333333334,0.6915333333333334,0.6934666666666666,0.2482333333333333,0.4359666666666666,0.1999333333333333,0.2165666666666666,0.2969333333333334,0.0428666666666666,0.3966333333333333,0.3076666666666667,0.2711,0.4954999999999999,0.3071333333333333,0.5848333333333334,0.4288666666666667,0.4807333333333333,0.3089,0.1689,0.1012999999999999,0.2185666666666667,0.1478,0.4679666666666667,0.0472749999999999,0.3113555555555555,555.3333333333334,110.06666666666666
en,2025-06-11,34.0,24.0,0.3266176470588235,0.1704411764705882,0.242735294117647,0.1695588235294118,0.0765882352941176,0.2502647058823529,0.1930882352941176,0.6945588235294117,0.7341176470588235,0.1779705882352941,0.4545882352941177,0.1113823529411764,0.2866176470588235,0.2384411764705882,0.0620588235294117,0.2981764705882352,0.2786764705882353,0.2084705882352941,0.4279117647058824,0.2621470588235294,0.5203529411764706,0.3887647058823529,0.524529411764706,0.2841470588235295,0.1132941176470588,0.0721470588235294,0.110735294117647,0.1127058823529411,0.409764705882353,0.0639117647058823,0.3579019607843137,448.3235294117647,89.8529411764706
en,2025-06-12,36.0,24.0,0.2932499999999999,0.1563611111111111,0.2095555555555555,0.1556666666666666,0.1073888888888889,0.3038888888888889,0.2538611111111111,0.7021944444444446,0.6663055555555555,0.1598611111111111,0.4181111111111111,0.1056388888888889,0.1645833333333333,0.2080555555555555,0.0501944444444444,0.3064444444444445,0.2523055555555555,0.2072222222222222,0.3871388888888889,0.3689722222222222,0.5181388888888889,0.2974166666666666,0.5254166666666666,0.3161666666666666,0.1551666666666666,0.1352222222222222,0.1425277777777777,0.1134722222222222,0.4092777777777778,-0.0019305555555555,0.2823148148148148,383.22222222222223,77.66666666666667
en,2025-06-13,29.0,25.0,0.3790344827586207,0.2320344827586206,0.2679999999999999,0.2011379310344827,0.1667586206896551,0.2915862068965517,0.254448275862069,0.6631034482758622,0.6763793103448276,0.2319999999999999,0.4347931034482759,0.1005172413793103,0.1650689655172413,0.242103448275862,0.067103448275862,0.3673103448275862,0.2521724137931034,0.2964137931034483,0.3618620689655172,0.2790689655172413,0.5330689655172414,0.3258620689655172,0.423655172413793,0.2527586206896551,0.1463448275862069,0.0718275862068965,0.0660344827586206,0.1333793103448275,0.4252758620689655,0.0408793103448275,0.2743793103448275,483.82758620689657,94.93103448275862
en,2025-06-14,25.0,19.0,0.4126399999999999,0.2486,0.27552,0.2018799999999999,0.13288,0.37836,0.28852,0.7166,0.6868000000000001,0.18888,0.5160399999999999,0.1425999999999999,0.1823999999999999,0.2878,0.0482399999999999,0.39816,0.24644,0.28936,0.46732,0.3482,0.63272,0.36924,0.5785199999999999,0.3580399999999999,0.1532,0.13232,0.157,0.16164,0.4436799999999999,0.02904,0.3254399999999999,814.32,160.56
en,2025-06-15,28.0,21.0,0.2847142857142857,0.2088571428571428,0.2638214285714285,0.18375,0.1864285714285714,0.2996071428571429,0.2442857142857142,0.6441785714285715,0.6390357142857143,0.1876428571428571,0.5040357142857143,0.12275,0.1274642857142857,0.2213571428571429,0.0275714285714285,0.3438928571428571,0.2137142857142857,0.2463214285714285,0.34525,0.3878571428571428,0.5749642857142857,0.3874642857142857,0.4054642857142857,0.2377499999999999,0.1228571428571428,0.1164999999999999,0.0745714285714285,0.1164999999999999,0.3849999999999999,-0.0077321428571428,0.2094285714285714,354.2857142857143,69.92857142857143
en,2025-06-16,25.0,23.0,0.4242,0.2428,0.30276,0.19772,0.1031999999999999,0.3292,0.26248,0.6964800000000001,0.7099599999999999,0.2238,0.60812,0.1095999999999999,0.1682399999999999,0.26028,0.02924,0.41636,0.25944,0.3218399999999999,0.47804,0.26896,0.60576,0.38636,0.5047200000000001,0.3264,0.12784,0.08936,0.10148,0.12208,0.42292,0.07567,0.3757733333333333,594.44,118.08
en,2025-06-17,23.0,20.0,0.3157727272727272,0.1818181818181818,0.2467727272727272,0.1718181818181818,0.1624545454545454,0.3465454545454545,0.3163181818181818,0.6764090909090908,0.6387727272727273,0.2144545454545454,0.4476818181818182,0.1427727272727272,0.1239090909090909,0.2781818181818181,0.0431363636363636,0.3253181818181818,0.2660454545454545,0.3044545454545454,0.4497727272727272,0.4232727272727273,0.5696363636363636,0.3852272727272728,0.5065909090909092,0.3063636363636363,0.1906818181818181,0.1714999999999999,0.0960454545454545,0.1364090909090909,0.4282727272727273,-0.0254545454545454,0.2379848484848485,393.7826086956522,77.3913043478261
en,2025-06-18,30.0,25.0,0.3875,0.223,0.3027666666666667,0.2145333333333333,0.1250666666666666,0.3102666666666666,0.2766333333333333,0.6890666666666665,0.7190666666666667,0.1949666666666666,0.5016666666666667,0.1183999999999999,0.1632666666666666,0.3330666666666666,0.0512666666666666,0.3863666666666667,0.2361333333333333,0.2904333333333334,0.3896666666666667,0.2715666666666667,0.5895333333333334,0.4070999999999999,0.5123666666666666,0.3197,0.1251,0.0656,0.0989666666666666,0.1173666666666666,0.4072,0.0642833333333333,0.3447111111111111,693.2,137.66666666666666
en,2025-06-19,26.0,21.0,0.28752,0.2872,0.23188,0.21984,0.09544,0.30444,0.23104,0.7492399999999999,0.73836,0.19224,0.48784,0.0771999999999999,0.13428,0.24944,0.02552,0.36628,0.25664,0.29832,0.37524,0.233,0.63384,0.44356,0.55128,0.39236,0.11824,0.0524,0.09292,0.11424,0.43312,0.05667,0.3238133333333334,541.5769230769231,110.8846153846154
en,2025-06-20,18.0,17.0,,,,,,,,,,,,,,,,,,,,,,,,,,,,,,,,,
en,2025-06-21,22.0,20.0,0.3065909090909091,0.1993636363636363,0.2157272727272727,0.1977272727272727,0.0588181818181818,0.2130454545454545,0.1809999999999999,0.646,0.7006363636363637,0.1636818181818181,0.3804545454545455,0.0819545454545454,0.2385,0.2449545454545454,0.0443636363636363,0.3230454545454545,0.2348181818181818,0.2302272727272726,0.4104090909090909,0.1924090909090909,0.5032272727272727,0.3189545454545455,0.4499090909090908,0.3134090909090909,0.1107272727272727,0.0460454545454545,0.1127727272727272,0.1137727272727272,0.3967727272727272,0.0939204545454545,0.3488333333333333,482.8636363636364,97.86363636363636
en,2025-06-22,22.0,17.0,0.3619,0.13715,0.25655,0.09505,0.1160499999999999,0.25395,0.25415,0.70195,0.73155,0.2321,0.3961,0.0946,0.1052,0.2315999999999999,0.0968499999999999,0.3583499999999999,0.20425,0.2567,0.2979,0.2704,0.5108,0.45635,0.50365,0.31705,0.09555,0.0753,0.04195,0.0778,0.35405,0.0276625,0.3339500000000001,488.95454545454544,96.72727272727272
en,2025-06-23,22.0,21.0,0.2578636363636363,0.1557727272727272,0.2551363636363636,0.1599545454545454,0.1672727272727272,0.2935454545454545,0.2292727272727272,0.6806363636363636,0.6346818181818182,0.1605,0.4832272727272726,0.1171818181818181,0.2096363636363636,0.2559090909090908,0.0607727272727272,0.3181363636363636,0.2785454545454546,0.2364090909090909,0.4754545454545455,0.3407272727272727,0.5699090909090909,0.3177727272727273,0.4387727272727273,0.2859545454545454,0.1829545454545454,0.0548181818181818,0.0275,0.1098636363636364,0.417090909090909,-0.0232272727272727,0.2152878787878787,493.0,97.8181818181818
en,2025-06-24,20.0,19.0,0.3661999999999999,0.2391999999999999,0.2525,0.23805,0.09395,0.23145,0.19305,0.6935,0.8133000000000001,0.1413,0.6579999999999999,0.0904,0.2264999999999999,0.15405,0.01935,0.34385,0.21565,0.2239999999999999,0.3681,0.1944,0.46165,0.2720999999999999,0.4562,0.3486999999999999,0.0715,0.01985,0.1299,0.0985,0.39605,0.1112874999999999,0.3833833333333333,414.2,83.1
en,2025-06-25,22.0,17.0,0.422047619047619,0.1321428571428571,0.1574285714285714,0.1499999999999999,0.0865238095238095,0.221,0.2028095238095238,0.671952380952381,0.7740476190476192,0.1949999999999999,0.4379047619047619,0.095047619047619,0.1776190476190476,0.1805714285714285,0.0253809523809523,0.3179523809523809,0.2052857142857143,0.3258571428571428,0.3948571428571428,0.3065238095238095,0.4815714285714286,0.3261428571428571,0.4703809523809524,0.3491428571428572,0.1662380952380952,0.075,0.112095238095238,0.0978571428571428,0.3769047619047618,0.0616428571428571,0.3646507936507936,328.27272727272725,65.0
en,2025-06-26,20.0,18.0,0.2143999999999999,0.21425,0.176,0.1369,0.1766499999999999,0.26615,0.2616999999999999,0.6507,0.59545,0.15565,0.3938500000000001,0.1372,0.1298499999999999,0.2122,0.022,0.305,0.2076,0.26595,0.4294,0.36375,0.661,0.4521500000000001,0.3821,0.2516,0.1851499999999999,0.03935,0.1178499999999999,0.0730499999999999,0.3609,-0.0360125,0.1519666666666666,538.5,105.35
en,2025-06-27,29.0,25.0,0.3336666666666666,0.2113703703703704,0.2169259259259259,0.1436666666666667,0.1674074074074074,0.2777407407407407,0.2467777777777778,0.6544814814814814,0.6207407407407407,0.1694814814814814,0.5437407407407409,0.1194074074074073,0.1809259259259259,0.2393333333333333,0.0449259259259259,0.3615555555555555,0.2029999999999999,0.2850740740740741,0.3300740740740741,0.3498518518518518,0.5868148148148149,0.3404074074074074,0.4137037037037037,0.3698518518518518,0.155,0.058037037037037,0.1587037037037036,0.1224814814814815,0.4154814814814814,0.0038333333333333,0.2230370370370371,559.4827586206897,111.6896551724138
en,2025-06-28,24.0,21.0,0.2933333333333333,0.2242083333333333,0.2893333333333333,0.244625,0.1082083333333333,0.2890833333333333,0.2532916666666666,0.666,0.696625,0.1830833333333333,0.5095000000000001,0.10375,0.1209583333333333,0.2522916666666666,0.0367916666666666,0.349375,0.2422916666666666,0.269875,0.37875,0.270375,0.5252083333333334,0.3619999999999999,0.4773333333333333,0.3158749999999999,0.1400833333333333,0.1184166666666666,0.0924166666666666,0.1227916666666666,0.4158749999999999,0.0642291666666666,0.3182222222222222,500.8333333333333,101.04166666666669
en,2025-06-29,22.0,21.0,0.3509090909090909,0.1736363636363636,0.2525454545454546,0.1922727272727273,0.1191818181818182,0.2957727272727273,0.2773636363636363,0.7133181818181819,0.7073181818181818,0.1567272727272727,0.4105909090909092,0.172590909090909,0.249,0.2060909090909091,0.0445,0.3630909090909091,0.2596363636363636,0.2895,0.4160454545454545,0.3246363636363636,0.6195909090909091,0.4303181818181817,0.5254545454545454,0.3265909090909091,0.1586818181818181,0.0856363636363636,0.0694545454545454,0.1437727272727272,0.4360454545454546,0.0348636363636363,0.3177424242424242,474.27272727272725,94.0
en,2025-06-30,27.0,24.0,0.2937407407407408,0.1731851851851851,0.1920740740740741,0.1415185185185185,0.178,0.2822962962962962,0.2709259259259258,0.6851851851851852,0.6029629629629629,0.1775925925925926,0.4091851851851851,0.1644444444444444,0.2379629629629629,0.2474444444444444,0.0698888888888889,0.3217407407407407,0.2689259259259259,0.2584444444444445,0.4092592592592592,0.42,0.485962962962963,0.3604074074074073,0.5078518518518519,0.3655555555555556,0.2122962962962962,0.0887037037037036,0.1437777777777777,0.1262222222222222,0.3919259259259259,-0.0300185185185185,0.1849259259259259,526.7777777777778,99.22222222222224
en,2025-07-01,22.0,18.0,0.3555909090909091,0.2413181818181817,0.3309545454545455,0.1995,0.1986363636363636,0.3904545454545454,0.2983181818181818,0.722090909090909,0.6436363636363637,0.206,0.5132727272727272,0.2205,0.2672272727272727,0.2959545454545454,0.0926363636363636,0.4136363636363636,0.3397272727272727,0.2992272727272727,0.5041818181818182,0.3322272727272727,0.6189545454545454,0.4542272727272726,0.527090909090909,0.3642272727272727,0.1658181818181818,0.1269090909090909,0.0804090909090909,0.2021818181818181,0.472590909090909,-0.0127045454545454,0.2447575757575757,675.7727272727273,123.6818181818182
en,2025-07-02,39.0,28.0,0.381923076923077,0.2098717948717949,0.2624358974358974,0.1745384615384615,0.0908205128205128,0.2644871794871795,0.2352820512820512,0.6851025641025642,0.7072564102564103,0.1778974358974359,0.3887948717948718,0.1528717948717948,0.2188461538461538,0.1957948717948718,0.0227948717948717,0.3816153846153846,0.2259230769230769,0.282,0.3659230769230769,0.306974358974359,0.5632051282051281,0.3806666666666666,0.548974358974359,0.2917948717948717,0.1191282051282051,0.0664615384615384,0.0585384615384615,0.1224358974358974,0.4152307692307692,0.0795384615384615,0.3597179487179487,495.79487179487177,96.84615384615384
en,2025-07-03,28.0,25.0,0.3927857142857142,0.3069642857142857,0.3215714285714285,0.1973928571428571,0.1835357142857142,0.3969999999999999,0.3748928571428572,0.6982500000000001,0.6941071428571428,0.2986071428571428,0.5520357142857143,0.2405714285714285,0.2043928571428571,0.3580714285714286,0.09075,0.4366785714285713,0.3052499999999999,0.4574642857142857,0.4245714285714285,0.3565,0.6553571428571429,0.5029285714285715,0.4961785714285714,0.3695,0.2513928571428571,0.1810714285714285,0.1519999999999999,0.1915714285714285,0.492142857142857,0.0144107142857142,0.285952380952381,809.7857142857143,156.28571428571428
en,2025-07-04,35.0,30.0,0.4443714285714286,0.259,0.2987428571428571,0.2217142857142857,0.1184285714285714,0.2892571428571429,0.2490571428571428,0.6834285714285714,0.7806285714285714,0.2466,0.5138857142857143,0.1225142857142857,0.1967142857142857,0.3022571428571429,0.0469428571428571,0.3550571428571428,0.2653428571428571,0.2883714285714285,0.4416857142857143,0.2588857142857143,0.5512857142857144,0.4018857142857143,0.4682285714285715,0.3241999999999999,0.1448857142857143,0.112,0.0850285714285714,0.1344571428571428,0.4218000000000001,0.1021142857142857,0.3894857142857142,501.6285714285714,98.48571428571428
en,2025-07-05,26.0,19.0,0.319,0.2013076923076923,0.2355384615384615,0.1651538461538461,0.0929615384615384,0.349076923076923,0.2766923076923077,0.7466153846153846,0.7178846153846155,0.1716923076923076,0.527576923076923,0.090576923076923,0.156576923076923,0.2372307692307692,0.0646153846153846,0.3628076923076923,0.2581153846153846,0.1958461538461538,0.5395000000000001,0.255423076923077,0.6496153846153845,0.444423076923077,0.567076923076923,0.3820384615384615,0.1169615384615384,0.0757692307692307,0.1043076923076923,0.1416538461538461,0.4183076923076924,0.0092307692307692,0.3311794871794872,555.9615384615385,111.76923076923076
en,2025-07-06,25.0,22.0,0.21288,0.1705999999999999,0.1781599999999999,0.10952,0.24588,0.2942,0.29148,0.6800400000000001,0.5612800000000001,0.1852399999999999,0.49248,0.16108,0.19712,0.25344,0.11296,0.37564,0.2774,0.2778,0.41408,0.49536,0.5284800000000001,0.3257199999999999,0.4131599999999999,0.3362,0.174,0.08852,0.10076,0.11212,0.43372,-0.10225,0.07156,409.52,80.04
en,2025-07-07,30.0,26.0,0.3831666666666666,0.2469333333333333,0.3524666666666666,0.2115333333333333,0.1037,0.3588333333333333,0.2772666666666666,0.7343666666666666,0.7463666666666667,0.2204666666666666,0.5282,0.1197,0.2508666666666667,0.3354666666666667,0.0541666666666666,0.3650333333333334,0.2712333333333332,0.2839,0.4314,0.2598999999999999,0.6232666666666666,0.4326,0.5347000000000001,0.3897333333333332,0.1403,0.1089666666666666,0.1804333333333333,0.1624,0.4583,0.0672583333333333,0.3902999999999999,599.5,120.33333333333331
en,2025-07-08,19.0,18.0,,,,,,,,,,,,,,,,,,,,,,,,,,,,,,,,,
en,2025-07-09,32.0,27.0,0.3555312499999999,0.24365625,0.2690625,0.196625,0.16234375,0.39909375,0.31596875,0.75625,0.68675,0.24653125,0.5273125,0.15515625,0.270875,0.3469375,0.0564375,0.4333125,0.3133125,0.30984375,0.46746875,0.33465625,0.62646875,0.4739687499999999,0.5548124999999999,0.33584375,0.17953125,0.1025,0.0697812499999999,0.1840625,0.476125,-0.0144999999999999,0.2747708333333333,794.65625,151.40625
en,2025-07-10,21.0,20.0,0.3511904761904761,0.2442857142857142,0.2640476190476191,0.2117619047619047,0.0494285714285714,0.2505714285714285,0.2509047619047619,0.6709047619047619,0.7775714285714286,0.1642857142857142,0.3838095238095237,0.0835238095238095,0.1195714285714285,0.2243333333333333,0.0563333333333333,0.3458571428571428,0.2751904761904762,0.1884761904761904,0.3676666666666667,0.2490952380952381,0.488,0.3307619047619047,0.4811904761904762,0.2783809523809524,0.1041904761904762,0.0451904761904761,0.1168571428571428,0.1096190476190476,0.4104761904761904,0.1178214285714285,0.4148412698412699,416.8571428571428,83.95238095238095
en,2025-07-11,21.0,17.0,0.4525714285714285,0.3243333333333333,0.3414285714285714,0.2448571428571428,0.1029523809523809,0.3487619047619048,0.2883809523809523,0.7566190476190476,0.8187142857142856,0.3165714285714285,0.5881904761904762,0.1433809523809523,0.2505714285714285,0.2896190476190476,0.0734761904761904,0.4037619047619047,0.2658571428571428,0.3247619047619047,0.5249047619047619,0.2537619047619047,0.634047619047619,0.4436190476190476,0.5340952380952381,0.3649047619047618,0.1519523809523809,0.1042857142857142,0.1123809523809523,0.1721428571428571,0.4552380952380953,0.1149404761904762,0.4346190476190476,878.5238095238095,170.61904761904762
en,2025-07-12,30.0,28.0,0.3089333333333333,0.1995333333333333,0.2788333333333333,0.1791666666666666,0.1166333333333333,0.3085333333333333,0.2727,0.7056,0.6634333333333335,0.1895999999999999,0.4821666666666667,0.1262333333333333,0.1442333333333333,0.2946999999999999,0.0644,0.3907666666666666,0.2551333333333333,0.2687666666666666,0.3439333333333333,0.3818666666666667,0.5233,0.3368,0.5254,0.3065333333333333,0.1550666666666666,0.0737,0.1591,0.1453666666666666,0.4150666666666666,0.0290333333333333,0.3004333333333333,505.06666666666666,101.76666666666668
en,2025-07-13,31.0,24.0,0.3489032258064516,0.2041935483870967,0.2710322580645161,0.1848387096774193,0.1093548387096774,0.2579032258064516,0.2297741935483871,0.6823225806451615,0.7267419354838712,0.1963225806451612,0.4851935483870968,0.1421935483870967,0.2683548387096774,0.2313225806451612,0.053258064516129,0.3555806451612902,0.2349677419354838,0.269741935483871,0.3786774193548386,0.2639032258064516,0.5312903225806451,0.3982258064516129,0.4240967741935484,0.2978064516129032,0.1226774193548387,0.0702258064516128,0.090516129032258,0.1145806451612903,0.3894193548387096,0.0686129032258064,0.3395376344086022,615.3870967741935,124.3225806451613
en,2025-07-14,22.0,20.0,0.2822272727272727,0.1434545454545454,0.2460454545454545,0.1063636363636363,0.1031818181818181,0.3079545454545455,0.2492727272727272,0.6372272727272728,0.6495,0.1604090909090909,0.4646818181818182,0.1027272727272727,0.1266363636363636,0.1863181818181818,0.0496818181818181,0.3207272727272727,0.2094090909090909,0.2353636363636364,0.4481818181818182,0.2992272727272727,0.5085909090909091,0.3831363636363635,0.4109090909090909,0.2756363636363636,0.1669090909090909,0.0938636363636363,0.0947272727272727,0.1125,0.3602272727272727,-0.0110454545454545,0.2894090909090909,401.09090909090907,80.95454545454545
en,2025-07-15,28.0,21.0,0.4229642857142857,0.31825,0.3042857142857143,0.2284642857142857,0.1434642857142857,0.3891071428571429,0.3201785714285714,0.6790357142857143,0.7126785714285714,0.2609642857142857,0.5726785714285713,0.1333928571428571,0.2526785714285715,0.3286071428571428,0.0482857142857142,0.4067857142857142,0.2869642857142856,0.3303571428571429,0.5066428571428572,0.2862857142857143,0.7130357142857144,0.4800357142857142,0.4571785714285714,0.3560357142857144,0.1576071428571428,0.0956071428571428,0.1265357142857142,0.1475357142857143,0.4546785714285714,0.0522053571428571,0.3365119047619048,756.9642857142857,151.35714285714286
en,2025-07-16,24.0,20.0,0.315,0.205125,0.2350416666666666,0.1771666666666667,0.1342916666666666,0.278625,0.2317916666666666,0.6895833333333333,0.6152916666666667,0.1734583333333333,0.411375,0.1402083333333333,0.1889583333333333,0.2286666666666666,0.02625,0.3619166666666666,0.221,0.2965416666666667,0.3345416666666667,0.2859583333333333,0.6429166666666666,0.4422916666666667,0.3545833333333333,0.256625,0.155,0.06725,0.1374999999999999,0.0983333333333333,0.394875,0.026625,0.2541527777777778,520.2916666666666,103.0
en,2025-07-17,30.0,26.0,0.3533666666666666,0.2134,0.2851666666666667,0.1641999999999999,0.0929,0.2846333333333333,0.2399333333333333,0.7198,0.7025333333333335,0.2259666666666666,0.5468,0.1844999999999999,0.1926,0.2363333333333333,0.0561666666666666,0.3833999999999999,0.2278666666666667,0.2587333333333333,0.4687666666666666,0.2768333333333333,0.5557666666666666,0.3577333333333333,0.5127333333333334,0.3266333333333334,0.1297666666666666,0.0597666666666666,0.0933666666666666,0.1301666666666666,0.4291999999999999,0.0652666666666666,0.3541222222222222,651.2,132.3
en,2025-07-18,32.0,25.0,0.3746875,0.17096875,0.2060624999999999,0.150625,0.10790625,0.3056875,0.22890625,0.72315625,0.71353125,0.1885625,0.657,0.11053125,0.1321875,0.22009375,0.0250937499999999,0.37025,0.20209375,0.28325,0.39115625,0.2899375,0.5800000000000001,0.3745625,0.5076562499999999,0.37534375,0.1436875,0.07165625,0.05228125,0.0945,0.3864375,0.0187890625,0.3235208333333333,458.65625,89.1875
en,2025-07-19,18.0,15.0,,,,,,,,,,,,,,,,,,,,,,,,,,,,,,,,,
en,2025-07-20,20.0,16.0,0.4843,0.3761,0.3816499999999999,0.2413999999999999,0.1795499999999999,0.4450999999999999,0.3813,0.7537,0.7532,0.33835,0.59485,0.2521,0.2754,0.36035,0.0931499999999999,0.46255,0.34155,0.3908,0.5515000000000001,0.3135,0.7040000000000001,0.4857,0.5429999999999999,0.329,0.24735,0.2086499999999999,0.1624999999999999,0.2082499999999999,0.5073,0.0585375,0.3601666666666667,1038.3,200.75
en,2025-07-21,39.0,30.0,0.3228717948717949,0.221051282051282,0.2487948717948717,0.1855128205128205,0.1106153846153846,0.3135641025641025,0.2384615384615384,0.6647435897435898,0.6896410256410257,0.209025641025641,0.5928974358974357,0.132102564102564,0.1338974358974359,0.2686923076923077,0.0322820512820512,0.3566153846153846,0.1994615384615385,0.3227948717948719,0.3156666666666667,0.3019230769230769,0.5559230769230767,0.3255128205128205,0.4464615384615385,0.3255641025641025,0.1586666666666666,0.072076923076923,0.1456153846153846,0.1177692307692307,0.4118974358974359,0.0324679487179487,0.3098205128205128,501.2307692307692,100.28205128205128
en,2025-07-22,22.0,19.0,0.3265454545454545,0.1560454545454545,0.2311363636363635,0.1515454545454545,0.1614545454545454,0.2417272727272728,0.2570909090909091,0.6452272727272729,0.6636818181818183,0.1854090909090909,0.3099090909090909,0.1163636363636363,0.2264545454545455,0.1942272727272727,0.056090909090909,0.3141818181818182,0.2110909090909091,0.2102272727272726,0.3704090909090908,0.2910454545454545,0.5289090909090909,0.4565000000000001,0.4566818181818183,0.3149545454545455,0.1656818181818181,0.1403181818181818,0.115,0.1289090909090909,0.3720454545454545,0.0147272727272727,0.2456666666666667,596.9090909090909,116.36363636363636
en,2025-07-23,21.0,19.0,0.3465238095238095,0.224047619047619,0.3130952380952381,0.2405238095238095,0.1558095238095238,0.3436666666666667,0.3196190476190476,0.699952380952381,0.6666666666666666,0.2623333333333333,0.5614761904761905,0.1764285714285714,0.2017619047619047,0.2881428571428572,0.0627619047619047,0.3683333333333333,0.2489047619047619,0.2962857142857142,0.5024761904761905,0.2884285714285714,0.6180476190476191,0.4116666666666666,0.511142857142857,0.329952380952381,0.1694285714285714,0.1493333333333333,0.1693333333333333,0.177,0.4605238095238095,0.0313095238095238,0.2862857142857143,661.047619047619,132.38095238095238
en,2025-07-24,21.0,17.0,0.4193333333333333,0.2701428571428571,0.2776190476190476,0.2207142857142857,0.1361904761904762,0.3384285714285714,0.2573809523809523,0.7437142857142858,0.7901904761904761,0.2457619047619048,0.5118095238095238,0.1111904761904761,0.3354761904761904,0.3148095238095238,0.0844285714285714,0.3703809523809523,0.2871904761904761,0.2785714285714286,0.4912380952380952,0.2843333333333333,0.5881904761904762,0.4136190476190476,0.5392380952380952,0.3717619047619048,0.1543809523809523,0.1233809523809523,0.1376666666666666,0.1571904761904762,0.4481428571428571,0.0596428571428571,0.3595238095238096,516.4285714285714,103.28571428571428
en,2025-07-25,19.0,16.0,,,,,,,,,,,,,,,,,,,,,,,,,,,,,,,,,
en,2025-07-26,20.0,16.0,0.38785,0.1792499999999999,0.2165999999999999,0.13635,0.1206,0.29185,0.2496,0.64635,0.7323999999999999,0.2041499999999999,0.3295,0.0790999999999999,0.17425,0.2241,0.0794,0.3196,0.27965,0.2496999999999999,0.4488,0.2824,0.5203000000000001,0.3852,0.39425,0.2945,0.1258999999999999,0.09655,0.0713,0.12655,0.4069,0.0237875,0.3250166666666666,595.6,117.95
en,2025-07-27,32.0,25.0,0.347625,0.20678125,0.29259375,0.1805,0.1513125,0.3566875,0.26703125,0.7282187499999999,0.6728437500000001,0.2019375,0.5385312499999999,0.12409375,0.1760625,0.2563125,0.0580625,0.3912812499999999,0.31059375,0.2574062499999999,0.5061875,0.2835,0.60859375,0.467125,0.5529062499999999,0.3210625,0.15665625,0.112,0.14709375,0.1372499999999999,0.458625,0.002875,0.286375,514.75,103.90625
en,2025-07-28,29.0,25.0,0.3344137931034482,0.1794137931034483,0.2402413793103448,0.158448275862069,0.1358965517241379,0.2763448275862069,0.2176551724137931,0.6784137931034483,0.6745172413793105,0.1772068965517242,0.5124827586206897,0.1043448275862069,0.2136896551724138,0.201551724137931,0.0783448275862069,0.3418275862068965,0.2450344827586207,0.2704137931034482,0.4205172413793103,0.3366551724137931,0.4921379310344827,0.3387241379310345,0.4339655172413793,0.2744827586206896,0.1143793103448275,0.0526206896551724,0.0896896551724138,0.0965172413793103,0.3932413793103448,0.0220086206896551,0.2804942528735632,448.44827586206895,91.41379310344828
en,2025-07-29,24.0,22.0,0.412625,0.2429166666666666,0.3209583333333333,0.1905416666666667,0.0931666666666666,0.298875,0.2390416666666666,0.74675,0.7629583333333333,0.1954583333333333,0.5020833333333333,0.1185416666666666,0.1477083333333333,0.2089166666666666,0.0685833333333333,0.3529166666666666,0.2565833333333333,0.3204166666666667,0.4311666666666667,0.2600833333333333,0.5785,0.4355416666666667,0.5250416666666666,0.3167083333333333,0.116375,0.0466666666666666,0.0390416666666666,0.1289166666666666,0.4060833333333333,0.0957395833333333,0.4056805555555555,475.9166666666667,94.91666666666669
en,2025-07-30,18.0,17.0,,,,,,,,,,,,,,,,,,,,,,,,,,,,,,,,,
en,2025-07-31,32.0,26.0,0.2870322580645161,0.1780967741935483,0.3240322580645161,0.1510967741935483,0.1170322580645161,0.2944516129032258,0.2258064516129032,0.6701290322580645,0.6498387096774193,0.1807419354838709,0.5501935483870967,0.073,0.1858387096774193,0.215516129032258,0.0611612903225806,0.3445806451612903,0.239741935483871,0.2239354838709677,0.4003870967741936,0.3947096774193548,0.527225806451613,0.398258064516129,0.466258064516129,0.2687096774193549,0.119516129032258,0.1245483870967741,0.1183225806451612,0.1084516129032258,0.3968064516129032,0.0293225806451613,0.3032688172043011,308.6875,62.125
en,2025-08-01,20.0,17.0,0.46235,0.19105,0.38715,0.22265,0.0592,0.2873,0.2224,0.7013,0.7444999999999998,0.1927499999999999,0.5699999999999998,0.09175,0.1301,0.2481,0.0234,0.35255,0.2446499999999999,0.2586999999999999,0.4383500000000001,0.2484,0.62355,0.41585,0.4856,0.3351,0.0917,0.06825,0.09375,0.1255,0.4092,0.14255,0.4721333333333333,537.4,107.75
en,2025-08-02,23.0,21.0,0.3683478260869565,0.1797826086956521,0.2149999999999999,0.1332608695652174,0.1552173913043478,0.3200869565217391,0.2650434782608695,0.677,0.6699999999999998,0.1731739130434782,0.5203913043478261,0.0721739130434782,0.2198695652173912,0.2086086956521739,0.0202173913043478,0.3608695652173913,0.2220869565217391,0.2362608695652173,0.4911739130434783,0.333695652173913,0.5820000000000001,0.3965652173913043,0.5289130434782608,0.2786086956521739,0.1052608695652173,0.1215217391304347,0.1163913043478261,0.1453913043478261,0.408695652173913,-0.0135543478260869,0.2625652173913043,511.39130434782606,103.30434782608695
en,2025-08-03,30.0,26.0,0.4078666666666666,0.1972666666666667,0.2761666666666666,0.1646,0.0970333333333333,0.3078,0.2402333333333333,0.6887333333333333,0.7396999999999999,0.2518999999999999,0.4915666666666667,0.0983333333333333,0.1579,0.2722999999999999,0.0339666666666666,0.3789666666666667,0.2699999999999999,0.2555666666666666,0.3953333333333333,0.2403999999999999,0.5492333333333334,0.3855333333333332,0.4858666666666667,0.3165666666666666,0.1194333333333333,0.1055333333333333,0.1218333333333333,0.1396333333333333,0.4390666666666666,0.0590583333333333,0.3775444444444444,448.53333333333336,88.86666666666666
en,2025-08-04,29.0,25.0,0.3736206896551724,0.2208965517241379,0.2747586206896552,0.1915862068965517,0.143103448275862,0.3009655172413793,0.2186551724137931,0.6954137931034483,0.7531034482758618,0.2112068965517241,0.5145517241379312,0.1311379310344827,0.2125172413793103,0.2245862068965517,0.0432758620689655,0.3467241379310344,0.2332758620689655,0.2378275862068966,0.4319655172413792,0.261448275862069,0.5212758620689656,0.3733793103448276,0.4066551724137931,0.2948965517241379,0.1161379310344827,0.074551724137931,0.0687931034482758,0.121,0.4101034482758621,0.0431810344827586,0.3240574712643678,531.8275862068965,106.86206896551724
en,2025-08-05,30.0,20.0,0.2966333333333333,0.1706666666666666,0.2163999999999999,0.1919999999999999,0.0648,0.2331,0.2204333333333333,0.6645000000000001,0.6875666666666668,0.1470666666666666,0.347,0.0849333333333333,0.1548999999999999,0.2133333333333333,0.0178666666666666,0.3393,0.2426666666666666,0.2659,0.2948333333333333,0.2280666666666666,0.4686333333333333,0.2942666666666667,0.5313666666666668,0.2263,0.1186333333333333,0.1241333333333333,0.0521,0.1145,0.3915,0.069975,0.3354000000000001,425.4,84.13333333333334
en,2025-08-06,28.0,20.0,0.3560357142857144,0.1743928571428571,0.2595357142857143,0.1829285714285714,0.0768214285714285,0.2445357142857143,0.202,0.6502142857142859,0.7412142857142857,0.2134642857142857,0.4147499999999999,0.0943571428571428,0.1028928571428571,0.2568214285714286,0.0378571428571428,0.3166071428571428,0.2053571428571428,0.2319642857142857,0.3246785714285714,0.2575714285714285,0.4759285714285713,0.3676785714285713,0.4255714285714286,0.2370714285714285,0.1748571428571428,0.1007499999999999,0.0779642857142857,0.1060357142857142,0.3735,0.0825446428571428,0.3754404761904762,544.6071428571429,110.42857142857144
en,2025-08-07,33.0,24.0,0.25615625,0.11846875,0.2103437499999999,0.16103125,0.136,0.225625,0.1833749999999999,0.6994375,0.6531875,0.11334375,0.4234687499999999,0.08515625,0.15675,0.1574374999999999,0.034625,0.2764375,0.21590625,0.166125,0.4024375,0.297,0.46675,0.29321875,0.509,0.30046875,0.15465625,0.08775,0.0775937499999999,0.080375,0.35340625,0.0056875,0.2372291666666666,270.2121212121212,54.21212121212121
en,2025-08-08,20.0,16.0,0.38215,0.2623499999999999,0.369,0.2182,0.1731,0.3982499999999999,0.35225,0.71325,0.72185,0.2809,0.5585,0.1942499999999999,0.2324,0.3692,0.0818,0.37855,0.3077999999999999,0.37115,0.5236000000000001,0.4045499999999999,0.5951000000000001,0.4694,0.53445,0.4115999999999999,0.23915,0.3132,0.1096,0.18415,0.4641499999999999,0.02225,0.3179,622.15,126.15
en,2025-08-09,24.0,20.0,0.4233333333333333,0.2573333333333333,0.2474583333333333,0.2166249999999999,0.0837916666666666,0.272125,0.2395833333333333,0.6978333333333332,0.7680000000000001,0.1881666666666666,0.5411666666666667,0.0892916666666666,0.216,0.2175,0.0252083333333333,0.330375,0.2227083333333333,0.2882083333333333,0.413125,0.212375,0.578,0.3820416666666666,0.4406666666666667,0.3589166666666667,0.1332916666666666,0.0901666666666666,0.0843749999999999,0.1138333333333333,0.3982916666666667,0.1082291666666666,0.3958055555555555,511.7083333333333,100.95833333333331
en,2025-08-10,39.0,32.0,0.3637948717948718,0.1925641025641025,0.2489230769230769,0.1651025641025641,0.1014615384615384,0.318025641025641,0.2661282051282051,0.6925897435897437,0.713025641025641,0.2245128205128205,0.4365128205128205,0.105,0.1273589743589743,0.2207435897435897,0.026,0.4038461538461538,0.2240769230769231,0.2744102564102564,0.4374358974358974,0.3228205128205129,0.5737948717948717,0.3437179487179487,0.4923333333333333,0.3126153846153846,0.135,0.1102307692307692,0.089,0.118051282051282,0.4187179487179487,0.0328525641025641,0.3404529914529913,555.3333333333334,111.25641025641026
en,2025-08-11,22.0,20.0,0.39,0.2129545454545454,0.2617727272727272,0.1544545454545454,0.1242272727272727,0.3015454545454545,0.2410909090909091,0.6357727272727273,0.6608181818181817,0.1595454545454545,0.6511818181818181,0.0868181818181818,0.2108181818181819,0.2074545454545454,0.0237272727272727,0.3712727272727273,0.2339090909090909,0.2743181818181818,0.4478181818181817,0.2925909090909091,0.5811818181818182,0.3270454545454545,0.4155000000000001,0.4285454545454545,0.105,0.0359545454545454,0.0893636363636363,0.1254545454545454,0.4231363636363637,0.0419090909090909,0.3133030303030302,610.6363636363636,122.6818181818182
en,2025-08-12,28.0,27.0,0.3969285714285714,0.2544999999999999,0.2916071428571429,0.2109285714285714,0.1288928571428571,0.3251428571428571,0.3098214285714286,0.7616785714285715,0.7505357142857144,0.2739285714285714,0.5211071428571429,0.1245714285714285,0.2054285714285714,0.2871071428571428,0.051,0.3822142857142857,0.3023214285714286,0.2683214285714285,0.4997142857142856,0.2992499999999999,0.6108214285714285,0.4762142857142857,0.5433571428571428,0.3721071428571428,0.1776071428571428,0.1499285714285714,0.0779642857142857,0.1486428571428571,0.4556785714285715,0.0614732142857142,0.3507976190476191,566.0357142857143,113.64285714285714
en,2025-08-13,34.0,26.0,0.3952647058823529,0.2406470588235293,0.356764705882353,0.2280588235294117,0.0803235294117647,0.3026176470588235,0.2407058823529411,0.7041470588235293,0.6905588235294118,0.1748235294117646,0.4245588235294117,0.1107058823529411,0.1886470588235294,0.2966176470588235,0.0268235294117647,0.4053823529411765,0.2715882352941177,0.2507058823529412,0.4262352941176471,0.2293823529411764,0.6169705882352942,0.4165,0.5384705882352941,0.2852352941176471,0.0941470588235294,0.0551764705882352,0.0829411764705882,0.1456764705882353,0.443735294117647,0.1137132352941176,0.4005392156862745,570.9705882352941,114.1470588235294
en,2025-08-14,38.0,25.0,0.4033513513513513,0.3007027027027027,0.2835675675675675,0.2308918918918918,0.1553513513513514,0.3531621621621622,0.3261621621621621,0.7101621621621621,0.7746216216216216,0.2636486486486487,0.5526486486486485,0.1585945945945946,0.2090810810810811,0.3368378378378378,0.0874324324324324,0.4048648648648649,0.2743783783783784,0.3406216216216217,0.4354864864864866,0.2842972972972973,0.6112432432432431,0.439972972972973,0.5366216216216215,0.4027567567567567,0.1698648648648648,0.1675135135135135,0.1398648648648648,0.1702702702702702,0.4499999999999999,0.0503716216216216,0.3318288288288288,992.0263157894736,189.8947368421053
en,2025-08-15,33.0,28.0,0.3751212121212121,0.2311818181818181,0.2921515151515151,0.2224848484848484,0.1073939393939393,0.351030303030303,0.2769090909090909,0.705030303030303,0.7243030303030304,0.2285151515151515,0.5022121212121212,0.1656969696969697,0.2529696969696969,0.2803939393939394,0.0423939393939393,0.3874545454545455,0.2843333333333333,0.282060606060606,0.4137878787878787,0.2956060606060606,0.5626666666666668,0.4007272727272727,0.548060606060606,0.3035454545454545,0.149090909090909,0.0969090909090909,0.075060606060606,0.1655454545454545,0.4475151515151515,0.0510227272727272,0.3564646464646465,685.1818181818181,135.1818181818182
en,2025-08-16,33.0,27.0,0.3395757575757576,0.2353636363636363,0.3206969696969697,0.2016363636363636,0.1313939393939394,0.3285757575757576,0.2979393939393939,0.6388181818181818,0.6790303030303031,0.2346363636363636,0.5003333333333333,0.1496969696969697,0.1385757575757575,0.2787272727272727,0.0639696969696969,0.3616060606060606,0.2469696969696969,0.2992424242424242,0.3861515151515151,0.3492121212121212,0.5525151515151514,0.4351818181818182,0.4848181818181817,0.3322727272727273,0.1619696969696969,0.1262424242424242,0.1418181818181818,0.1531212121212121,0.4165151515151515,0.0443333333333333,0.315040404040404,651.1818181818181,130.66666666666666
en,2025-08-17,27.0,17.0,0.2997777777777778,0.2601481481481481,0.1885555555555555,0.1681111111111111,0.1313703703703704,0.2611111111111111,0.2316666666666666,0.621037037037037,0.6593703703703704,0.1812222222222222,0.4915185185185184,0.0956296296296296,0.1635925925925925,0.2428888888888889,0.0515555555555555,0.3397037037037037,0.2503333333333333,0.2301481481481481,0.4028518518518518,0.298,0.4886666666666667,0.3882592592592592,0.4227037037037036,0.3007407407407407,0.1246296296296296,0.0442962962962962,0.146074074074074,0.0943703703703703,0.3673333333333333,0.0329074074074074,0.2511975308641975,505.6666666666667,101.29629629629628
en,2025-08-18,26.0,26.0,0.3691153846153847,0.2882692307692308,0.3274230769230769,0.2163076923076922,0.112,0.3324615384615385,0.2768076923076923,0.6981923076923077,0.7147692307692306,0.227576923076923,0.6136923076923076,0.1826538461538461,0.1808076923076923,0.3352307692307693,0.0651923076923076,0.4005384615384615,0.2918846153846153,0.2860769230769231,0.6046538461538462,0.2616538461538461,0.6689615384615384,0.4815769230769231,0.4326153846153847,0.4061538461538461,0.1482307692307692,0.1073461538461538,0.1751923076923076,0.1334615384615384,0.4523461538461538,0.0780480769230769,0.3584358974358975,611.7692307692307,123.26923076923076
en,2025-08-19,42.0,29.0,0.3273809523809524,0.1816190476190476,0.2051428571428571,0.169047619047619,0.1091428571428571,0.2591428571428572,0.2418571428571428,0.6005476190476191,0.7333571428571429,0.1989523809523809,0.4951666666666666,0.0962142857142857,0.1392142857142856,0.2265238095238095,0.030595238095238,0.3557619047619047,0.2709761904761904,0.2275952380952381,0.4025714285714286,0.2653571428571428,0.4871190476190476,0.3393095238095238,0.4148809523809524,0.3165238095238095,0.1341904761904762,0.0688333333333333,0.0898809523809523,0.1164761904761904,0.3945238095238095,0.0366547619047619,0.3128174603174602,464.4761904761905,92.52380952380952
en,2025-08-20,21.0,20.0,0.3095238095238095,0.251952380952381,0.2443333333333333,0.1840952380952381,0.1518571428571428,0.3084285714285714,0.2564761904761904,0.7134285714285714,0.6756190476190477,0.203047619047619,0.5990476190476189,0.1096666666666666,0.1734285714285714,0.2545238095238095,0.0452857142857142,0.3775238095238095,0.2607142857142857,0.3403333333333333,0.4007142857142857,0.351,0.5879047619047619,0.3864761904761905,0.5007142857142857,0.312,0.1405714285714286,0.1574285714285714,0.1465714285714285,0.1283809523809524,0.4232857142857142,0.0173333333333333,0.2579682539682539,501.0,98.38095238095238
en,2025-08-21,26.0,21.0,0.4099230769230769,0.2902307692307692,0.2718461538461538,0.1908846153846154,0.076576923076923,0.3213846153846154,0.2307307692307692,0.7686538461538461,0.7543076923076922,0.2234615384615385,0.5389615384615385,0.1115,0.231,0.2653076923076923,0.0543076923076923,0.3533461538461538,0.2649230769230769,0.2294615384615384,0.3661538461538461,0.2554615384615385,0.5726153846153846,0.42,0.5835384615384617,0.3278846153846154,0.1136538461538461,0.0607692307692307,0.0712692307692307,0.1475384615384615,0.4354230769230769,0.0917403846153846,0.4021153846153846,594.5,121.07692307692308
en,2025-08-22,34.0,28.0,0.3203529411764705,0.2232058823529411,0.267735294117647,0.1645588235294117,0.1386764705882353,0.3367352941176471,0.329235294117647,0.6690588235294117,0.6800882352941177,0.1785294117647058,0.5704411764705882,0.1409117647058823,0.2163823529411764,0.2573823529411764,0.0686764705882352,0.3963529411764706,0.2548823529411765,0.3153529411764705,0.4235882352941176,0.3632941176470587,0.6269705882352941,0.4039411764705882,0.4671176470588235,0.3954411764705882,0.1831764705882352,0.0931470588235294,0.1669411764705882,0.1431176470588235,0.4441176470588235,0.0062573529411764,0.2840490196078432,682.9117647058823,137.2058823529412
en,2025-08-23,33.0,28.0,0.3662727272727272,0.229090909090909,0.2367272727272727,0.1893030303030303,0.1322424242424242,0.2939090909090909,0.2698181818181818,0.7187878787878788,0.7553333333333334,0.2462424242424242,0.4845757575757576,0.1407272727272727,0.2356363636363636,0.2591212121212122,0.0625151515151515,0.3582727272727273,0.2626363636363635,0.2871212121212121,0.4316060606060605,0.296060606060606,0.5700606060606059,0.4483030303030303,0.4981515151515152,0.2968181818181818,0.1648484848484848,0.0912727272727272,0.0652727272727272,0.1215757575757575,0.4196969696969697,0.0422727272727272,0.3205353535353535,548.6060606060606,109.12121212121212
en,2025-08-24,32.0,30.0,0.3158125,0.1913437499999999,0.259,0.1465624999999999,0.09521875,0.2488749999999999,0.20815625,0.63015625,0.7224062499999999,0.16196875,0.4340625,0.08159375,0.1508749999999999,0.1778124999999999,0.052625,0.3150625,0.20915625,0.1606875,0.3969375,0.243875,0.50659375,0.3465625,0.437,0.28925,0.10728125,0.04234375,0.0591875,0.109625,0.3550625,0.0561328124999999,0.3371875,430.25,84.0625
en,2025-08-25,48.0,37.0,0.3587499999999999,0.2561666666666666,0.2945833333333333,0.2028124999999999,0.1531249999999999,0.3625208333333334,0.310125,0.6920833333333335,0.7219375,0.24875,0.6173125,0.1654999999999999,0.1450416666666666,0.28375,0.0588958333333333,0.3572083333333333,0.2595,0.3067916666666667,0.4121041666666666,0.3759791666666667,0.5891041666666667,0.3980208333333332,0.4567916666666667,0.3477708333333333,0.1660833333333333,0.1268125,0.1004999999999999,0.1296041666666666,0.4136041666666666,0.0202552083333333,0.3052986111111111,595.4375,113.9375
en,2025-08-26,28.0,21.0,0.3661428571428571,0.2425357142857142,0.2281785714285714,0.1901071428571428,0.1519285714285714,0.3134999999999999,0.2779999999999999,0.6773214285714285,0.6792142857142859,0.2220714285714285,0.4661071428571427,0.1191428571428571,0.1640357142857142,0.2582142857142857,0.0664642857142857,0.3867857142857142,0.2491428571428571,0.2817142857142857,0.45325,0.3458928571428572,0.5926428571428571,0.4510714285714287,0.4572142857142857,0.3635714285714285,0.1346785714285714,0.0821428571428571,0.1991428571428572,0.1540357142857142,0.4446785714285714,0.0240267857142857,0.2725833333333333,627.3214285714286,125.82142857142856
en,2025-08-27,27.0,25.0,0.351037037037037,0.1842592592592592,0.2954074074074074,0.1537407407407407,0.1222962962962962,0.2752962962962963,0.2398518518518518,0.6644074074074072,0.6955185185185184,0.2194444444444444,0.5793333333333334,0.0858888888888888,0.1914814814814814,0.1832592592592592,0.026,0.3470740740740741,0.2515185185185185,0.1871851851851852,0.4540740740740741,0.3043703703703703,0.5023333333333334,0.3425555555555555,0.4225925925925925,0.3262962962962963,0.1117407407407407,0.0614074074074074,0.0412592592592592,0.1074814814814814,0.3887407407407406,0.0473148148148148,0.3250246913580247,450.962962962963,90.25925925925924
en,2025-08-28,25.0,20.0,0.4073999999999999,0.28124,0.3181199999999999,0.21884,0.1187199999999999,0.3127999999999999,0.26532,0.70556,0.7201199999999999,0.22032,0.5314800000000001,0.12284,0.18516,0.2824,0.03832,0.3426399999999999,0.2518399999999999,0.30056,0.4258399999999999,0.27724,0.6268,0.38212,0.49068,0.31728,0.12636,0.07672,0.0871999999999999,0.12224,0.42852,0.09064,0.36316,627.04,126.32
en,2025-08-29,30.0,25.0,0.3762999999999999,0.2548999999999999,0.2930333333333333,0.2248,0.0645333333333333,0.2561333333333333,0.2230999999999999,0.6988,0.7566333333333334,0.1873666666666666,0.4952,0.1036666666666666,0.3496333333333333,0.2387333333333333,0.0917666666666666,0.3648,0.2560999999999999,0.2645666666666666,0.3904999999999999,0.1989666666666667,0.5474,0.3056666666666666,0.4404333333333333,0.3152666666666667,0.1216666666666666,0.0442666666666666,0.0815999999999999,0.1373666666666667,0.4262333333333333,0.126925,0.4107888888888888,604.1666666666666,120.5
en,2025-08-30,32.0,27.0,0.44603125,0.2368125,0.27009375,0.20975,0.09528125,0.2921874999999999,0.25428125,0.707625,0.7722499999999999,0.2304375,0.51059375,0.09115625,0.29990625,0.258,0.03359375,0.381125,0.29975,0.279375,0.49334375,0.242,0.56478125,0.3817812499999999,0.46965625,0.346875,0.14953125,0.04634375,0.0785,0.13728125,0.4520625,0.0969375,0.4008437499999999,442.96875,89.65625
en,2025-08-31,26.0,21.0,0.351076923076923,0.2299230769230768,0.2643076923076923,0.1830384615384615,0.1401538461538461,0.2777692307692307,0.2764230769230769,0.6508076923076923,0.7222307692307692,0.2083076923076923,0.5532307692307693,0.1713846153846154,0.1822692307692308,0.2242307692307692,0.0463846153846153,0.3146538461538461,0.2324230769230769,0.2043076923076923,0.4477307692307693,0.3237692307692308,0.5371153846153847,0.3808076923076923,0.4587692307692306,0.3429615384615384,0.1275769230769231,0.1361538461538461,0.0812692307692307,0.1445384615384615,0.4003461538461538,0.048125,0.3057179487179487,567.2307692307693,113.03846153846152
en,2025-09-01,42.0,29.0,0.3403809523809523,0.2142619047619047,0.2715,0.2040238095238095,0.1284285714285714,0.2805952380952381,0.2434761904761904,0.6739761904761905,0.7305714285714285,0.2120952380952381,0.4764523809523809,0.1160238095238095,0.2735238095238095,0.3015952380952381,0.0492619047619047,0.3565952380952381,0.2580238095238095,0.2597380952380952,0.4027619047619049,0.2484047619047619,0.5240238095238097,0.3827380952380952,0.4383333333333333,0.3277142857142857,0.1388571428571428,0.0872380952380952,0.1545238095238095,0.1397619047619047,0.4284285714285714,0.0530297619047619,0.3190555555555555,571.1428571428571,111.47619047619048
en,2025-09-02,33.0,31.0,0.423151515151515,0.2405454545454545,0.3857575757575757,0.2447575757575757,0.1001515151515151,0.3499393939393939,0.2756363636363636,0.7128181818181818,0.7671818181818181,0.2245454545454545,0.548121212121212,0.0903333333333333,0.198030303030303,0.3072727272727273,0.0469090909090909,0.3779393939393939,0.279030303030303,0.2971818181818182,0.4842424242424242,0.2414242424242424,0.6041212121212122,0.3819090909090909,0.4775454545454544,0.3594242424242423,0.1381212121212121,0.1535151515151515,0.1262121212121212,0.1608181818181818,0.4575757575757576,0.0985075757575757,0.4252121212121212,660.6969696969697,130.15151515151516
en,2025-09-03,31.0,30.0,0.281,0.1580322580645161,0.3024516129032258,0.1432258064516129,0.1553225806451612,0.2934838709677419,0.2750645161290322,0.6306774193548388,0.6094516129032258,0.1633870967741935,0.5329032258064516,0.1444516129032257,0.186741935483871,0.2641612903225805,0.0616451612903225,0.3614516129032257,0.2341612903225806,0.2552903225806451,0.407516129032258,0.4041290322580644,0.5293225806451612,0.3632903225806452,0.3655483870967742,0.3493548387096774,0.1497096774193548,0.0966774193548387,0.1001290322580645,0.1119032258064516,0.407516129032258,-0.0032258064516129,0.2423118279569892,670.258064516129,131.83870967741936
en,2025-09-04,31.0,28.0,0.3379000000000001,0.2352333333333333,0.2549333333333333,0.2013666666666666,0.1188333333333333,0.3077666666666666,0.2537666666666666,0.6936333333333332,0.6189333333333332,0.1987,0.4933666666666667,0.0992,0.2876333333333333,0.2615,0.0601666666666666,0.3570999999999999,0.2947666666666667,0.2590666666666666,0.4657,0.2842333333333334,0.6355666666666667,0.4222,0.5257666666666666,0.3090333333333334,0.1268999999999999,0.0487999999999999,0.0897333333333333,0.1378,0.4188,0.0440583333333333,0.2850888888888889,464.9032258064516,91.90322580645162
en,2025-09-05,32.0,25.0,0.32940625,0.25965625,0.2936249999999999,0.19778125,0.11684375,0.3233125,0.2934375,0.6955625,0.6726875000000001,0.21053125,0.48021875,0.1293125,0.09365625,0.27915625,0.0280625,0.37059375,0.22165625,0.309,0.32884375,0.25234375,0.61509375,0.4281874999999999,0.4855312499999999,0.265,0.1480625,0.07465625,0.11596875,0.12746875,0.427875,0.0500390624999999,0.3150625,733.125,144.34375
en,2025-09-06,44.0,35.0,0.4221136363636364,0.2149545454545453,0.2704999999999999,0.246340909090909,0.1045,0.3026363636363636,0.2565227272727272,0.6874772727272727,0.7365454545454544,0.2055454545454545,0.4710909090909091,0.1243636363636363,0.269,0.2882272727272727,0.0577272727272727,0.3547954545454546,0.2942272727272728,0.2942954545454545,0.4420681818181818,0.2541136363636364,0.5672727272727273,0.3473636363636364,0.4587045454545455,0.3528863636363636,0.1324318181818181,0.1356136363636363,0.147840909090909,0.1448863636363636,0.4556590909090909,0.0849090909090909,0.3718863636363637,527.0,103.47727272727272
en,2025-09-07,48.0,39.0,0.3237659574468084,0.2594255319148936,0.305,0.1931276595744681,0.1302978723404255,0.3482978723404255,0.2849361702127659,0.6986382978723404,0.7102765957446807,0.2185531914893617,0.6058085106382979,0.1634042553191489,0.1752553191489361,0.2650851063829787,0.0507234042553191,0.3716170212765958,0.2382127659574468,0.3087659574468085,0.3600425531914893,0.3432340425531914,0.5887446808510638,0.3464680851063829,0.4975744680851063,0.3437234042553191,0.1776808510638297,0.1381489361702127,0.0629148936170212,0.1514680851063829,0.4182340425531916,0.031031914893617,0.3160496453900709,442.9166666666667,87.625
en,2025-09-08,34.0,26.0,0.3940588235294117,0.2758823529411764,0.3230882352941176,0.2008235294117647,0.1534117647058824,0.3995882352941176,0.3222941176470588,0.7185,0.7246176470588236,0.2468529411764706,0.5544117647058824,0.1500882352941176,0.2046470588235294,0.3204705882352941,0.0697941176470588,0.4274411764705882,0.2761176470588235,0.2848529411764706,0.5094117647058823,0.2897941176470588,0.6318235294117649,0.4606764705882353,0.5345588235294118,0.3453529411764706,0.1780294117647059,0.1097941176470588,0.1355882352941176,0.1850882352941176,0.4685588235294117,0.0219632352941176,0.3271764705882353,678.2352941176471,136.08823529411765
en,2025-09-09,33.0,27.0,0.4036969696969698,0.2123636363636363,0.3116060606060606,0.1785151515151515,0.1223333333333333,0.3126969696969697,0.2679090909090909,0.7117878787878789,0.7437272727272727,0.2137878787878788,0.5056060606060606,0.1553636363636363,0.2372727272727272,0.2276060606060606,0.0302727272727272,0.4105151515151515,0.2765454545454545,0.3128484848484849,0.4594242424242424,0.306030303030303,0.5667272727272727,0.3874848484848485,0.4666666666666667,0.3292121212121212,0.1247878787878787,0.0823939393939394,0.0726969696969697,0.1438181818181818,0.4351818181818182,0.059030303030303,0.364010101010101,550.0,110.9090909090909
en,2025-09-10,34.0,31.0,0.278969696969697,0.2003939393939393,0.2526363636363636,0.2155757575757575,0.1165151515151515,0.2688484848484848,0.2143939393939394,0.6863636363636364,0.7274545454545455,0.2171212121212121,0.5172727272727272,0.1371212121212121,0.2761515151515151,0.2518484848484847,0.0346363636363636,0.3287575757575757,0.2302121212121212,0.2850303030303029,0.3587272727272727,0.2735757575757576,0.534030303030303,0.3466060606060606,0.434,0.3121818181818181,0.1161818181818181,0.0532424242424242,0.0979090909090909,0.1078484848484848,0.4001515151515151,0.0442121212121211,0.3031717171717171,395.3529411764706,79.55882352941177
en,2025-09-11,43.0,32.0,0.3042093023255814,0.2003488372093023,0.3011860465116279,0.175046511627907,0.1411860465116279,0.3078837209302325,0.2393953488372092,0.6991860465116277,0.6966046511627906,0.2338139534883721,0.5672790697674418,0.1291627906976744,0.2510232558139534,0.2547906976744186,0.038813953488372,0.3662093023255814,0.2877441860465116,0.2604883720930232,0.5084883720930232,0.3434418604651163,0.5238604651162792,0.3788837209302326,0.4849069767441861,0.3430232558139534,0.1308372093023255,0.0857906976744186,0.0820232558139534,0.1459767441860465,0.4372558139534883,0.0206627906976744,0.2928139534883721,498.8372093023256,101.67441860465117
en,2025-09-12,31.0,24.0,0.3263548387096774,0.2249677419354839,0.218774193548387,0.1653548387096774,0.1631290322580645,0.3259354838709677,0.2608387096774193,0.6479677419354839,0.6569677419354839,0.1964838709677419,0.4950645161290322,0.1574838709677419,0.1622258064516129,0.2773225806451613,0.1060322580645161,0.3670645161290322,0.2712903225806451,0.2999032258064515,0.3943548387096774,0.3778709677419354,0.5663870967741935,0.4423548387096774,0.4497419354838708,0.3267419354838709,0.1610967741935483,0.092,0.138774193548387,0.1383548387096773,0.4275806451612903,-0.0106693548387096,0.2375698924731182,439.1935483870968,85.16129032258064
en,2025-09-13,20.0,19.0,0.3956,0.32375,0.2588,0.2382,0.14865,0.32185,0.29,0.67635,0.7059000000000001,0.2563499999999999,0.5465500000000001,0.14855,0.1312999999999999,0.27345,0.0387,0.4103,0.2330999999999999,0.3045,0.4523999999999999,0.29405,0.6502000000000001,0.3745,0.41355,0.3169999999999999,0.15775,0.1379499999999999,0.1170499999999999,0.1156999999999999,0.4246,0.0688375,0.3047833333333334,493.95,98.6
en,2025-09-14,26.0,23.0,0.4621538461538461,0.3183846153846153,0.3204230769230769,0.2371538461538461,0.0706538461538461,0.2865384615384615,0.2893846153846154,0.6963461538461538,0.7416153846153846,0.2527692307692307,0.6312307692307694,0.1406923076923077,0.2521153846153846,0.2276153846153845,0.0271923076923076,0.4213076923076923,0.2968461538461538,0.3168461538461539,0.4426153846153846,0.233576923076923,0.5983461538461539,0.3596923076923077,0.4566153846153845,0.3186923076923076,0.1086923076923077,0.0433461538461538,0.1576153846153846,0.1478461538461538,0.4495384615384615,0.1559326923076923,0.4374102564102564,534.8461538461538,104.73076923076924
en,2025-09-15,31.0,24.0,0.3759032258064516,0.2286129032258064,0.3257741935483871,0.1706774193548386,0.1410967741935483,0.3726774193548387,0.2930645161290323,0.7271935483870967,0.7438387096774195,0.2371290322580645,0.6512903225806451,0.1094838709677419,0.151,0.2985483870967743,0.0607419354838709,0.4122903225806452,0.2765161290322581,0.2899677419354839,0.4323870967741935,0.3124516129032259,0.6055161290322579,0.4234516129032258,0.4933225806451612,0.3570645161290322,0.1273870967741935,0.1008064516129032,0.0467096774193548,0.158,0.4403225806451612,0.0183548387096774,0.340741935483871,544.9677419354839,106.29032258064515
en,2025-09-16,25.0,22.0,0.39628,0.22152,0.2217199999999999,0.1893599999999999,0.09352,0.27584,0.21932,0.7051200000000002,0.7526400000000001,0.2371599999999999,0.49172,0.10948,0.26692,0.2744,0.0474799999999999,0.363,0.311,0.25036,0.51188,0.22724,0.53656,0.353,0.46332,0.41208,0.12744,0.1014,0.11212,0.14388,0.4443199999999999,0.07254,0.3633599999999999,505.6,101.04
en,2025-09-17,28.0,20.0,0.3227857142857143,0.1843928571428571,0.2616428571428571,0.1669285714285714,0.2194285714285714,0.3620714285714285,0.3218214285714285,0.6706785714285716,0.6298928571428571,0.2085357142857142,0.6048928571428572,0.1539285714285714,0.1464642857142857,0.3258571428571429,0.0601785714285714,0.3966071428571429,0.2704999999999999,0.3335357142857142,0.4757142857142857,0.4241071428571429,0.5955714285714285,0.3781071428571429,0.4119642857142856,0.3744642857142857,0.163,0.1624285714285714,0.0968214285714285,0.1466428571428571,0.4411428571428571,-0.0568125,0.1853452380952381,653.4285714285714,124.5
en,2025-09-18,33.0,28.0,0.3909090909090909,0.2823636363636363,0.2936666666666667,0.2106666666666666,0.0962727272727272,0.3276363636363636,0.2735151515151515,0.6827272727272727,0.6970909090909091,0.2335151515151515,0.489,0.1303636363636363,0.1146969696969697,0.2793939393939394,0.0774545454545454,0.3380909090909091,0.2253939393939394,0.2777878787878788,0.4467575757575757,0.2583030303030303,0.5889090909090909,0.3954242424242424,0.4983333333333333,0.3182424242424242,0.1439393939393939,0.1307272727272727,0.087030303030303,0.1346666666666666,0.3812424242424242,0.0824469696969697,0.3642828282828283,581.5757575757576,114.6969696969697
en,2025-09-19,27.0,20.0,0.4485555555555556,0.302,0.3842962962962963,0.2602222222222222,0.1324814814814815,0.3711111111111111,0.3502222222222222,0.7323333333333333,0.704925925925926,0.2389259259259259,0.4608148148148148,0.1887037037037037,0.2407777777777777,0.3001851851851851,0.0694074074074074,0.4143333333333334,0.3165185185185186,0.3547037037037037,0.4213703703703704,0.255037037037037,0.679037037037037,0.4704444444444445,0.5867407407407408,0.3683333333333334,0.1682592592592592,0.1486666666666666,0.1148518518518518,0.1855555555555555,0.4745925925925927,0.0969722222222222,0.3801111111111111,862.5555555555555,173.40740740740742
en,2025-09-20,33.0,24.0,0.3594242424242424,0.2305151515151515,0.2735757575757576,0.1859090909090909,0.1409696969696969,0.3478484848484848,0.3186666666666667,0.7378181818181818,0.7132121212121212,0.2361515151515151,0.5061515151515151,0.1195151515151515,0.2960303030303031,0.3004242424242424,0.0578787878787878,0.375090909090909,0.2787575757575757,0.3427575757575757,0.4241818181818181,0.331030303030303,0.6144848484848484,0.422030303030303,0.5637272727272727,0.3783030303030303,0.1945757575757576,0.0951212121212121,0.1159999999999999,0.1537272727272727,0.4536969696969697,0.0179469696969697,0.3077676767676768,633.1212121212121,123.8181818181818
en,2025-09-21,28.0,22.0,0.3836785714285715,0.2596785714285715,0.3175,0.2401071428571428,0.1853214285714285,0.407392857142857,0.3407142857142857,0.7218928571428572,0.7133214285714286,0.2534285714285714,0.6647499999999998,0.1962499999999999,0.2318214285714285,0.3189285714285714,0.0925357142857142,0.4105357142857143,0.3038928571428572,0.3635714285714285,0.5131785714285715,0.3591785714285714,0.6781785714285713,0.4415714285714285,0.4577499999999999,0.3666785714285714,0.2273214285714286,0.2209642857142857,0.1758214285714286,0.1834642857142857,0.4858214285714286,0.0038839285714285,0.2861785714285715,733.9642857142857,144.89285714285714
en,2025-09-22,33.0,31.0,0.3728787878787878,0.2219393939393939,0.2824848484848485,0.1976969696969696,0.1173939393939393,0.303030303030303,0.279030303030303,0.6305454545454545,0.7254545454545454,0.2514545454545454,0.3889090909090909,0.123060606060606,0.148030303030303,0.2741212121212121,0.0575757575757575,0.3814848484848485,0.25,0.2664848484848485,0.4456060606060605,0.2699696969696969,0.5736666666666667,0.4513636363636363,0.4445151515151515,0.2578181818181818,0.181090909090909,0.1113333333333333,0.0974242424242424,0.1404545454545454,0.4229393939393939,0.0585378787878787,0.3428787878787878,634.060606060606,125.12121212121212
en,2025-09-23,42.0,27.0,0.3449285714285713,0.2248095238095238,0.2716666666666666,0.1934999999999999,0.1775,0.3719047619047619,0.3377380952380952,0.684,0.6829523809523809,0.2367857142857142,0.596857142857143,0.122047619047619,0.1484047619047619,0.3225952380952381,0.075,0.3922380952380952,0.2662142857142856,0.3290714285714285,0.3796190476190476,0.3258333333333333,0.634547619047619,0.4629999999999998,0.5143571428571428,0.4482142857142857,0.2265238095238095,0.1662380952380952,0.1336428571428571,0.1789047619047619,0.4682857142857142,-0.0159761904761904,0.2556825396825396,721.4285714285714,141.88095238095238
en,2025-09-24,18.0,17.0,,,,,,,,,,,,,,,,,,,,,,,,,,,,,,,,,
en,2025-09-25,31.0,25.0,0.2373225806451613,0.1901935483870967,0.2126129032258064,0.1816451612903225,0.1178064516129031,0.2770967741935484,0.2357419354838709,0.693741935483871,0.6817419354838711,0.1747741935483871,0.5302580645161291,0.1155483870967741,0.153,0.2434838709677419,0.0300967741935483,0.3663870967741935,0.2497096774193548,0.2490967741935484,0.3962258064516128,0.2837096774193548,0.542741935483871,0.3164838709677419,0.5379032258064517,0.3060645161290323,0.1313870967741935,0.1197096774193548,0.1706451612903225,0.0946451612903225,0.3943870967741935,0.0079919354838709,0.2594193548387096,362.7741935483871,70.70967741935483
en,2025-09-26,38.0,27.0,0.2991315789473684,0.1755526315789473,0.2229473684210526,0.1662894736842105,0.1061842105263158,0.2856315789473684,0.239,0.6596052631578947,0.6508684210526315,0.1637631578947368,0.4909736842105263,0.1151842105263157,0.1821052631578947,0.2015263157894737,0.0403421052631578,0.3187894736842105,0.2261578947368421,0.2208947368421053,0.3587631578947368,0.3261315789473685,0.526157894736842,0.3382105263157894,0.5066315789473683,0.2633157894736842,0.1606842105263157,0.0812631578947368,0.1192105263157894,0.1167368421052631,0.3899210526315789,0.0200723684210526,0.2847982456140351,507.2631578947368,100.97368421052632
en,2025-09-27,25.0,23.0,0.28596,0.14716,0.19136,0.1670799999999999,0.16232,0.30116,0.25616,0.69952,0.6444,0.1890799999999999,0.53888,0.11488,0.20984,0.30416,0.04452,0.37188,0.2654399999999999,0.29744,0.36448,0.3884,0.52852,0.41024,0.5282,0.3808,0.1208,0.13276,0.1306,0.1284,0.42916,-0.03385,0.2115866666666667,529.2,105.4
en,2025-09-28,23.0,21.0,0.4404782608695652,0.1879565217391304,0.2657391304347826,0.1610869565217391,0.1255652173913043,0.3315652173913043,0.3113913043478261,0.6915217391304349,0.7561739130434783,0.1889999999999999,0.4030434782608695,0.1283478260869565,0.2168260869565217,0.2863913043478261,0.0726521739130434,0.3578260869565217,0.3266086956521739,0.2030869565217391,0.5530434782608695,0.2900434782608695,0.558304347826087,0.4182173913043477,0.5503043478260868,0.2853478260869566,0.1487826086956521,0.0776086956521739,0.1265217391304348,0.1318695652173913,0.4368695652173914,0.03525,0.3618985507246377,455.8695652173913,90.91304347826087
en,2025-09-29,26.0,21.0,0.430576923076923,0.2546923076923076,0.2933461538461538,0.1905384615384615,0.1077692307692307,0.3503461538461539,0.3216153846153846,0.698076923076923,0.7458846153846153,0.2193846153846153,0.4938846153846153,0.1279230769230769,0.1726538461538461,0.2745384615384615,0.0307307692307692,0.3746923076923076,0.2893846153846154,0.3226153846153846,0.468076923076923,0.2939230769230769,0.6764615384615383,0.4036153846153846,0.4866923076923077,0.3391153846153845,0.1815,0.0746153846153846,0.1384230769230769,0.1605769230769231,0.4724615384615385,0.0632307692307692,0.3821666666666666,645.0384615384615,128.26923076923077
en,2025-09-30,29.0,21.0,0.3590344827586206,0.1632413793103448,0.2015172413793103,0.1497931034482758,0.0688275862068965,0.2383793103448276,0.1843103448275861,0.6595517241379312,0.7169310344827586,0.1524137931034482,0.5592068965517241,0.0814137931034482,0.2268275862068965,0.1998620689655172,0.0851724137931034,0.3428965517241379,0.2308620689655172,0.1716896551724137,0.442896551724138,0.2257241379310345,0.5059655172413793,0.3017586206896551,0.5163448275862069,0.3611724137931035,0.0889310344827586,0.051103448275862,0.1313448275862068,0.1116551724137931,0.4003103448275862,0.0647931034482758,0.357,354.17241379310343,71.51724137931035
en,2025-10-01,22.0,20.0,0.3152272727272727,0.2263636363636364,0.311,0.2047272727272727,0.1601363636363636,0.3475909090909091,0.3241363636363636,0.6804545454545454,0.6631818181818182,0.2331363636363636,0.5609545454545454,0.140090909090909,0.2330909090909091,0.2911363636363636,0.0712727272727272,0.3918636363636363,0.2837727272727272,0.2678636363636363,0.5198181818181817,0.3786363636363636,0.6568636363636364,0.4344545454545454,0.4682272727272727,0.3811363636363636,0.2012727272727272,0.1691363636363636,0.2212272727272726,0.1594090909090909,0.4358181818181817,0.010465909090909,0.2696666666666666,603.6818181818181,116.77272727272728
en,2025-10-02,20.0,19.0,0.19565,0.1451,0.16055,0.1042,0.1782,0.3208499999999999,0.2451499999999999,0.6831499999999999,0.5690000000000001,0.13065,0.38805,0.0668999999999999,0.1577,0.2337999999999999,0.0282,0.3203999999999999,0.25385,0.19985,0.4263499999999999,0.4175,0.56345,0.38365,0.5290000000000001,0.3075,0.11035,0.0807,0.0961499999999999,0.1126,0.41215,-0.09815,0.1302,386.75,77.15
en,2025-10-03,26.0,23.0,0.3423461538461538,0.1523076923076923,0.2548076923076923,0.1569230769230769,0.1085384615384615,0.2614230769230769,0.2732307692307692,0.6831153846153846,0.7675,0.1853461538461538,0.5084615384615385,0.0956153846153846,0.1594230769230769,0.2105384615384615,0.0368076923076923,0.3282692307692308,0.2831153846153846,0.1694230769230769,0.4688461538461538,0.3155384615384615,0.4868846153846154,0.3431923076923077,0.4986538461538461,0.2697692307692307,0.1266538461538461,0.1002307692307692,0.082076923076923,0.1397692307692307,0.4199615384615385,0.0416153846153846,0.3463461538461538,406.9230769230769,79.92307692307692
en,2025-10-04,30.0,26.0,0.4244333333333333,0.3070666666666666,0.3076333333333333,0.2455666666666666,0.0787333333333333,0.3583666666666666,0.3167666666666667,0.7459666666666666,0.7521666666666668,0.2083333333333333,0.5471333333333335,0.1160999999999999,0.2642666666666666,0.2925000000000001,0.0762333333333333,0.4435,0.2950999999999999,0.3121666666666667,0.4599333333333333,0.2298333333333333,0.6624666666666668,0.4459666666666667,0.6093333333333333,0.3486333333333333,0.1406333333333333,0.0512999999999999,0.051,0.1671,0.4754666666666667,0.1026249999999999,0.4160111111111111,602.0666666666667,120.9
en,2025-10-05,33.0,28.0,0.5239696969696969,0.3199090909090908,0.3133939393939394,0.2656969696969696,0.1338181818181818,0.3712121212121212,0.3392121212121212,0.7654848484848483,0.797,0.2828787878787879,0.499090909090909,0.1872727272727272,0.3294848484848485,0.3508484848484849,0.0527575757575757,0.4564545454545454,0.2982121212121212,0.3546363636363636,0.4292121212121212,0.2543030303030303,0.704,0.4673030303030303,0.5861212121212122,0.3676060606060606,0.1643636363636364,0.0766666666666666,0.1822424242424242,0.1957575757575758,0.4801212121212121,0.1032272727272727,0.410969696969697,881.939393939394,175.0909090909091
en,2025-10-06,34.0,28.0,0.4435588235294117,0.3077058823529411,0.2959411764705882,0.2004411764705882,0.1287352941176471,0.3286470588235294,0.2765294117647059,0.6900882352941177,0.6841470588235294,0.2105294117647058,0.5940588235294118,0.109235294117647,0.2190294117647058,0.3019411764705882,0.0345588235294117,0.4151176470588235,0.2715,0.317235294117647,0.4596176470588235,0.250735294117647,0.6518529411764705,0.4420588235294118,0.4726470588235294,0.4323823529411764,0.1136176470588235,0.0499117647058823,0.0913235294117647,0.1488823529411764,0.4385882352941176,0.0832205882352941,0.345813725490196,642.5588235294117,129.73529411764707
en,2025-10-07,34.0,25.0,0.3647941176470588,0.2934411764705882,0.2766764705882352,0.229735294117647,0.172264705882353,0.3652941176470588,0.331235294117647,0.7044999999999999,0.7405882352941177,0.2748529411764706,0.5162941176470588,0.1733235294117647,0.2523235294117647,0.326235294117647,0.0759705882352941,0.3860294117647058,0.3195,0.3355294117647058,0.4572058823529412,0.3148823529411765,0.580735294117647,0.4062941176470587,0.4941764705882353,0.3571470588235294,0.2078823529411764,0.1397647058823529,0.1317647058823529,0.1770882352941176,0.4784411764705882,0.0223823529411764,0.2884215686274509,676.7352941176471,131.64705882352942
en,2025-10-08,32.0,29.0,0.33825,0.22140625,0.24753125,0.20059375,0.11096875,0.286,0.2402187499999999,0.6919375,0.6972812500000001,0.22075,0.43259375,0.1050625,0.23203125,0.2890625,0.0430625,0.3385,0.2575624999999999,0.28696875,0.42471875,0.2481875,0.57496875,0.3314999999999999,0.505625,0.26396875,0.1634375,0.08453125,0.1391562499999999,0.1189375,0.412875,0.0534609375,0.31671875,513.84375,102.0
en,2025-10-09,39.0,32.0,0.2594358974358974,0.1395641025641025,0.2249230769230768,0.1322820512820512,0.1019230769230769,0.2543846153846153,0.2303076923076923,0.6694102564102564,0.6023076923076923,0.1688717948717948,0.4557692307692308,0.0872307692307692,0.1607435897435897,0.2241282051282051,0.0397179487179487,0.3207435897435897,0.2323846153846154,0.2526410256410257,0.3429487179487179,0.2978461538461538,0.5258717948717949,0.3451025641025641,0.5431794871794872,0.3255897435897436,0.1633076923076923,0.0715384615384615,0.1422820512820512,0.129051282051282,0.4033846153846153,0.0108974358974358,0.2602991452991453,423.3589743589744,82.82051282051282
en,2025-10-10,45.0,30.0,0.2718666666666666,0.1670666666666666,0.2405777777777777,0.1612666666666666,0.1471999999999999,0.3004222222222222,0.2518666666666667,0.6695777777777777,0.6091777777777778,0.1595555555555555,0.4856666666666666,0.0905777777777777,0.1862888888888888,0.2429777777777777,0.0310888888888888,0.3499333333333333,0.2516666666666667,0.2498,0.3546444444444444,0.3151333333333333,0.5444444444444444,0.3413111111111111,0.4926666666666667,0.3183333333333333,0.1507333333333333,0.0777777777777777,0.1310666666666667,0.1252222222222222,0.4317555555555556,-0.0136166666666666,0.226674074074074,459.6222222222222,90.84444444444443
en,2025-10-11,38.0,32.0,0.3840263157894736,0.2807894736842105,0.3294736842105263,0.2409210526315789,0.0792894736842105,0.2802368421052631,0.2337368421052631,0.7078157894736842,0.7117894736842106,0.2263157894736842,0.4895263157894736,0.1141842105263157,0.2161052631578947,0.2474736842105263,0.0318684210526315,0.3772631578947369,0.2602631578947369,0.2750263157894737,0.4003157894736842,0.2652368421052632,0.5628421052631578,0.3814999999999999,0.5404210526315789,0.2914210526315789,0.127,0.0731842105263158,0.0661842105263157,0.1456578947368421,0.4272631578947368,0.1290394736842105,0.3958070175438597,594.0526315789474,119.23684210526316
en,2025-10-12,39.0,29.0,0.3891578947368421,0.2218684210526315,0.2575789473684211,0.2076052631578947,0.1034473684210526,0.3366315789473684,0.3064473684210526,0.7065526315789473,0.7173947368421053,0.1766842105263158,0.4074210526315789,0.0911842105263158,0.2457894736842105,0.2971052631578947,0.051,0.3796578947368421,0.2890263157894736,0.3016578947368421,0.411078947368421,0.2785526315789474,0.610342105263158,0.3824473684210526,0.5390526315789476,0.3091578947368421,0.1494736842105263,0.0658684210526315,0.0548157894736841,0.1572105263157894,0.4648947368421052,0.0490131578947368,0.3512631578947368,583.9487179487179,116.71794871794872
en,2025-10-13,32.0,26.0,0.34190625,0.301125,0.2926875,0.2304375,0.1392499999999999,0.3354375,0.29753125,0.7244375,0.6945,0.20803125,0.47940625,0.15203125,0.1424375,0.259375,0.0453125,0.41025,0.25909375,0.32275,0.41290625,0.31775,0.6309375,0.43984375,0.5265625,0.3359062499999999,0.1654999999999999,0.08471875,0.0726875,0.13590625,0.44715625,0.0541953125,0.30378125,507.59375,101.0
en,2025-10-14,34.0,30.0,0.4032647058823529,0.2340882352941176,0.2441470588235294,0.1923823529411764,0.0835,0.2948235294117647,0.2734411764705882,0.7014117647058822,0.7143823529411764,0.2069411764705882,0.5283529411764707,0.0953235294117647,0.1880294117647059,0.2375588235294117,0.0634705882352941,0.3579411764705882,0.2782941176470588,0.2170588235294117,0.4091764705882353,0.2845,0.5188529411764706,0.3701470588235294,0.4921176470588235,0.3557058823529411,0.1149411764705882,0.0624117647058823,0.1007647058823529,0.1415882352941176,0.4206764705882353,0.0793088235294117,0.3704313725490196,540.5588235294117,108.82352941176472
en,2025-10-15,50.0,30.0,0.3717755102040816,0.2160408163265305,0.3237959183673469,0.1994489795918367,0.0807142857142857,0.2836938775510204,0.2347142857142857,0.721530612244898,0.7341224489795919,0.1885714285714285,0.4844285714285715,0.1060204081632653,0.1113469387755101,0.242734693877551,0.0302448979591836,0.3645510204081632,0.2483061224489796,0.2342653061224489,0.4664693877551021,0.2613673469387755,0.5119387755102041,0.3896938775510203,0.5889591836734694,0.3105714285714285,0.1123061224489795,0.0696122448979591,0.0785102040816326,0.1376938775510204,0.4104081632653061,0.0955612244897959,0.3958503401360543,467.22,95.1
en,2025-10-16,39.0,30.0,0.3821794871794872,0.2495384615384615,0.261051282051282,0.1844358974358974,0.1271538461538461,0.3101794871794872,0.2484871794871796,0.7225128205128206,0.7325128205128204,0.2077692307692307,0.6472307692307692,0.1135897435897435,0.1559487179487179,0.2530769230769231,0.0241025641025641,0.371025641025641,0.2373076923076923,0.2586666666666667,0.3807435897435897,0.2772820512820513,0.5503846153846155,0.3284358974358974,0.5081025641025642,0.3848974358974359,0.1337948717948718,0.104076923076923,0.1435641025641025,0.1207948717948717,0.4449487179487179,0.0506346153846153,0.3314273504273504,419.4102564102564,84.23076923076923
en,2025-10-17,41.0,31.0,0.3446829268292682,0.2273170731707317,0.3355121951219513,0.2278292682926829,0.1502195121951219,0.3158292682926829,0.2757317073170731,0.7210731707317073,0.6834634146341464,0.1969756097560975,0.4855121951219512,0.1200243902439024,0.1822439024390244,0.294390243902439,0.0598292682926829,0.3773414634146341,0.2531951219512195,0.2853170731707317,0.4470487804878049,0.2935609756097561,0.6090731707317073,0.4525853658536585,0.552219512195122,0.2971951219512195,0.1430731707317073,0.0884390243902439,0.1418536585365853,0.1545853658536585,0.4610000000000001,0.050810975609756,0.3043333333333333,676.1219512195122,127.51219512195122
en,2025-10-18,46.0,39.0,0.3035217391304348,0.1922173913043478,0.262695652173913,0.1784347826086956,0.1159565217391304,0.3083913043478261,0.2499565217391304,0.7115,0.7026956521739132,0.2088695652173912,0.4766086956521739,0.1497826086956521,0.2439565217391304,0.2397608695652174,0.0725652173913043,0.3591956521739129,0.2491086956521738,0.299,0.4392173913043478,0.3005,0.6159130434782608,0.3928260869565216,0.5185217391304348,0.2945217391304348,0.1464565217391304,0.0663260869565217,0.1394130434782608,0.1305434782608695,0.4389565217391305,0.0220434782608695,0.3070144927536232,532.6086956521739,104.21739130434784
en,2025-10-19,43.0,37.0,0.3430697674418604,0.1931627906976744,0.2734883720930232,0.1485116279069767,0.091906976744186,0.2803488372093023,0.2214186046511628,0.6735116279069767,0.7389302325581396,0.2065348837209302,0.5067906976744185,0.0707674418604651,0.1819302325581395,0.2092790697674418,0.0205116279069767,0.3626976744186047,0.215813953488372,0.2796279069767441,0.3576744186046511,0.2812790697674418,0.5712325581395349,0.302,0.4700465116279069,0.3341395348837209,0.1309302325581395,0.0620465116279069,0.0775581395348837,0.1027906976744186,0.4048139534883722,0.0534302325581395,0.3599224806201551,370.2558139534884,74.48837209302326
en,2025-10-20,47.0,41.0,0.3228723404255319,0.2499574468085106,0.2643829787234042,0.1832978723404255,0.1619148936170212,0.341063829787234,0.305063829787234,0.7280638297872343,0.6838723404255318,0.2199574468085106,0.4955106382978724,0.1175106382978723,0.2227234042553192,0.2561702127659574,0.0439574468085106,0.3897659574468085,0.2992553191489362,0.2469787234042553,0.4906382978723404,0.3455531914893617,0.6112127659574469,0.4195957446808511,0.5197872340425531,0.3853404255319149,0.1463404255319149,0.0962553191489361,0.1154893617021276,0.1509999999999999,0.4645744680851064,0.0036382978723404,0.2617943262411347,698.531914893617,133.59574468085106
en,2025-10-21,33.0,28.0,0.278030303030303,0.1776969696969697,0.2318181818181818,0.1398787878787878,0.0969090909090909,0.2258787878787879,0.1958484848484848,0.660030303030303,0.6944242424242424,0.1489393939393939,0.3785454545454545,0.1582424242424242,0.1824242424242424,0.163030303030303,0.0376363636363636,0.2917878787878787,0.235,0.2003333333333333,0.4368484848484849,0.2143636363636363,0.4748484848484848,0.2963636363636363,0.4847575757575757,0.2792121212121212,0.1008787878787878,0.1001212121212121,0.0985151515151515,0.0963333333333333,0.3686969696969697,0.0454621212121212,0.3045151515151515,399.1515151515151,80.51515151515152
en,2025-10-22,38.0,33.0,0.263,0.1724210526315789,0.1666315789473683,0.1536842105263157,0.1585526315789474,0.301,0.2662894736842106,0.6637631578947368,0.6404473684210527,0.2083421052631578,0.5166842105263157,0.1007368421052631,0.1797894736842105,0.2426052631578947,0.0773947368421052,0.3547368421052632,0.3101842105263158,0.2670526315789474,0.4263157894736842,0.4045263157894737,0.5372631578947368,0.3510263157894737,0.4241842105263158,0.3529210526315789,0.1392894736842105,0.0755526315789473,0.1711315789473684,0.1006052631578947,0.4295263157894736,-0.0408421052631578,0.1981403508771929,331.94736842105266,64.47368421052632
en,2025-10-23,52.0,39.0,0.356653846153846,0.1755961538461538,0.2295576923076923,0.1881153846153846,0.1079230769230769,0.2683846153846154,0.2401538461538461,0.6966538461538463,0.7229423076923077,0.1561346153846153,0.407826923076923,0.1005576923076922,0.1720384615384615,0.2420961538461538,0.0853461538461538,0.3504807692307692,0.2605384615384615,0.2292115384615384,0.4435192307692307,0.2644038461538461,0.5495384615384615,0.3608269230769231,0.5383461538461538,0.2984423076923076,0.1303846153846153,0.0592115384615384,0.0747115384615384,0.1387115384615384,0.432826923076923,0.049326923076923,0.3284615384615384,545.1153846153846,107.71153846153848
en,2025-10-24,35.0,27.0,0.2630571428571429,0.1914,0.2513714285714286,0.2038,0.0928285714285714,0.2363999999999999,0.2089142857142857,0.6867999999999999,0.6868857142857142,0.1783428571428571,0.3812285714285714,0.1055999999999999,0.1464857142857142,0.2088857142857142,0.0228571428571428,0.3260571428571428,0.2183999999999999,0.2218857142857142,0.3924571428571428,0.3007428571428571,0.5299428571428572,0.4101999999999999,0.5320857142857143,0.2131714285714285,0.1282571428571428,0.0297714285714285,0.0686285714285714,0.1038857142857142,0.3883428571428571,0.0627928571428571,0.3076095238095238,437.4857142857143,88.28571428571429
en,2025-10-25,49.0,33.0,0.2740208333333333,0.1506875,0.1905,0.1229583333333333,0.1112916666666666,0.2442708333333333,0.2480416666666667,0.6742499999999999,0.6626458333333333,0.1617083333333333,0.41125,0.1169375,0.1596874999999999,0.1896875,0.0519166666666666,0.3051458333333333,0.2334791666666666,0.2323541666666666,0.4061041666666666,0.3325,0.4998125,0.3236666666666667,0.5472083333333334,0.2822083333333333,0.1211249999999999,0.1025833333333333,0.0961041666666666,0.0984791666666666,0.3727708333333333,0.0067604166666666,0.2644305555555555,408.3877551020408,79.06122448979592
en,2025-10-26,43.0,31.0,0.3566279069767441,0.2443023255813953,0.2750930232558139,0.1910930232558139,0.1275116279069768,0.2931162790697674,0.2696046511627907,0.6817209302325581,0.7113953488372093,0.2214883720930232,0.4594418604651162,0.1793953488372093,0.1386976744186046,0.2354186046511628,0.0435581395348837,0.3525116279069767,0.2434418604651163,0.2586744186046511,0.4037441860465116,0.2891860465116279,0.5670697674418604,0.3620232558139535,0.4705581395348837,0.3101860465116279,0.1667674418604651,0.0949302325581395,0.0818837209302325,0.1248139534883721,0.4199069767441861,0.0564651162790697,0.3201937984496123,603.3720930232558,117.23255813953487
en,2025-10-27,29.0,23.0,0.2369655172413793,0.1374137931034482,0.1967931034482758,0.1256896551724138,0.0855172413793103,0.2332758620689655,0.2234482758620689,0.6451724137931033,0.6593103448275861,0.1639655172413793,0.3946551724137931,0.1065172413793103,0.1376551724137931,0.1606206896551723,0.0193793103448275,0.3133448275862069,0.167655172413793,0.2686206896551724,0.3438965517241379,0.2705172413793103,0.5271034482758621,0.3529655172413793,0.4954137931034483,0.2354137931034483,0.1586206896551724,0.0967931034482758,0.0892758620689654,0.0995172413793103,0.371103448275862,0.0148189655172413,0.2788390804597701,364.2413793103448,73.3103448275862
en,2025-10-28,35.0,27.0,0.3261142857142857,0.1783428571428571,0.2603428571428571,0.1517428571428571,0.1577714285714286,0.2965714285714285,0.2628857142857143,0.6522285714285714,0.6211714285714286,0.1739428571428571,0.4513714285714286,0.1314571428571428,0.1785714285714286,0.2167428571428571,0.0373714285714285,0.3666857142857143,0.2493142857142856,0.2493999999999999,0.3717142857142857,0.3939142857142857,0.5228857142857143,0.3765428571428571,0.4707999999999999,0.3302571428571428,0.1421714285714285,0.0940571428571428,0.0740285714285714,0.1351428571428571,0.4100285714285714,0.0019642857142857,0.2447714285714285,442.4857142857143,86.57142857142857
en,2025-10-29,37.0,30.0,0.3589189189189189,0.2084324324324324,0.2519189189189189,0.1479729729729729,0.1552432432432432,0.3424054054054053,0.3123243243243243,0.6904594594594595,0.6801621621621622,0.2264054054054054,0.5966486486486486,0.0976756756756756,0.2399459459459459,0.2705675675675675,0.0814864864864864,0.4189189189189189,0.2947027027027027,0.287972972972973,0.5028108108108109,0.339054054054054,0.6597297297297298,0.4616216216216217,0.4808378378378378,0.389054054054054,0.1545405405405405,0.0788108108108108,0.0795675675675675,0.1379459459459459,0.4575675675675675,-0.0070135135135135,0.2750900900900901,561.081081081081,110.2162162162162
en,2025-10-30,29.0,24.0,0.2731724137931034,0.1677931034482758,0.2085862068965517,0.1504827586206896,0.1566551724137931,0.2867586206896551,0.2344482758620689,0.6803448275862071,0.6206206896551724,0.1357586206896552,0.488,0.0730344827586206,0.1450344827586207,0.1859655172413793,0.0211379310344827,0.3516206896551723,0.2063103448275862,0.2118965517241379,0.3962413793103447,0.3724827586206896,0.5538965517241379,0.3771724137931034,0.4278965517241379,0.3151724137931034,0.0938620689655172,0.0876206896551724,0.1224137931034482,0.0953103448275862,0.3868965517241379,-0.0216982758620689,0.2108045977011494,440.3793103448276,88.96551724137932
en,2025-10-31,40.0,33.0,0.33015,0.259775,0.315575,0.226325,0.086325,0.287525,0.234375,0.6593,0.6791,0.1893999999999999,0.542575,0.1504749999999999,0.1639499999999999,0.2609,0.041625,0.390425,0.251475,0.2398,0.4356,0.2503,0.564325,0.384175,0.5089750000000001,0.340975,0.1368,0.05055,0.053375,0.123,0.42735,0.09603125,0.3552833333333333,550.375,112.2
en,2025-11-01,32.0,24.0,0.3214375,0.20853125,0.26803125,0.165875,0.1148124999999999,0.32284375,0.2827499999999999,0.727625,0.6548125,0.2135,0.41375,0.0873125,0.19703125,0.2339375,0.02884375,0.3643437499999999,0.2840312499999999,0.19525,0.48134375,0.337875,0.6114062499999999,0.358375,0.64915625,0.34909375,0.132625,0.0545625,0.0330625,0.1499687499999999,0.4604374999999999,0.022140625,0.2999479166666666,389.59375,78.09375
en,2025-11-02,27.0,22.0,0.3409259259259259,0.1601111111111111,0.2143703703703703,0.138037037037037,0.1294814814814814,0.2696666666666666,0.260037037037037,0.690962962962963,0.7565925925925925,0.1826666666666666,0.4959259259259258,0.1489259259259258,0.2896296296296296,0.2312962962962963,0.0287037037037037,0.3765185185185186,0.2360740740740741,0.3148888888888889,0.3073703703703704,0.285,0.5341481481481481,0.3420740740740741,0.487962962962963,0.3401851851851851,0.1206666666666666,0.0458888888888888,0.1949629629629629,0.134,0.4221851851851852,0.013787037037037,0.3078148148148148,553.8888888888889,108.77777777777776
en,2025-11-03,36.0,25.0,0.2726111111111111,0.2093888888888889,0.2404722222222222,0.18275,0.0606388888888888,0.1877222222222222,0.1741666666666667,0.6623611111111111,0.668361111111111,0.1516944444444444,0.4031388888888889,0.0927777777777777,0.0952777777777777,0.1624999999999999,0.0145833333333333,0.3081388888888888,0.166,0.1923888888888889,0.2739722222222223,0.3023333333333333,0.4840000000000001,0.303,0.5713333333333331,0.2373611111111111,0.1025555555555555,0.0285277777777777,0.1030833333333333,0.0797777777777777,0.3568611111111111,0.102125,0.3331759259259259,356.22222222222223,69.22222222222223
en,2025-11-04,36.0,28.0,0.328861111111111,0.2622777777777779,0.2278611111111111,0.1813333333333333,0.111861111111111,0.300111111111111,0.2933888888888889,0.64,0.6596944444444445,0.1813333333333333,0.4902222222222221,0.1056666666666666,0.21275,0.2411944444444444,0.0558055555555555,0.3567777777777777,0.2217222222222222,0.2794166666666666,0.34,0.2960277777777778,0.5543888888888887,0.3688055555555556,0.4940277777777778,0.3422777777777778,0.1524166666666666,0.0837222222222222,0.1106944444444444,0.1410277777777777,0.3883055555555556,0.0440972222222222,0.2936111111111111,522.9444444444445,104.75
en,2025-11-05,46.0,36.0,0.2636521739130434,0.1596739130434782,0.2500217391304347,0.1344565217391304,0.0704130434782608,0.228586956521739,0.221391304347826,0.6468695652173913,0.6523478260869565,0.1297608695652174,0.3896521739130434,0.0628913043478261,0.1048043478260869,0.1656304347826087,0.0208260869565217,0.2984347826086956,0.1825434782608695,0.2261739130434783,0.347195652173913,0.2793695652173912,0.469391304347826,0.3160217391304347,0.4938478260869564,0.2626304347826086,0.0917391304347826,0.0694130434782608,0.0537391304347826,0.0979565217391304,0.3534130434782609,0.0524510869565217,0.3182608695652174,439.19565217391306,89.6304347826087
en,2025-11-06,21.0,20.0,0.2394761904761905,0.1868095238095238,0.2124285714285714,0.1399999999999999,0.1767619047619047,0.3541428571428571,0.351047619047619,0.6892380952380954,0.6358571428571429,0.1649523809523809,0.4925714285714285,0.1396666666666667,0.1943809523809524,0.2647142857142857,0.0374761904761904,0.3573809523809523,0.261047619047619,0.246047619047619,0.4581428571428572,0.4168095238095237,0.6103809523809522,0.376952380952381,0.4728571428571429,0.3493809523809523,0.1578571428571428,0.1223333333333333,0.2459523809523809,0.153,0.4562857142857142,-0.0707738095238095,0.1858253968253968,464.3809523809524,91.61904761904762
en,2025-11-07,27.0,22.0,0.3244444444444445,0.1319259259259259,0.1755555555555555,0.1632592592592592,0.1131481481481481,0.2887037037037037,0.2495185185185185,0.7122962962962963,0.6764814814814815,0.1525555555555555,0.4114444444444444,0.0836666666666666,0.1461851851851852,0.2334814814814814,0.023,0.3374074074074073,0.2466296296296296,0.2127407407407407,0.3997407407407407,0.3074814814814814,0.5715185185185185,0.4137407407407407,0.5838518518518518,0.2768518518518518,0.1064814814814814,0.0275925925925925,0.1679259259259259,0.0994814814814814,0.3946296296296296,-0.0021296296296296,0.2790123456790123,435.7037037037037,86.62962962962963
en,2025-11-08,30.0,27.0,0.4187666666666666,0.2825,0.3931666666666667,0.2229,0.1370999999999999,0.3767333333333333,0.2899333333333332,0.7059333333333332,0.7258333333333332,0.2499,0.5952,0.1566,0.2850666666666667,0.3194333333333333,0.0681333333333333,0.4143333333333333,0.2872,0.3364333333333333,0.4521666666666667,0.2832333333333334,0.6627,0.4666666666666667,0.5086333333333333,0.3974000000000001,0.1849999999999999,0.1706,0.1728333333333333,0.1830333333333333,0.4553333333333333,0.0724166666666666,0.3754888888888888,592.7666666666667,116.76666666666668
en,2025-11-09,45.0,39.0,0.2978444444444443,0.1948222222222222,0.2899555555555556,0.1836888888888889,0.0868,0.2887777777777777,0.2353777777777778,0.6572666666666668,0.693,0.1627333333333333,0.4362000000000001,0.1054888888888888,0.1771777777777778,0.2632222222222222,0.0526666666666666,0.3586888888888888,0.2510222222222222,0.2509111111111111,0.4077111111111111,0.2700222222222223,0.5823777777777779,0.3776222222222222,0.4462888888888889,0.2766222222222222,0.1220444444444444,0.0815333333333333,0.1488222222222222,0.1254,0.4228888888888888,0.0537888888888889,0.3401333333333333,540.5111111111111,106.88888888888889
en,2025-11-10,32.0,27.0,0.31978125,0.2638125,0.2538749999999999,0.188125,0.08225,0.2401249999999999,0.2278125,0.6499375000000001,0.7168125000000001,0.21403125,0.46096875,0.1456875,0.255,0.19184375,0.02775,0.32034375,0.25578125,0.16375,0.47353125,0.23378125,0.5438125,0.34378125,0.42734375,0.3235625,0.11953125,0.0244062499999999,0.090375,0.1090625,0.4028125,0.0952109375,0.34790625,434.25,86.625
en,2025-11-11,48.0,29.0,0.3281666666666666,0.2123958333333333,0.1964374999999999,0.1977916666666666,0.0811041666666666,0.2086458333333333,0.2162916666666667,0.7126041666666668,0.7238124999999999,0.1473125,0.3507708333333333,0.1165208333333333,0.1139166666666666,0.1746666666666666,0.0428333333333333,0.3242916666666666,0.1952916666666666,0.215125,0.3555,0.3072916666666667,0.4481666666666666,0.2669375,0.5687708333333333,0.2490833333333333,0.1160208333333333,0.0542708333333333,0.1216458333333333,0.1060833333333333,0.3934583333333333,0.0888229166666666,0.3350347222222222,391.9166666666667,78.66666666666667
en,2025-11-12,36.0,28.0,0.3562222222222222,0.142,0.2352222222222222,0.170361111111111,0.0980555555555555,0.2268611111111111,0.2148888888888888,0.6690833333333335,0.7239999999999999,0.1885833333333333,0.3423611111111111,0.1029722222222222,0.2118888888888889,0.1829722222222222,0.0581666666666666,0.3055833333333334,0.2323333333333333,0.1779166666666667,0.3903888888888889,0.3045833333333332,0.4536388888888888,0.2736111111111111,0.5691111111111112,0.2287777777777778,0.1168611111111111,0.0953888888888889,0.0623055555555555,0.1188611111111111,0.3790833333333334,0.0634930555555555,0.3404259259259259,357.30555555555554,71.94444444444444
en,2025-11-13,51.0,36.0,0.3006078431372549,0.1812352941176471,0.2379019607843137,0.1309803921568627,0.1075686274509803,0.2704901960784314,0.2199411764705882,0.6892745098039217,0.673156862745098,0.1724509803921568,0.5073333333333333,0.0968431372549019,0.1702745098039215,0.2170980392156862,0.0376274509803921,0.3127450980392157,0.2414705882352941,0.2049215686274509,0.419921568627451,0.361235294117647,0.5204705882352941,0.3172745098039215,0.4738431372549019,0.3099215686274509,0.126078431372549,0.0643333333333333,0.1487647058823529,0.0948823529411764,0.3930980392156862,0.0236519607843137,0.2963202614379085,345.7450980392157,67.33333333333333
en,2025-11-14,54.0,41.0,0.3382037037037037,0.2045185185185185,0.2613703703703703,0.1610185185185185,0.1368518518518518,0.3534444444444444,0.3153148148148149,0.6977037037037037,0.6391666666666667,0.2152222222222222,0.5231296296296296,0.1165555555555555,0.1694074074074074,0.2596666666666666,0.035037037037037,0.3839444444444445,0.2774629629629629,0.2934259259259259,0.4265185185185185,0.3855555555555555,0.5815925925925927,0.4024629629629629,0.5141481481481481,0.4039629629629629,0.1569074074074074,0.153,0.1527777777777778,0.1530185185185185,0.4506111111111112,-0.0038703703703703,0.2760617283950617,505.2962962962963,101.25925925925924
en,2025-11-15,34.0,22.0,0.3875,0.2746176470588235,0.2653235294117647,0.2060294117647058,0.1157647058823529,0.3302647058823529,0.240235294117647,0.755264705882353,0.7194411764705883,0.2054411764705882,0.5123235294117647,0.0975,0.1261764705882353,0.2690882352941176,0.034235294117647,0.4181176470588235,0.2811470588235294,0.2635,0.4580882352941177,0.2327941176470588,0.6155882352941177,0.4398529411764706,0.5452941176470589,0.3732941176470588,0.1010294117647058,0.0324705882352941,0.1281470588235294,0.1365882352941176,0.4428235294117646,0.0603529411764705,0.341656862745098,634.3529411764706,128.91176470588235
en,2025-11-16,26.0,23.0,0.4236538461538461,0.2736153846153846,0.3471923076923077,0.2432692307692307,0.1387692307692307,0.4053846153846154,0.3348076923076923,0.6867692307692307,0.6509999999999999,0.2176923076923076,0.5849230769230769,0.1333076923076923,0.1862692307692307,0.3306923076923077,0.0475384615384615,0.4141538461538462,0.3092692307692307,0.3091923076923076,0.4821923076923077,0.328923076923077,0.6373076923076924,0.4286538461538462,0.4575384615384615,0.3775,0.1387307692307692,0.1076153846153846,0.1393461538461538,0.1644615384615385,0.4913076923076923,0.0498557692307692,0.3351794871794872,761.4615384615385,152.26923076923077
en,2025-11-17,30.0,22.0,0.3323333333333333,0.2248333333333333,0.3088666666666667,0.2120999999999999,0.1530666666666666,0.3090333333333333,0.3051666666666666,0.6755333333333333,0.6683999999999999,0.2282666666666666,0.6048999999999999,0.1224333333333333,0.1916666666666666,0.2626666666666667,0.0571333333333333,0.4323666666666667,0.2450666666666666,0.3218666666666667,0.3918,0.3597,0.5858333333333334,0.3545666666666667,0.4942666666666667,0.3595666666666667,0.1622333333333333,0.1096999999999999,0.1277999999999999,0.1453333333333333,0.4344999999999999,0.0384833333333333,0.2834666666666666,489.0,99.13333333333334
en,2025-11-18,24.0,22.0,0.5033333333333333,0.3265833333333333,0.450375,0.23875,0.1210833333333333,0.3586666666666667,0.3058333333333333,0.7190416666666666,0.7561666666666667,0.2471666666666666,0.5393333333333333,0.1524166666666666,0.2327083333333333,0.3410833333333333,0.0505416666666666,0.4012083333333334,0.2985,0.32875,0.5027499999999999,0.27325,0.6239166666666667,0.4724166666666667,0.5015833333333334,0.3649999999999999,0.1722916666666666,0.1518333333333333,0.125375,0.186,0.4895,0.1398854166666666,0.4488749999999999,696.2916666666666,139.20833333333334
en,2025-11-19,37.0,27.0,0.4677297297297297,0.2558918918918919,0.2424324324324324,0.197027027027027,0.1023243243243243,0.2668648648648649,0.268054054054054,0.6574054054054054,0.7945945945945947,0.240054054054054,0.425027027027027,0.1192972972972973,0.1617297297297297,0.228972972972973,0.0322432432432432,0.3705675675675676,0.2483513513513513,0.2826486486486486,0.3753783783783783,0.2238648648648648,0.5614864864864865,0.3244594594594594,0.5162162162162163,0.2825405405405405,0.1322702702702702,0.083027027027027,0.108081081081081,0.1339459459459459,0.4225135135135135,0.1061756756756756,0.3992612612612612,471.1081081081081,92.48648648648648
en,2025-11-20,44.0,32.0,0.3573636363636364,0.2630454545454545,0.2331590909090908,0.1827727272727272,0.1056136363636363,0.3058409090909091,0.2787954545454545,0.7322499999999998,0.7462954545454547,0.23625,0.4714090909090908,0.1261818181818182,0.1502272727272727,0.2618409090909091,0.0446136363636363,0.3676363636363636,0.2636818181818181,0.2820227272727272,0.4308181818181819,0.2959318181818182,0.5803636363636363,0.3836363636363636,0.5958181818181818,0.3526136363636363,0.1540681818181818,0.10175,0.1392727272727272,0.1455,0.4463181818181818,0.0533579545454545,0.3399924242424243,550.9545454545455,109.22727272727272
en,2025-11-21,40.0,31.0,0.295775,0.19135,0.2339999999999999,0.14305,0.11245,0.2815,0.2245,0.669425,0.5954499999999999,0.163625,0.48355,0.08745,0.2104499999999999,0.2136,0.046425,0.363925,0.2179999999999999,0.2841,0.3334499999999999,0.3141,0.53885,0.2972,0.446225,0.345575,0.1266,0.03435,0.10035,0.108875,0.4154249999999999,0.01906875,0.262625,442.1,88.55
en,2025-11-22,42.0,31.0,0.3183809523809524,0.1969523809523809,0.282095238095238,0.214547619047619,0.1285238095238095,0.2844285714285714,0.2492619047619048,0.6516190476190475,0.7168333333333333,0.1864047619047619,0.4882857142857143,0.1161904761904761,0.1771428571428571,0.2251428571428571,0.0307142857142857,0.3559523809523809,0.2361666666666666,0.2419523809523809,0.3752142857142857,0.2680952380952381,0.5168095238095238,0.3551666666666667,0.5041428571428571,0.3191190476190477,0.1295714285714286,0.1422619047619047,0.0861666666666666,0.1301904761904762,0.3983333333333333,0.0465178571428571,0.310579365079365,537.1190476190476,107.78571428571428
en,2025-11-23,50.0,35.0,0.287,0.1725799999999999,0.25796,0.15956,0.0982,0.2226799999999999,0.19388,0.67928,0.7264399999999999,0.1375199999999999,0.42508,0.2679999999999999,0.15548,0.17424,0.0276399999999999,0.30294,0.20758,0.18988,0.35772,0.23942,0.4775,0.30704,0.4829799999999999,0.31898,0.13746,0.0566999999999999,0.0828,0.1070799999999999,0.36894,0.058835,0.3256,498.14,98.26
en,2025-11-24,37.0,32.0,0.4090571428571428,0.2928571428571428,0.3006,0.2564571428571428,0.1108857142857143,0.3013142857142857,0.2649142857142857,0.7097714285714285,0.7570285714285715,0.2389428571428571,0.5140571428571428,0.1287714285714285,0.2370571428571428,0.2652857142857143,0.0469142857142857,0.4166857142857144,0.2881714285714285,0.3417142857142856,0.3795142857142856,0.2863428571428572,0.5249428571428572,0.3594,0.4752285714285714,0.3381999999999999,0.1498285714285714,0.0822,0.0879142857142857,0.1605142857142857,0.4622285714285714,0.1086428571428571,0.3780095238095238,565.0,112.86486486486488
en,2025-11-25,41.0,24.0,0.4358536585365855,0.3343658536585366,0.3130975609756098,0.2513902439024391,0.0831219512195122,0.3225121951219512,0.3068048780487805,0.7160487804878048,0.7781707317073172,0.2651951219512195,0.4664878048780488,0.1456341463414634,0.1413414634146341,0.2645121951219512,0.0756585365853658,0.3734878048780488,0.2376829268292682,0.3296829268292682,0.4220731707317073,0.2242195121951219,0.6081219512195123,0.4377073170731707,0.5257804878048781,0.3532682926829268,0.1987073170731707,0.0838780487804878,0.0940975609756097,0.1619024390243902,0.4421219512195122,0.1308597560975609,0.4259186991869918,870.0243902439024,167.8048780487805
en,2025-11-26,37.0,30.0,0.2897297297297297,0.2083783783783784,0.2405675675675675,0.1536216216216216,0.1384054054054053,0.2855675675675675,0.2823243243243243,0.6695405405405406,0.6798918918918919,0.200054054054054,0.5061351351351352,0.0975945945945946,0.3175945945945946,0.2142972972972973,0.0402702702702702,0.3533513513513514,0.261027027027027,0.2651891891891892,0.4068648648648649,0.3587297297297296,0.5274054054054053,0.3549189189189188,0.4351621621621621,0.266054054054054,0.1423783783783783,0.087,0.0642162162162162,0.1173513513513513,0.3903513513513513,0.0110878378378378,0.264990990990991,423.8648648648648,85.05405405405405
en,2025-11-27,29.0,27.0,0.2686206896551724,0.1378965517241379,0.209551724137931,0.1333448275862069,0.1035862068965517,0.2466896551724138,0.2220689655172414,0.6288620689655173,0.6412758620689657,0.1500689655172413,0.3874137931034482,0.0952068965517241,0.1282758620689655,0.157103448275862,0.0148620689655172,0.2938620689655172,0.2029310344827586,0.1683103448275862,0.4442413793103448,0.2976896551724138,0.5288275862068965,0.3706896551724138,0.4266206896551724,0.2869310344827586,0.1188965517241379,0.0444137931034482,0.1534482758620689,0.0791724137931034,0.3620689655172413,0.0122155172413793,0.2695632183908046,338.7586206896552,68.10344827586206
en,2025-11-28,28.0,22.0,0.3461428571428571,0.2371428571428571,0.3642142857142856,0.2060357142857143,0.1352857142857143,0.3201428571428571,0.2848928571428571,0.7148214285714286,0.6429642857142858,0.1863571428571428,0.5692142857142858,0.1085714285714285,0.17225,0.2777142857142857,0.0321785714285714,0.3703214285714286,0.2336785714285714,0.3326428571428572,0.3535714285714286,0.3368928571428571,0.5739642857142858,0.3931428571428572,0.5171071428571429,0.3167857142857143,0.12175,0.072,0.0618571428571428,0.1488928571428571,0.4305357142857143,0.0606696428571428,0.3158214285714287,578.4285714285714,116.0
en,2025-11-29,52.0,42.0,0.2617692307692307,0.2059038461538461,0.2494807692307692,0.2040576923076922,0.1096923076923076,0.2666923076923077,0.2089423076923077,0.6798076923076924,0.6450961538461537,0.1716538461538461,0.4904999999999999,0.0864423076923077,0.2392692307692308,0.2559615384615384,0.0355961538461538,0.3416153846153845,0.2456538461538461,0.302826923076923,0.3642499999999999,0.2949038461538462,0.5790769230769232,0.4088653846153846,0.4845,0.2541538461538461,0.1441538461538462,0.0955961538461538,0.1530192307692307,0.1265769230769231,0.4121730769230769,0.0421105769230769,0.2757564102564103,425.34615384615387,83.5576923076923
en,2025-11-30,32.0,26.0,0.3400625,0.1815625,0.26928125,0.17440625,0.1270312499999999,0.31115625,0.27871875,0.6313124999999999,0.6828125,0.17475,0.4115,0.1043125,0.1515625,0.2229999999999999,0.07171875,0.35703125,0.23134375,0.3001875,0.35078125,0.3545625,0.5119375,0.317125,0.4271875,0.2875,0.1616874999999999,0.07515625,0.07153125,0.13209375,0.4075,0.0222343749999999,0.3036875,521.25,104.96875
en,2025-12-01,37.0,25.0,0.4148918918918919,0.2285405405405405,0.3086486486486486,0.1742432432432432,0.1264594594594595,0.3174054054054054,0.2724594594594594,0.7175945945945944,0.7705135135135134,0.263027027027027,0.5343783783783783,0.1282702702702702,0.240972972972973,0.2750810810810811,0.0719189189189189,0.3807837837837837,0.2704054054054053,0.2885135135135135,0.4528378378378378,0.272108108108108,0.5564324324324322,0.4026486486486487,0.4926756756756756,0.3582702702702702,0.1526216216216216,0.1169189189189188,0.1498378378378378,0.1538918918918919,0.4276486486486486,0.0596486486486486,0.3715585585585585,505.94594594594594,101.08108108108108
en,2025-12-02,46.0,38.0,0.3871739130434783,0.2073478260869565,0.2891521739130435,0.1695434782608695,0.1079565217391304,0.3269130434782608,0.2915652173913043,0.7339565217391304,0.7431086956521739,0.2492826086956522,0.4897173913043478,0.1135869565217391,0.1926739130434782,0.2974347826086956,0.042391304347826,0.3743478260869565,0.2663695652173912,0.2200869565217391,0.4790869565217392,0.3157608695652174,0.559391304347826,0.3834565217391304,0.5643478260869565,0.2801521739130435,0.1255217391304348,0.1069130434782608,0.0742608695652174,0.1392608695652173,0.4378913043478261,0.0458695652173913,0.3651884057971014,527.0434782608696,105.52173913043478
en,2025-12-03,30.0,26.0,0.2849,0.2258999999999999,0.2693333333333333,0.1917666666666666,0.1235666666666666,0.2895666666666666,0.2070666666666666,0.7172333333333332,0.6651666666666667,0.1476666666666666,0.5419666666666667,0.0995666666666666,0.1181333333333333,0.225,0.0239,0.3702,0.1926333333333333,0.2994666666666666,0.3262333333333334,0.2760333333333333,0.5950666666666666,0.3594333333333334,0.4815666666666667,0.3116,0.1572666666666666,0.0356333333333333,0.1596999999999999,0.1224666666666666,0.4136000000000001,0.0364083333333333,0.2828999999999999,454.0,91.03333333333332
en,2025-12-04,37.0,30.0,0.3561081081081081,0.277108108108108,0.2585945945945946,0.2357567567567567,0.1257027027027026,0.2771081081081081,0.2093513513513513,0.7080000000000001,0.7407297297297296,0.2106756756756757,0.5635135135135135,0.1024594594594594,0.1576216216216216,0.214027027027027,0.0357837837837837,0.3531891891891892,0.2171621621621621,0.2857297297297297,0.4492702702702703,0.3144054054054054,0.578864864864865,0.3233513513513514,0.463108108108108,0.3057027027027027,0.1279459459459459,0.1155945945945946,0.0604864864864864,0.1194054054054053,0.3892432432432431,0.0804864864864864,0.3261081081081081,484.05405405405406,96.13513513513512
en,2025-12-05,69.0,31.0,0.2866470588235293,0.1933235294117647,0.2294705882352941,0.159485294117647,0.095985294117647,0.2994264705882353,0.2779117647058823,0.669764705882353,0.6975588235294117,0.1652941176470588,0.5115588235294117,0.1069264705882352,0.2539558823529411,0.2221470588235294,0.0263088235294117,0.3232794117647059,0.2593676470588235,0.2656617647058824,0.5184117647058823,0.2309411764705882,0.6202794117647059,0.392235294117647,0.3721470588235295,0.2974558823529412,0.1543088235294117,0.0819411764705882,0.1934117647058823,0.1084705882352941,0.4314558823529412,0.0195257352941176,0.3085735294117646,458.28985507246375,92.76811594202898
en,2025-12-06,33.0,25.0,0.3371818181818181,0.2568787878787879,0.3554242424242425,0.226969696969697,0.1502727272727272,0.3594545454545455,0.3333333333333333,0.7205757575757575,0.7079696969696969,0.2406969696969697,0.5338787878787878,0.1278787878787878,0.1456363636363636,0.3047272727272727,0.0813333333333333,0.3915151515151516,0.2775151515151515,0.3105757575757575,0.4460606060606061,0.3314242424242424,0.6586666666666666,0.4956363636363636,0.5451515151515152,0.3751212121212121,0.1763333333333333,0.0969393939393939,0.1563333333333333,0.1576363636363636,0.4519393939393939,0.03925,0.3165858585858586,601.7272727272727,118.0
en,2025-12-07,44.0,35.0,0.403090909090909,0.2655909090909091,0.2669545454545454,0.2226590909090909,0.0709772727272727,0.2983636363636364,0.2620227272727272,0.6986818181818182,0.7691363636363637,0.2507954545454545,0.4165,0.1047045454545454,0.1487954545454545,0.2418636363636363,0.0461363636363636,0.3890454545454546,0.2666363636363636,0.2741590909090909,0.4179772727272727,0.2135454545454545,0.5759545454545455,0.3579318181818182,0.5222045454545454,0.2926136363636364,0.1332727272727272,0.0632727272727272,0.1273636363636363,0.1227272727272727,0.428840909090909,0.1049034090909091,0.40875,658.5,133.4090909090909
en,2025-12-08,38.0,28.0,0.230578947368421,0.1594473684210526,0.2317368421052631,0.1417631578947368,0.0894736842105263,0.2372368421052631,0.1888421052631579,0.6531315789473685,0.6527105263157895,0.1219736842105263,0.4957368421052632,0.0654999999999999,0.2027894736842105,0.1768684210526316,0.0202631578947368,0.3157894736842105,0.2247105263157894,0.1850263157894736,0.3992368421052631,0.3251578947368422,0.4632105263157894,0.285,0.4453684210526316,0.2513157894736841,0.081578947368421,0.029078947368421,0.0942894736842105,0.0977105263157894,0.3931842105263157,0.0275263157894736,0.2822017543859648,353.2631578947368,71.28947368421052
en,2025-12-09,46.0,36.0,0.2853478260869565,0.2045869565217391,0.244695652173913,0.1727391304347826,0.1045,0.2767608695652173,0.2204782608695651,0.6983695652173914,0.6843695652173913,0.1848695652173913,0.4504347826086957,0.1199565217391304,0.2232608695652174,0.2330869565217391,0.0459130434782608,0.3481304347826087,0.2521739130434783,0.2841521739130435,0.3862173913043478,0.2992391304347827,0.5427608695652175,0.3571521739130435,0.4597826086956522,0.299695652173913,0.1176086956521739,0.0895434782608695,0.1248913043478261,0.1333043478260869,0.4282173913043478,0.0362119565217391,0.300304347826087,428.2608695652174,86.23913043478261
en,2025-12-10,48.0,38.0,0.3387659574468085,0.1906170212765957,0.2051702127659574,0.1542765957446808,0.1477872340425532,0.329531914893617,0.2887234042553191,0.7277446808510638,0.6442553191489362,0.194531914893617,0.4643191489361702,0.1234468085106382,0.2298936170212766,0.2574680851063829,0.0324680851063829,0.3852978723404255,0.2836808510638297,0.2849361702127659,0.5041063829787235,0.3208297872340425,0.6083829787234043,0.4498297872340425,0.5432340425531915,0.2981914893617021,0.1487021276595744,0.0748297872340425,0.0563617021276595,0.1333829787234042,0.4462553191489362,-0.0164521276595744,0.2482765957446808,525.7083333333334,105.22916666666669
en,2025-12-11,36.0,34.0,0.3141388888888889,0.2019166666666667,0.2521944444444444,0.1847777777777778,0.1004722222222222,0.32,0.2605,0.7238888888888888,0.716,0.2186666666666666,0.532888888888889,0.1518055555555556,0.2148055555555555,0.2528333333333333,0.0544999999999999,0.3811666666666667,0.2530277777777777,0.2610833333333333,0.39675,0.2802777777777777,0.5596388888888889,0.4057222222222222,0.4772222222222221,0.3193333333333334,0.1268888888888889,0.0610555555555555,0.0447222222222222,0.1259444444444444,0.4079722222222222,0.0280208333333333,0.3269722222222222,593.6388888888889,119.44444444444444
en,2025-12-12,37.0,32.0,0.357,0.2017027027027027,0.3078108108108108,0.1689729729729729,0.1329729729729729,0.3423243243243243,0.2654864864864865,0.7424594594594595,0.7043513513513514,0.1994594594594594,0.5276756756756756,0.1038918918918918,0.2215945945945946,0.2916486486486486,0.0373243243243243,0.4037567567567567,0.2293783783783783,0.3290540540540541,0.3987567567567568,0.2967027027027027,0.5934594594594595,0.3890810810810811,0.4709189189189189,0.3027297297297297,0.1284324324324324,0.1094864864864864,0.1618378378378378,0.1445675675675675,0.469,0.0212229729729729,0.3234144144144144,547.6486486486486,108.97297297297295
en,2025-12-13,44.0,34.0,0.3125454545454545,0.1972272727272727,0.2484318181818182,0.1946590909090909,0.1151136363636363,0.3035227272727273,0.2685,0.7024772727272727,0.7193863636363637,0.1713636363636363,0.4859772727272727,0.1063636363636363,0.105,0.2417954545454545,0.0372045454545454,0.34775,0.2056590909090908,0.2614772727272727,0.3336818181818182,0.2979090909090909,0.5662954545454546,0.4054545454545455,0.4661818181818182,0.2956136363636364,0.1266363636363636,0.0841363636363636,0.1154090909090909,0.1191363636363636,0.4166818181818181,0.0288977272727272,0.3116742424242424,444.52272727272725,87.3409090909091
en,2025-12-14,40.0,29.0,0.31835,0.2246,0.206725,0.151125,0.147525,0.30385,0.2834,0.7018,0.612825,0.1926749999999999,0.4394249999999999,0.087025,0.11125,0.220875,0.02255,0.37855,0.22945,0.287725,0.376125,0.36085,0.574025,0.41045,0.4878,0.26995,0.135025,0.0831,0.1186999999999999,0.1112,0.418625,-0.0004874999999999,0.231775,537.3,108.925
en,2025-12-15,28.0,25.0,0.37,0.2182857142857142,0.2275357142857143,0.2085,0.0982857142857142,0.2636785714285715,0.2298571428571428,0.7353571428571428,0.7585,0.1757142857142857,0.4513214285714286,0.0759285714285714,0.3253928571428571,0.1802142857142857,0.0283571428571428,0.3683571428571429,0.2551785714285714,0.2270357142857142,0.4066071428571428,0.2427142857142857,0.5289285714285714,0.3043214285714285,0.5508928571428572,0.2641785714285714,0.1256071428571428,0.0548571428571428,0.1561428571428571,0.1224999999999999,0.4212857142857144,0.0750982142857142,0.3537261904761904,412.7142857142857,84.46428571428571
en,2025-12-16,30.0,27.0,0.2778333333333334,0.2954333333333333,0.2709333333333333,0.2133333333333333,0.1452,0.3185333333333333,0.2744666666666667,0.7042666666666668,0.6823,0.2723,0.5444333333333333,0.1357333333333333,0.1789,0.3,0.0686,0.4127333333333333,0.2683666666666667,0.366,0.4348666666666667,0.3113666666666666,0.6093666666666666,0.4081333333333333,0.5043666666666666,0.3525333333333335,0.2520333333333333,0.1228666666666666,0.1020666666666666,0.1594666666666667,0.4507666666666666,0.0325166666666666,0.2651555555555555,494.06666666666666,98.8
en,2025-12-17,30.0,24.0,0.2687333333333333,0.1358,0.2343333333333333,0.1627,0.0689999999999999,0.2508,0.2303666666666666,0.6845666666666665,0.7038666666666668,0.1683999999999999,0.4196333333333332,0.0691,0.1759666666666666,0.1997,0.0248666666666666,0.3405666666666667,0.2319333333333333,0.2737333333333334,0.3607666666666666,0.2704666666666666,0.6179333333333334,0.3795666666666666,0.4818666666666666,0.2661666666666666,0.1200333333333333,0.0559,0.1183,0.1131666666666666,0.4146333333333333,0.0404916666666666,0.3333111111111111,384.3666666666667,76.43333333333334
en,2025-12-18,40.0,33.0,0.2432,0.160175,0.24155,0.17155,0.1021,0.2287999999999999,0.2214,0.657975,0.624925,0.144225,0.409975,0.0947249999999999,0.137325,0.187125,0.0515,0.324575,0.261575,0.1987749999999999,0.3907,0.3508749999999999,0.50005,0.35345,0.470575,0.299,0.10665,0.040675,0.13475,0.1104,0.410175,0.0386687499999999,0.2677916666666666,452.025,90.175
en,2025-12-19,43.0,33.0,0.2798604651162791,0.1674651162790698,0.268953488372093,0.1813023255813953,0.0678837209302325,0.2130697674418604,0.1751395348837209,0.6716279069767441,0.703906976744186,0.1544651162790697,0.4089534883720929,0.0839999999999999,0.1154418604651162,0.1689767441860465,0.0143953488372093,0.3146511627906976,0.2075116279069767,0.1986744186046511,0.3589302325581395,0.2309767441860465,0.5135348837209304,0.3442558139534883,0.5289302325581395,0.2642325581395348,0.0830465116279069,0.0279302325581395,0.0788837209302325,0.1159999999999999,0.3988372093023255,0.0839186046511628,0.3496899224806201,416.0232558139535,82.76744186046511
en,2025-12-20,53.0,38.0,0.3405283018867924,0.2277735849056603,0.2626415094339622,0.1795283018867924,0.0913207547169811,0.3208301886792453,0.2811132075471698,0.6820754716981132,0.6988679245283018,0.230188679245283,0.5140377358490567,0.108943396226415,0.124,0.2606037735849056,0.0313018867924528,0.3552641509433962,0.2207169811320755,0.2687735849056604,0.4376415094339623,0.282188679245283,0.6104716981132077,0.4113207547169811,0.4883773584905659,0.3091320754716981,0.1465849056603773,0.1194150943396226,0.1399622641509434,0.1260943396226415,0.3892452830188679,0.0465424528301886,0.342691823899371,541.2641509433962,107.45283018867924
en,2025-12-21,43.0,33.0,0.3391627906976744,0.2046976744186046,0.2280697674418604,0.1650930232558139,0.1047209302325581,0.2704651162790697,0.2493255813953488,0.6838604651162791,0.6993023255813955,0.1772093023255814,0.5068139534883721,0.1098372093023255,0.1747906976744186,0.1842325581395348,0.0301162790697674,0.3179302325581395,0.1987906976744186,0.2452558139534883,0.3931627906976744,0.2378604651162791,0.5545348837209304,0.3588837209302326,0.4855581395348836,0.2905348837209302,0.1294883720930232,0.0827906976744186,0.1207209302325581,0.1168372093023255,0.3999302325581395,0.0466627906976744,0.3174573643410852,434.86046511627904,87.4186046511628
en,2025-12-22,38.0,35.0,0.4223684210526315,0.2296842105263158,0.3194736842105263,0.2154473684210526,0.1197894736842105,0.3302631578947369,0.2586315789473684,0.7308947368421053,0.7356578947368422,0.2567894736842105,0.5063157894736843,0.146078947368421,0.1757631578947368,0.2769473684210526,0.0398421052631578,0.3732631578947368,0.2450526315789474,0.2909210526315789,0.4301842105263158,0.2798421052631579,0.5819210526315789,0.4045789473684211,0.5212368421052632,0.3207894736842105,0.1441842105263157,0.0863421052631579,0.1047894736842105,0.1396842105263157,0.4354736842105263,0.0717171052631578,0.3727105263157895,747.2105263157895,151.0
en,2025-12-23,40.0,34.0,0.400825,0.2937999999999999,0.275375,0.209,0.0816,0.307975,0.258275,0.750425,0.723175,0.1976,0.4228249999999999,0.10205,0.1083,0.216775,0.023825,0.3688,0.19865,0.28985,0.343375,0.25745,0.58395,0.350475,0.4806,0.256075,0.125675,0.086925,0.046825,0.104125,0.38905,0.0999625,0.3848583333333333,507.575,100.425
en,2025-12-24,29.0,28.0,0.3827931034482759,0.2507241379310345,0.3432413793103447,0.2238275862068965,0.1168275862068965,0.321103448275862,0.2862413793103448,0.7203448275862068,0.7408620689655172,0.204103448275862,0.4973793103448276,0.1368965517241379,0.1912068965517241,0.2577586206896551,0.0358275862068965,0.3712413793103448,0.2640689655172414,0.2302413793103448,0.471,0.3054827586206897,0.5904827586206898,0.411655172413793,0.4769310344827586,0.3512413793103448,0.1494137931034482,0.1391724137931034,0.1252068965517241,0.1382758620689655,0.4350689655172414,0.0811810344827586,0.3721379310344827,555.4137931034483,110.55172413793105
en,2025-12-25,28.0,21.0,0.2898214285714285,0.2168928571428571,0.3159285714285714,0.1641428571428571,0.1307857142857143,0.3720357142857143,0.2985357142857143,0.7450357142857141,0.6608571428571429,0.21025,0.5433214285714286,0.1192857142857142,0.1732142857142857,0.2235714285714286,0.0451071428571428,0.3674285714285715,0.2355357142857142,0.3097857142857143,0.4108928571428572,0.3858571428571428,0.6658571428571428,0.5253571428571429,0.5559999999999999,0.3439285714285714,0.1549642857142857,0.0788571428571428,0.0913928571428571,0.1234285714285714,0.4096071428571429,-0.0047142857142857,0.2914166666666666,580.1428571428571,116.57142857142856
en,2025-12-26,36.0,32.0,0.3114722222222222,0.1959166666666666,0.2677222222222222,0.1746111111111111,0.1064722222222222,0.3215555555555556,0.2644999999999999,0.6610555555555557,0.6689722222222223,0.16425,0.5370277777777779,0.0888333333333333,0.1176666666666666,0.2385277777777777,0.0348611111111111,0.3315277777777778,0.2077222222222222,0.2728888888888889,0.3874722222222222,0.3163055555555556,0.5837222222222223,0.3951111111111112,0.4560277777777778,0.2652777777777778,0.1335,0.0943333333333333,0.1217222222222222,0.1113888888888888,0.3863055555555555,0.0234166666666666,0.3095833333333334,519.9722222222222,103.0
en,2025-12-27,45.0,41.0,0.3844666666666667,0.1998888888888888,0.2775555555555555,0.1927555555555555,0.0842444444444444,0.2864444444444444,0.2308888888888888,0.7147555555555556,0.7752666666666667,0.1865555555555555,0.5421111111111111,0.1021555555555555,0.2192666666666666,0.2584,0.0458,0.3828666666666666,0.2452888888888888,0.2672,0.4303777777777778,0.2180444444444444,0.5229111111111111,0.389,0.5081555555555555,0.3935555555555555,0.1234888888888889,0.0750444444444444,0.0704666666666666,0.1402888888888888,0.4467555555555555,0.0783222222222222,0.3948518518518518,551.5777777777778,109.15555555555557
en,2025-12-28,33.0,28.0,0.3396666666666667,0.232060606060606,0.2973939393939394,0.1861212121212121,0.1405454545454545,0.3336060606060606,0.242969696969697,0.7136060606060606,0.6316969696969696,0.2066666666666667,0.5592121212121213,0.0949696969696969,0.1163636363636363,0.2235757575757575,0.0235151515151515,0.370969696969697,0.1836060606060606,0.2840303030303031,0.3066666666666667,0.3193636363636364,0.614030303030303,0.4093939393939393,0.5152727272727273,0.3611818181818181,0.1195757575757575,0.0629090909090909,0.128060606060606,0.1201212121212121,0.4163333333333333,0.0267348484848484,0.2823737373737374,557.7575757575758,113.45454545454544
en,2025-12-29,37.0,30.0,0.3477567567567566,0.2419459459459459,0.2851621621621622,0.2343513513513513,0.0773243243243243,0.2977567567567567,0.2444864864864864,0.6423783783783783,0.7470270270270268,0.2241351351351351,0.5177837837837838,0.1731891891891891,0.246135135135135,0.2454864864864865,0.0586486486486486,0.3582162162162162,0.2531891891891891,0.3054864864864864,0.4323513513513513,0.2144054054054054,0.590027027027027,0.3793783783783783,0.4084054054054055,0.2942432432432432,0.143027027027027,0.075081081081081,0.1861081081081081,0.145,0.4324324324324324,0.0897635135135135,0.3826576576576576,688.918918918919,137.56756756756758
en,2025-12-30,44.0,34.0,0.3405227272727272,0.1585681818181818,0.2567954545454545,0.1604090909090909,0.1190909090909091,0.3183181818181818,0.2515,0.7158409090909091,0.7235681818181819,0.2016136363636363,0.4487272727272727,0.122,0.1878181818181818,0.2525,0.0511818181818181,0.384590909090909,0.2773863636363636,0.2741818181818182,0.4401590909090909,0.3647954545454545,0.5854772727272728,0.3967045454545454,0.5465227272727273,0.3102954545454545,0.1704772727272727,0.1071818181818181,0.1078409090909091,0.1359545454545454,0.4245,0.0103693181818181,0.3212045454545454,429.45454545454544,86.0909090909091
en,2025-12-31,33.0,28.0,0.4505312499999999,0.304375,0.33546875,0.2325625,0.15228125,0.41084375,0.3638125,0.75175,0.7898124999999999,0.25721875,0.65278125,0.21596875,0.1863125,0.3327187499999999,0.10246875,0.45875,0.30859375,0.35234375,0.5519375,0.2812499999999999,0.66321875,0.42809375,0.560875,0.4073124999999999,0.19815625,0.099875,0.1387499999999999,0.18040625,0.48646875,0.0491718749999999,0.3729895833333333,711.5757575757576,141.57575757575756
en,2026-01-01,30.0,26.0,0.3741666666666666,0.2449333333333333,0.2993666666666666,0.1876333333333333,0.0911999999999999,0.3036333333333333,0.2507333333333333,0.6892666666666668,0.7345,0.2242333333333333,0.6107333333333334,0.0802333333333333,0.2760999999999999,0.2886,0.0883,0.4054,0.2853333333333332,0.3052666666666666,0.4275333333333334,0.2658333333333333,0.5631666666666667,0.3999333333333332,0.4397333333333334,0.3710666666666667,0.1033333333333333,0.0391333333333333,0.0766333333333333,0.1281666666666666,0.4343666666666667,0.0791083333333333,0.3781444444444444,638.1666666666666,128.86666666666667
en,2026-01-02,41.0,35.0,0.4336341463414633,0.3155853658536585,0.4241951219512195,0.2800975609756098,0.1176585365853658,0.3740243902439024,0.3065121951219512,0.7471707317073171,0.7217073170731707,0.2371463414634146,0.579780487804878,0.1889512195121951,0.1437073170731707,0.3462439024390243,0.0745853658536585,0.424951219512195,0.307,0.3021463414634146,0.4862682926829269,0.3171707317073171,0.6486829268292684,0.4443414634146341,0.5393902439024391,0.327609756097561,0.1456829268292683,0.1110243902439024,0.1512926829268292,0.1585365853658536,0.4842439024390244,0.1175365853658536,0.4088536585365854,709.6585365853658,139.6829268292683
en,2026-01-03,52.0,39.0,0.3097058823529411,0.2042941176470588,0.2683725490196078,0.1703921568627451,0.0877450980392157,0.2728431372549019,0.2269215686274509,0.6621176470588234,0.7184313725490198,0.2071372549019607,0.4885098039215685,0.1056078431372549,0.1206666666666666,0.237156862745098,0.0558039215686274,0.3608627450980393,0.2334901960784313,0.2437647058823529,0.3950980392156862,0.2962745098039215,0.506686274509804,0.3308235294117647,0.4808823529411764,0.3316274509803921,0.1467450980392156,0.0802941176470588,0.1249411764705882,0.1143921568627451,0.3866274509803922,0.0578970588235294,0.3444248366013072,580.5769230769231,114.32692307692308
en,2026-01-04,41.0,36.0,0.4122682926829268,0.295170731707317,0.3716585365853658,0.2256097560975609,0.1489024390243902,0.3841707317073171,0.3193414634146341,0.7152682926829268,0.7732439024390244,0.276170731707317,0.6895609756097562,0.1155121951219512,0.1822682926829268,0.3229024390243902,0.042170731707317,0.402609756097561,0.2856585365853658,0.3137560975609756,0.4543170731707316,0.2907073170731707,0.6275609756097561,0.4477073170731708,0.4547560975609757,0.4004146341463414,0.2029512195121951,0.1506585365853658,0.1527073170731707,0.1607317073170732,0.4583170731707317,0.059640243902439,0.3701544715447154,662.4878048780488,133.2439024390244
en,2026-01-05,39.0,37.0,0.4133333333333333,0.2729230769230769,0.3194358974358974,0.2306410256410256,0.0963076923076923,0.3277692307692307,0.2516923076923077,0.7120256410256411,0.7496666666666667,0.2099743589743589,0.552051282051282,0.117025641025641,0.1407435897435897,0.249,0.0554358974358974,0.3977435897435897,0.2665128205128205,0.2673333333333333,0.3795384615384615,0.2424102564102563,0.5878205128205127,0.415025641025641,0.4994871794871795,0.3897179487179487,0.1445128205128205,0.0784102564102564,0.1041025641025641,0.1372564102564102,0.4261538461538461,0.0970448717948717,0.3978376068376068,580.5128205128206,115.82051282051282
en,2026-01-06,46.0,38.0,0.319391304347826,0.177195652173913,0.2978478260869565,0.1674347826086956,0.1038260869565217,0.2903913043478261,0.2187608695652173,0.6820217391304348,0.6441739130434783,0.1729347826086956,0.5651086956521738,0.0880652173913043,0.134891304347826,0.2242608695652173,0.0671086956521739,0.3615217391304348,0.2162826086956521,0.2362173913043478,0.3447826086956521,0.3037391304347826,0.5485652173913043,0.3584782608695652,0.469804347826087,0.3420434782608695,0.1141304347826087,0.0479130434782608,0.0809782608695652,0.1142173913043478,0.3970217391304347,0.0433586956521739,0.3166449275362319,417.2826086956522,83.52173913043478
en,2026-01-07,39.0,32.0,0.3411538461538462,0.1904871794871794,0.2646153846153846,0.1487948717948717,0.1335641025641025,0.3572051282051282,0.3282307692307692,0.6996410256410256,0.677153846153846,0.1864358974358974,0.5138205128205129,0.1292564102564102,0.1669230769230769,0.2830256410256409,0.0474871794871794,0.4072307692307692,0.3139487179487179,0.2640769230769231,0.5116153846153845,0.4055384615384616,0.6164102564102565,0.3814358974358974,0.5505897435897434,0.3372820512820513,0.1492307692307692,0.0893333333333333,0.1593333333333333,0.1494102564102563,0.478128205128205,-0.0091217948717948,0.294076923076923,611.7435897435897,119.74358974358974
en,2026-01-08,53.0,36.0,0.4004423076923077,0.2916730769230769,0.2608846153846154,0.2354423076923076,0.0909615384615384,0.2887307692307693,0.2746538461538462,0.7235,0.7294807692307693,0.2584999999999999,0.5444038461538461,0.1220384615384615,0.2291153846153846,0.2797692307692307,0.0349038461538461,0.4080576923076923,0.2595961538461537,0.2991923076923077,0.4433653846153846,0.2387115384615384,0.61575,0.4253846153846154,0.5053269230769231,0.3448461538461539,0.1391923076923077,0.0455384615384615,0.1312115384615384,0.1393653846153846,0.4530384615384615,0.107264423076923,0.3726410256410256,731.4150943396227,143.56603773584905
en,2026-01-09,42.0,40.0,0.4014999999999999,0.2651190476190476,0.3459523809523809,0.1928809523809524,0.1264523809523809,0.369952380952381,0.3207857142857143,0.7292857142857143,0.7055,0.2287380952380952,0.5502380952380952,0.1154523809523809,0.1916428571428571,0.3034761904761905,0.0524047619047619,0.4107142857142857,0.2796904761904762,0.3103571428571429,0.428047619047619,0.2898809523809523,0.6364285714285715,0.4492857142857143,0.5307857142857143,0.3297619047619047,0.1457380952380952,0.1431904761904761,0.1642619047619047,0.1478333333333333,0.4607857142857143,0.0531607142857143,0.3578650793650794,645.047619047619,129.23809523809524
en,2026-01-10,28.0,26.0,0.3679285714285714,0.2609285714285714,0.28925,0.2017857142857142,0.1718571428571428,0.3803214285714286,0.3218928571428571,0.7255357142857143,0.7647142857142858,0.27725,0.5988214285714287,0.1729642857142857,0.2079285714285714,0.3325,0.0788571428571428,0.3715357142857142,0.2865714285714286,0.313,0.5043214285714286,0.3176071428571428,0.6313571428571428,0.469892857142857,0.5317142857142857,0.3329999999999999,0.2087857142857143,0.2395714285714285,0.1087142857142857,0.1744285714285714,0.4502142857142857,0.0038839285714285,0.3021071428571428,676.1428571428571,134.67857142857142
en,2026-01-11,68.0,46.0,0.3612058823529412,0.2283676470588235,0.292485294117647,0.2102058823529411,0.097985294117647,0.2655294117647058,0.2345588235294117,0.6845441176470589,0.7315588235294118,0.1682647058823529,0.4783823529411765,0.1071470588235294,0.1933529411764706,0.2226470588235294,0.052985294117647,0.3645147058823528,0.2370735294117646,0.2427058823529411,0.3885,0.2958529411764705,0.5601176470588234,0.3368382352941176,0.5479117647058824,0.3532058823529412,0.1276617647058823,0.0567205882352941,0.0932647058823529,0.1412941176470588,0.4189411764705881,0.0913088235294117,0.3637647058823529,446.6617647058824,88.98529411764706
en,2026-01-12,44.0,34.0,0.272906976744186,0.185,0.2297209302325581,0.1502093023255813,0.146860465116279,0.3286279069767442,0.2689767441860465,0.7059302325581396,0.5729302325581396,0.1580930232558139,0.4638837209302326,0.1063720930232558,0.2539767441860465,0.2443720930232558,0.0510232558139535,0.375953488372093,0.2794651162790698,0.2633953488372093,0.3875116279069767,0.4045348837209303,0.5731627906976744,0.3904883720930233,0.4942325581395348,0.3312790697674418,0.1067906976744186,0.0607441860465116,0.1294186046511627,0.1358372093023255,0.4335581395348837,-0.0282848837209302,0.2116589147286822,501.6363636363636,101.0
en,2026-01-13,43.0,30.0,0.3488809523809524,0.2665952380952381,0.2466666666666666,0.1998333333333333,0.1106904761904761,0.2919523809523809,0.2692142857142857,0.6761428571428573,0.7064047619047619,0.1894523809523809,0.5755238095238097,0.1138809523809523,0.2303095238095238,0.2320476190476191,0.050047619047619,0.349,0.2373571428571428,0.2178095238095238,0.4301190476190476,0.3164285714285714,0.5498333333333333,0.3785714285714285,0.4573571428571428,0.3721666666666666,0.1450238095238095,0.0945952380952381,0.1509285714285713,0.1201904761904762,0.3985238095238095,0.064172619047619,0.3232936507936507,595.8139534883721,119.6046511627907
en,2026-01-14,47.0,40.0,0.3588510638297872,0.2117872340425531,0.2861489361702127,0.2294893617021275,0.0989999999999999,0.2927234042553192,0.2606595744680851,0.7027234042553191,0.7252765957446807,0.1833191489361702,0.5244468085106383,0.1119787234042553,0.2692127659574468,0.2514468085106383,0.0731702127659574,0.3840212765957446,0.2647872340425532,0.2586382978723404,0.4252340425531915,0.2793404255319148,0.5739574468085107,0.3497234042553191,0.5112978723404256,0.2968510638297872,0.1161276595744681,0.0739361702127659,0.1124893617021276,0.1268085106382978,0.4292553191489361,0.0757074468085106,0.357758865248227,524.468085106383,104.36170212765956
en,2026-01-15,43.0,39.0,0.3891860465116279,0.218860465116279,0.2968604651162791,0.1970232558139535,0.1084418604651162,0.3199767441860465,0.2501860465116279,0.694139534883721,0.7150930232558139,0.2023720930232557,0.5194651162790697,0.1271395348837209,0.1538372093023255,0.2483953488372093,0.0664418604651162,0.3486279069767442,0.2447209302325581,0.2424418604651162,0.4006046511627907,0.3193953488372093,0.5415116279069767,0.3604651162790697,0.4986744186046511,0.3281860465116279,0.1300697674418604,0.0936046511627907,0.0832093023255814,0.1323488372093023,0.4300232558139534,0.0612732558139534,0.3586046511627907,597.6279069767442,120.3720930232558
en,2026-01-16,32.0,27.0,0.3391875,0.23884375,0.3182812499999999,0.2363125,0.1239375,0.30590625,0.2400312499999999,0.7242500000000001,0.70528125,0.1961562499999999,0.50878125,0.1413125,0.27290625,0.25590625,0.0724374999999999,0.352625,0.28746875,0.24790625,0.4226875,0.31665625,0.5627500000000001,0.39184375,0.47465625,0.3226875,0.14415625,0.121375,0.1349375,0.1526875,0.4435625,0.068234375,0.3303125,501.4375,102.5
en,2026-01-17,51.0,37.0,0.3704117647058824,0.2252549019607843,0.2511176470588235,0.2133333333333333,0.0908823529411764,0.2384313725490196,0.2078627450980392,0.7117647058823529,0.759843137254902,0.2233725490196078,0.4404313725490196,0.1128039215686274,0.3345490196078431,0.2118431372549019,0.0315098039215686,0.3383137254901961,0.2667843137254901,0.220156862745098,0.5027647058823529,0.2155098039215686,0.4895294117647058,0.3264509803921568,0.4742549019607843,0.3509411764705882,0.1391176470588235,0.0681764705882353,0.1268431372549019,0.1271764705882352,0.4124509803921569,0.1003725490196078,0.3695751633986928,456.7058823529412,92.33333333333331
en,2026-01-18,46.0,36.0,0.2511956521739131,0.1563478260869565,0.2666304347826086,0.1495869565217391,0.0947391304347826,0.2786739130434782,0.2444347826086956,0.7123043478260871,0.6293478260869565,0.1543043478260869,0.4458695652173914,0.0924130434782608,0.1020434782608695,0.2390652173913043,0.0281086956521739,0.3404782608695652,0.2183913043478261,0.2420652173913043,0.3595652173913043,0.3613260869565217,0.5382391304347827,0.4132391304347825,0.5063478260869566,0.3036521739130435,0.1093260869565217,0.0961739130434782,0.084891304347826,0.1148695652173913,0.4166304347826087,0.0192336956521739,0.2876521739130435,401.2391304347826,80.67391304347827
en,2026-01-19,49.0,37.0,0.3540612244897958,0.2329795918367347,0.2417959183673469,0.1733061224489795,0.1086530612244898,0.2438571428571428,0.2123673469387755,0.7039795918367348,0.7355714285714285,0.2278775510204081,0.4824285714285714,0.1001224489795918,0.2482244897959183,0.1698571428571428,0.026469387755102,0.3443469387755101,0.2403469387755102,0.1909591836734694,0.4779795918367346,0.276204081632653,0.5586122448979592,0.4002244897959183,0.446,0.289265306122449,0.1234489795918367,0.0441224489795918,0.0871224489795918,0.1046122448979591,0.4075714285714286,0.0742806122448979,0.335156462585034,405.6122448979592,81.3265306122449
en,2026-01-20,53.0,41.0,0.3548490566037737,0.1944905660377358,0.2149433962264151,0.1590188679245283,0.1337358490566037,0.3189245283018868,0.2788490566037735,0.6822075471698114,0.6917358490566039,0.2148679245283019,0.5202075471698113,0.1211132075471698,0.2929433962264151,0.2546792452830188,0.0710754716981132,0.3350000000000001,0.2696603773584905,0.2685471698113207,0.4249056603773584,0.3123584905660378,0.6047735849056605,0.4323584905660377,0.460056603773585,0.3120188679245284,0.1591132075471698,0.1004339622641509,0.0753584905660377,0.1300566037735849,0.428622641509434,0.0044952830188679,0.2867735849056603,483.3018867924528,96.43396226415096
en,2026-01-21,49.0,39.0,0.4197551020408163,0.2446734693877551,0.229469387755102,0.178469387755102,0.1270816326530612,0.3207142857142857,0.2686938775510204,0.7129591836734694,0.7396938775510203,0.2135918367346938,0.5418571428571428,0.1467551020408163,0.289734693877551,0.2594081632653061,0.0454897959183673,0.4058571428571428,0.3035510204081633,0.248938775510204,0.4881020408163264,0.272530612244898,0.5692448979591836,0.4396122448979592,0.4761224489795918,0.4095714285714286,0.1591632653061224,0.0688163265306122,0.0911632653061224,0.1547959183673469,0.4580816326530612,0.0441938775510204,0.335891156462585,654.2448979591836,131.85714285714286
en,2026-01-22,51.0,40.0,0.3705490196078431,0.200156862745098,0.2405490196078431,0.1657450980392157,0.0895490196078431,0.3004705882352941,0.2587647058823529,0.6666078431372547,0.707686274509804,0.2162745098039215,0.4723529411764705,0.0950980392156862,0.1909803921568627,0.2522156862745098,0.0417450980392156,0.3849999999999999,0.2452156862745098,0.2615294117647059,0.4065294117647058,0.2728627450980392,0.5608039215686275,0.3628039215686274,0.5055686274509804,0.2999607843137255,0.1208627450980392,0.073156862745098,0.0981176470588235,0.1231960784313725,0.4078039215686275,0.0492401960784313,0.3500457516339869,579.1372549019608,115.11764705882354
en,2026-01-23,53.0,38.0,0.3136037735849056,0.1798301886792452,0.2359245283018868,0.1808301886792452,0.1595094339622641,0.2671698113207547,0.2594528301886792,0.6308490566037737,0.6482075471698114,0.1762452830188679,0.4486981132075472,0.1011320754716981,0.1952452830188679,0.2361132075471698,0.0471320754716981,0.3449622641509433,0.2588113207547169,0.239943396226415,0.4339433962264151,0.3258867924528302,0.5302830188679246,0.3749245283018868,0.4506226415094339,0.3046792452830189,0.1502641509433962,0.0861132075471698,0.0851132075471698,0.1093962264150943,0.4024905660377358,0.0142075471698113,0.2397358490566038,569.6603773584906,115.71698113207547
en,2026-01-24,53.0,45.0,0.3774150943396226,0.2495094339622641,0.2946603773584905,0.1936603773584905,0.107188679245283,0.3165660377358491,0.2609245283018868,0.7136981132075472,0.7374905660377358,0.2393207547169811,0.5657169811320755,0.1458867924528302,0.2377924528301886,0.2495660377358491,0.0379811320754717,0.3892452830188679,0.2294528301886792,0.3117547169811321,0.3797358490566037,0.2623018867924528,0.644698113207547,0.4352830188679245,0.5120566037735849,0.3736603773584905,0.1498490566037736,0.0668301886792452,0.1301509433962264,0.1394905660377358,0.4346981132075471,0.0669339622641509,0.3626666666666667,702.6415094339623,138.9811320754717
en,2026-01-25,44.0,37.0,0.3697272727272727,0.2728636363636363,0.2879318181818182,0.2156363636363636,0.1194545454545454,0.3317045454545455,0.2742045454545454,0.6975909090909092,0.7293636363636363,0.218340909090909,0.4665227272727273,0.1654999999999999,0.2350227272727273,0.2832045454545454,0.0617954545454545,0.3988636363636363,0.2817272727272726,0.2928181818181818,0.4568636363636363,0.2877727272727273,0.5940681818181819,0.4538409090909091,0.5070454545454545,0.3268636363636364,0.1612045454545454,0.0666363636363636,0.1179999999999999,0.1490909090909091,0.4406590909090908,0.0609602272727272,0.3428863636363636,579.6363636363636,117.1818181818182
en,2026-01-26,29.0,27.0,0.2739999999999999,0.2044137931034482,0.2630344827586207,0.1976896551724137,0.0805862068965517,0.2682758620689655,0.2974482758620689,0.682655172413793,0.6536206896551723,0.1327241379310345,0.4705172413793104,0.1184137931034482,0.1382413793103448,0.2822413793103448,0.0818275862068965,0.3477586206896551,0.2312413793103448,0.2434482758620689,0.3951379310344827,0.3069655172413792,0.553344827586207,0.314896551724138,0.541896551724138,0.3135172413793103,0.1211379310344827,0.0440344827586206,0.1339655172413793,0.1334827586206896,0.4186896551724138,0.060353448275862,0.3162988505747126,550.5862068965517,110.10344827586206
en,2026-01-27,49.0,42.0,0.4495510204081633,0.2535918367346939,0.3505510204081632,0.2167142857142857,0.0769591836734693,0.2970816326530612,0.2543469387755102,0.7074285714285714,0.7247755102040817,0.1984081632653061,0.5277142857142857,0.1061224489795918,0.1914897959183673,0.2466122448979592,0.0494897959183673,0.3988571428571428,0.2610816326530612,0.309938775510204,0.4328979591836734,0.2474897959183673,0.6206122448979592,0.397408163265306,0.5338163265306123,0.345,0.1330204081632653,0.0800816326530612,0.2164489795918367,0.1390408163265306,0.4285102040816326,0.1305816326530612,0.4313333333333333,673.6938775510204,132.48979591836735
en,2026-01-28,50.0,39.0,0.33228,0.23896,0.30014,0.2157,0.1103,0.3081,0.2638199999999999,0.7129600000000003,0.7287199999999998,0.20268,0.5128999999999999,0.11964,0.2128,0.26798,0.03896,0.35316,0.24092,0.28798,0.40928,0.25134,0.5441,0.38638,0.51618,0.3026199999999999,0.1558,0.10848,0.1467399999999999,0.13674,0.4124199999999999,0.0625699999999999,0.3434133333333333,501.6,100.86
en,2026-01-29,56.0,45.0,0.3694107142857142,0.3048392857142857,0.3813928571428571,0.2257857142857142,0.1308392857142856,0.3743214285714285,0.3065892857142857,0.7445892857142857,0.7189464285714285,0.2344464285714285,0.6209107142857143,0.135625,0.1750892857142857,0.3275357142857142,0.0861785714285714,0.3992857142857143,0.2872142857142857,0.3249464285714286,0.4530535714285714,0.2907321428571428,0.6479642857142858,0.4762321428571428,0.4771785714285714,0.35125,0.1645357142857142,0.095875,0.1082142857142857,0.1692142857142857,0.4666964285714285,0.0677767857142857,0.3590773809523809,745.0357142857143,150.17857142857142
en,2026-01-30,44.0,34.0,0.3213181818181818,0.203840909090909,0.254840909090909,0.180840909090909,0.0652727272727272,0.2376136363636363,0.2214318181818181,0.6929772727272728,0.7236363636363636,0.1580909090909091,0.470590909090909,0.0979772727272727,0.1360681818181818,0.2024545454545454,0.0199545454545454,0.3159318181818182,0.2018409090909091,0.2190681818181818,0.3581363636363636,0.2145,0.492590909090909,0.2962727272727272,0.5301136363636364,0.2442727272727273,0.1118181818181818,0.0519772727272727,0.0469318181818181,0.1231590909090909,0.3835681818181818,0.0887670454545454,0.3679924242424242,383.29545454545456,76.0909090909091
en,2026-01-31,45.0,34.0,0.487111111111111,0.3343777777777778,0.4068666666666667,0.2596666666666666,0.1234222222222222,0.400311111111111,0.3406666666666667,0.7534222222222221,0.7332444444444445,0.2683777777777777,0.691711111111111,0.1437777777777777,0.2828444444444444,0.3533333333333333,0.0618888888888888,0.4747111111111111,0.3106666666666667,0.3889777777777776,0.4557555555555554,0.2810222222222222,0.7155777777777778,0.5248666666666667,0.5325777777777778,0.4805777777777778,0.1519333333333333,0.1126888888888888,0.1219333333333333,0.2023555555555556,0.5036222222222222,0.1101388888888889,0.4189851851851852,942.2222222222222,188.7555555555556
en,2026-02-01,44.0,30.0,0.2950909090909091,0.2072727272727272,0.2184318181818182,0.1481590909090908,0.1561590909090909,0.3268863636363636,0.25575,0.7029772727272728,0.62875,0.1753636363636363,0.4803181818181817,0.1177954545454545,0.203590909090909,0.2236136363636363,0.0822045454545454,0.3732045454545454,0.2908863636363636,0.27175,0.4467727272727273,0.3217272727272727,0.6100681818181818,0.4031818181818181,0.4923636363636364,0.3202954545454545,0.1310681818181818,0.0797727272727272,0.1187272727272727,0.13425,0.4608863636363635,-0.0242840909090909,0.2245984848484848,580.9772727272727,117.4318181818182
en,2026-02-02,62.0,43.0,0.3695806451612904,0.2524516129032258,0.3298870967741936,0.218758064516129,0.1175645161290322,0.3506451612903226,0.3019516129032257,0.7502096774193548,0.7047419354838709,0.1973548387096773,0.5910000000000001,0.111016129032258,0.1807258064516128,0.2575645161290322,0.0536935483870967,0.4025806451612903,0.2316451612903226,0.3240483870967743,0.3653387096774192,0.3178548387096774,0.6399193548387095,0.383774193548387,0.508241935483871,0.3730645161290322,0.1396774193548387,0.1199354838709677,0.1337903225806451,0.1351935483870968,0.4431290322580645,0.0585645161290322,0.350505376344086,604.9677419354839,122.2258064516129
en,2026-02-03,39.0,33.0,0.2888205128205128,0.1695384615384615,0.2387179487179487,0.1637435897435897,0.1406923076923077,0.2876410256410256,0.2373589743589743,0.7054871794871795,0.6378717948717948,0.1514358974358974,0.5572051282051281,0.1194358974358974,0.1996923076923076,0.2120769230769231,0.0334102564102564,0.3528461538461539,0.2198461538461538,0.2670769230769231,0.4598717948717949,0.3641282051282051,0.5774871794871795,0.4044102564102564,0.4993846153846153,0.286,0.1061282051282051,0.0582051282051282,0.1307948717948718,0.1162051282051281,0.3972564102564103,0.0010384615384615,0.2477777777777778,638.1282051282051,130.87179487179486
en,2026-02-04,34.0,29.0,0.4131470588235294,0.3035,0.3085882352941176,0.2484117647058824,0.1103529411764705,0.3169411764705882,0.2952941176470589,0.7455588235294117,0.7415588235294118,0.2299999999999999,0.5390588235294117,0.1322941176470588,0.1446176470588235,0.2498823529411764,0.0586176470588235,0.4246176470588235,0.277,0.2876470588235293,0.447735294117647,0.2687058823529412,0.6134411764705883,0.3240294117647059,0.566529411764706,0.3031764705882352,0.142235294117647,0.0529705882352941,0.0423235294117647,0.1599117647058823,0.4505882352941177,0.1047647058823529,0.3774117647058823,586.9705882352941,117.02941176470588
en,2026-02-05,36.0,31.0,0.3421111111111111,0.25175,0.32025,0.2021388888888889,0.1026388888888888,0.2700555555555556,0.2056666666666666,0.6469166666666667,0.7245,0.2351388888888889,0.504638888888889,0.1417777777777777,0.2028333333333333,0.2218333333333333,0.0413611111111111,0.3315277777777778,0.2221388888888888,0.2234722222222222,0.4062222222222222,0.2566388888888889,0.5502777777777778,0.3656666666666666,0.4493055555555555,0.3263611111111111,0.1333055555555555,0.0932222222222222,0.1600833333333333,0.1216388888888889,0.3969722222222222,0.0927152777777777,0.3596481481481481,526.9722222222222,105.75
en,2026-02-06,36.0,31.0,0.3621944444444444,0.2536388888888888,0.3084166666666666,0.1911944444444444,0.1403055555555555,0.3404722222222223,0.2780555555555555,0.7080833333333333,0.7063888888888887,0.2292222222222222,0.5683888888888888,0.1254722222222222,0.1785833333333333,0.2550555555555556,0.0851111111111111,0.3953611111111111,0.2703055555555556,0.2704999999999999,0.4234166666666666,0.3313888888888888,0.5698333333333334,0.4119166666666666,0.4892222222222221,0.3524722222222222,0.1480833333333333,0.1119722222222222,0.1096388888888889,0.1645,0.4384166666666667,0.0384722222222222,0.3186944444444444,565.8055555555555,113.80555555555556
en,2026-02-07,36.0,32.0,0.3491111111111111,0.2846388888888889,0.3221666666666667,0.2183888888888888,0.1505555555555555,0.34725,0.3023888888888889,0.6875277777777777,0.6329722222222222,0.2470833333333332,0.5403888888888889,0.1478333333333333,0.2005833333333333,0.2836111111111112,0.0651388888888889,0.4096388888888888,0.2763055555555556,0.330861111111111,0.4308055555555556,0.3925277777777777,0.6712777777777778,0.4236111111111111,0.4849722222222222,0.3221388888888888,0.1848333333333333,0.1339722222222222,0.1602499999999999,0.1697222222222222,0.4625555555555556,0.0446736111111111,0.2841944444444444,660.9722222222222,125.77777777777776
en,2026-02-08,37.0,31.0,0.3785405405405406,0.2277837837837837,0.296027027027027,0.2143243243243243,0.0827027027027026,0.3031351351351351,0.2419459459459459,0.7273243243243244,0.7437027027027028,0.1746216216216216,0.5466486486486487,0.0977297297297297,0.2743243243243243,0.2395135135135135,0.0293513513513513,0.3706486486486486,0.2153783783783784,0.2888378378378378,0.3176756756756757,0.2385135135135135,0.6164324324324326,0.3706756756756757,0.5446486486486487,0.3845135135135135,0.1092432432432432,0.0442702702702702,0.1719459459459459,0.1453513513513513,0.4245675675675676,0.08625,0.390054054054054,551.4324324324324,111.27027027027027
en,2026-02-09,38.0,29.0,0.3497368421052632,0.1912631578947368,0.2146578947368421,0.2127105263157895,0.0845,0.2587368421052631,0.2067894736842105,0.6998684210526316,0.7496578947368422,0.2038947368421053,0.510736842105263,0.1418421052631578,0.2153684210526316,0.2622105263157895,0.0477894736842105,0.3902368421052631,0.2388947368421052,0.3519736842105264,0.3455,0.2221315789473684,0.5813684210526315,0.3821052631578947,0.479157894736842,0.3557105263157895,0.1493421052631579,0.0873157894736842,0.0803157894736842,0.1112105263157894,0.4324736842105263,0.0704736842105263,0.3535175438596491,619.3684210526316,117.05263157894736
en,2026-02-10,43.0,40.0,0.3305581395348836,0.2276511627906976,0.2805348837209303,0.1829302325581395,0.1213255813953488,0.3082325581395349,0.2466511627906976,0.6658139534883721,0.6927906976744186,0.1884651162790697,0.5503255813953488,0.1292790697674418,0.1660232558139534,0.2689302325581396,0.0572558139534883,0.3479767441860465,0.2190697674418604,0.2568837209302326,0.3971627906976744,0.2856511627906977,0.5510930232558139,0.3978139534883722,0.4053488372093024,0.336906976744186,0.1396511627906976,0.0513953488372093,0.0968372093023255,0.1277674418604651,0.4071860465116279,0.0406395348837209,0.3133023255813953,489.6976744186047,99.51162790697674
en,2026-02-11,37.0,34.0,0.297108108108108,0.218027027027027,0.2533243243243243,0.210027027027027,0.0827837837837837,0.2425405405405405,0.2016756756756756,0.663945945945946,0.7206756756756756,0.1688648648648649,0.4939999999999999,0.087054054054054,0.2078108108108108,0.184,0.0381081081081081,0.3186216216216216,0.1836216216216216,0.2114054054054054,0.3147567567567568,0.2486216216216216,0.5096486486486487,0.306054054054054,0.4219189189189189,0.2897297297297297,0.1139459459459459,0.0598648648648648,0.1033243243243243,0.1001621621621621,0.3559459459459459,0.0819594594594594,0.3409189189189189,390.2972972972973,78.8108108108108
en,2026-02-12,31.0,24.0,0.3601612903225806,0.2759999999999999,0.2758709677419355,0.2544838709677419,0.0939354838709677,0.290032258064516,0.2343225806451612,0.7081935483870967,0.748774193548387,0.2197096774193548,0.5307096774193549,0.1334838709677419,0.2431290322580644,0.2924193548387097,0.0809354838709677,0.3638387096774192,0.2411612903225806,0.2941290322580645,0.3563225806451612,0.2374838709677419,0.5784516129032258,0.3703870967741935,0.5026129032258064,0.3409354838709677,0.1412903225806452,0.138258064516129,0.1590645161290322,0.152,0.4038064516129033,0.0996451612903225,0.3676666666666666,550.7741935483871,110.80645161290325
en,2026-02-13,44.0,37.0,0.3484090909090909,0.2230454545454545,0.2677727272727273,0.1933636363636363,0.1316136363636364,0.322,0.280590909090909,0.6613181818181818,0.6822727272727273,0.1986590909090909,0.4851590909090909,0.1107954545454545,0.2075681818181818,0.2592727272727272,0.0523863636363636,0.3564545454545454,0.2552045454545454,0.2637954545454545,0.3999318181818182,0.3246363636363636,0.5471136363636364,0.3590681818181818,0.5248181818181819,0.2914090909090908,0.1683863636363636,0.1006136363636363,0.1016818181818181,0.1514545454545454,0.4340909090909091,0.031340909090909,0.3012045454545454,513.5681818181819,100.52272727272728
en,2026-02-14,48.0,39.0,0.3039375,0.2157916666666667,0.2384583333333333,0.1709375,0.1269583333333333,0.2907083333333333,0.2485416666666666,0.7015208333333334,0.6792083333333333,0.2007083333333333,0.4344375,0.1330625,0.2776458333333333,0.2831666666666666,0.0704375,0.3521875,0.2653749999999999,0.2398749999999999,0.4754374999999999,0.293375,0.5501458333333333,0.3752916666666666,0.4509166666666666,0.2968333333333333,0.1455,0.0613541666666666,0.164875,0.1463125,0.4344375,0.0234479166666666,0.2802430555555555,602.4583333333334,122.25
en,2026-02-15,38.0,30.0,0.3407631578947369,0.2208421052631578,0.246578947368421,0.1981052631578947,0.163078947368421,0.3216052631578946,0.2741052631578947,0.6720263157894736,0.7118421052631578,0.195078947368421,0.4808947368421052,0.1090526315789474,0.2028421052631579,0.2515,0.0794736842105263,0.3724473684210525,0.2335526315789473,0.2535263157894736,0.3935263157894736,0.2898947368421053,0.5670263157894736,0.3616842105263158,0.4749473684210525,0.3275,0.1418684210526316,0.0998947368421052,0.0906052631578947,0.1386052631578947,0.4255526315789473,0.0092302631578947,0.2699824561403509,740.1315789473684,146.52631578947367
en,2026-02-16,46.0,41.0,0.4108478260869565,0.273195652173913,0.3114782608695652,0.2273043478260869,0.1112173913043478,0.3350652173913043,0.2829565217391305,0.7217391304347825,0.7473478260869565,0.2341304347826087,0.5452608695652174,0.1376521739130434,0.2585217391304348,0.3192826086956521,0.073891304347826,0.4051304347826087,0.2974782608695652,0.302195652173913,0.4226304347826086,0.2789565217391304,0.6057173913043478,0.4511304347826086,0.5255000000000001,0.3415652173913043,0.1662173913043478,0.0945869565217391,0.1383478260869565,0.1841521739130434,0.4671739130434783,0.0825652173913043,0.3786739130434783,612.3260869565217,123.15217391304348
en,2026-02-17,48.0,41.0,0.3738541666666666,0.2531458333333333,0.31675,0.2033333333333333,0.1115,0.3375833333333333,0.2880208333333333,0.7182916666666667,0.7141875,0.2647708333333333,0.576375,0.1772083333333333,0.2074791666666666,0.3040624999999999,0.0462708333333333,0.4100208333333333,0.2678125,0.3443958333333333,0.3943333333333333,0.2549166666666666,0.6226875,0.4389375,0.5576041666666667,0.3191041666666667,0.1646458333333333,0.1222291666666666,0.122,0.1639166666666666,0.4620625,0.0622291666666666,0.3567638888888889,737.4583333333334,146.27083333333334
en,2026-02-18,42.0,36.0,0.2286190476190475,0.1640238095238095,0.221642857142857,0.1449047619047619,0.1275714285714285,0.2793333333333333,0.2268809523809523,0.7033571428571428,0.6366666666666666,0.1448333333333333,0.4471666666666666,0.0982380952380952,0.1226666666666666,0.2078571428571428,0.0254761904761904,0.3473333333333334,0.2402619047619048,0.2404285714285714,0.3850714285714285,0.332095238095238,0.5229285714285714,0.3547857142857142,0.5182380952380953,0.2947142857142856,0.1041904761904762,0.078547619047619,0.1699285714285714,0.1172857142857142,0.4121904761904762,-0.0136547619047619,0.2347380952380952,347.5238095238095,70.69047619047619
en,2026-02-19,44.0,36.0,0.299659090909091,0.1917954545454545,0.2823181818181818,0.151840909090909,0.0953181818181818,0.2619318181818182,0.2119545454545454,0.6492272727272727,0.6890681818181817,0.1866363636363636,0.3628181818181818,0.079,0.1863181818181818,0.215,0.0248181818181818,0.3306363636363637,0.2469772727272727,0.2176590909090908,0.3914772727272728,0.2591363636363636,0.5135000000000001,0.3531818181818181,0.4284545454545455,0.2332499999999999,0.10175,0.0642045454545454,0.0923863636363636,0.1087727272727272,0.3929772727272727,0.0527784090909091,0.3283636363636363,399.3181818181818,78.88636363636364
en,2026-02-20,34.0,27.0,0.386970588235294,0.3006764705882352,0.3272647058823529,0.2421176470588235,0.0690588235294117,0.2870882352941176,0.2615588235294118,0.7094705882352941,0.7821764705882353,0.2305588235294118,0.4910882352941176,0.1544705882352941,0.1989411764705882,0.2328235294117647,0.0632941176470588,0.3548823529411764,0.258,0.236,0.4444117647058823,0.2055882352941176,0.5749411764705883,0.3687647058823529,0.5197941176470589,0.3196764705882353,0.1270882352941176,0.0798823529411764,0.0917647058823529,0.1488529411764706,0.4156470588235294,0.1361838235294117,0.4297450980392157,557.4705882352941,110.67647058823528
en,2026-02-21,45.0,33.0,0.3149111111111111,0.1982666666666666,0.2886222222222222,0.1965555555555555,0.1311777777777777,0.2966666666666666,0.2322,0.7001555555555556,0.7134,0.1879333333333333,0.5268222222222223,0.1287333333333333,0.1591555555555555,0.2281777777777777,0.0289777777777777,0.3481555555555555,0.2160444444444444,0.2766444444444444,0.3831777777777777,0.2704888888888889,0.5556888888888888,0.3397111111111111,0.4624444444444444,0.2729777777777778,0.1482888888888889,0.092,0.1068888888888888,0.1175555555555555,0.4184888888888889,0.0356666666666666,0.3077999999999999,435.8888888888889,84.77777777777777
en,2026-02-22,46.0,41.0,0.3344565217391304,0.2217608695652173,0.2991956521739131,0.1807173913043478,0.1026086956521739,0.2928260869565217,0.2457826086956522,0.6778913043478261,0.7151739130434783,0.1755,0.5228695652173913,0.1335217391304347,0.1794782608695652,0.2412173913043478,0.0386521739130434,0.3392826086956522,0.225,0.2758478260869564,0.3918913043478261,0.2701086956521739,0.5630434782608696,0.3853260869565217,0.4711521739130435,0.3152173913043478,0.1222608695652173,0.0632826086956521,0.1151521739130434,0.116891304347826,0.4091956521739129,0.0613152173913043,0.347,595.9130434782609,118.45652173913044
en,2026-02-23,38.0,33.0,0.3285135135135135,0.1715945945945946,0.184081081081081,0.1706216216216216,0.0923243243243243,0.2675135135135135,0.2549189189189188,0.7094324324324324,0.7425675675675676,0.1538918918918918,0.4382702702702702,0.0765135135135135,0.1777837837837838,0.2488378378378378,0.0346216216216216,0.3315675675675676,0.2382972972972973,0.2688918918918918,0.3755945945945946,0.2225135135135135,0.5387297297297298,0.3367297297297297,0.5188918918918919,0.3017567567567568,0.1424324324324324,0.0426756756756756,0.0969189189189189,0.1014054054054054,0.4078648648648648,0.0337837837837837,0.326063063063063,411.9736842105263,83.1842105263158
en,2026-02-24,40.0,32.0,0.2931499999999999,0.1478,0.2081,0.125425,0.124825,0.296,0.2729499999999999,0.691925,0.6593500000000001,0.186475,0.477775,0.1083,0.2433499999999999,0.239125,0.04835,0.330175,0.2692,0.2098,0.461125,0.370475,0.5204000000000001,0.374225,0.498325,0.297575,0.142625,0.09185,0.156325,0.12235,0.42695,-0.01679375,0.2620416666666667,424.25,86.25
en,2026-02-25,48.0,40.0,0.397063829787234,0.2346808510638298,0.2681914893617021,0.2010425531914893,0.1064042553191489,0.2921063829787234,0.256,0.7264255319148936,0.7492127659574468,0.1906808510638298,0.4245531914893617,0.1136595744680851,0.1602553191489361,0.2491702127659574,0.0447021276595744,0.375595744680851,0.2488297872340425,0.2425744680851063,0.4030212765957446,0.224127659574468,0.5732127659574469,0.3966170212765957,0.5156595744680851,0.3059787234042553,0.1242340425531915,0.034127659574468,0.1023191489361702,0.1436382978723404,0.4399148936170213,0.0759893617021276,0.3650851063829787,508.0208333333333,103.14583333333331
en,2026-02-26,35.0,29.0,0.2408285714285714,0.1938857142857142,0.2640857142857142,0.1725714285714286,0.0960571428571428,0.2358857142857142,0.2219428571428571,0.6357714285714285,0.6362285714285715,0.1370571428571428,0.4624857142857143,0.0902,0.1337428571428571,0.1848857142857143,0.0346,0.2983428571428571,0.2261714285714285,0.1669714285714285,0.4266285714285714,0.298,0.4848285714285714,0.2928857142857142,0.4696571428571428,0.3140571428571428,0.1346,0.0545142857142857,0.1678857142857142,0.1181142857142857,0.3779428571428572,0.0518714285714285,0.2843238095238095,429.37142857142857,87.85714285714286
en,2026-02-27,44.0,29.0,0.3216363636363636,0.2182727272727272,0.2753181818181818,0.1796363636363636,0.0871590909090909,0.2656590909090909,0.2335227272727272,0.7059772727272727,0.7218636363636365,0.1563636363636363,0.4534318181818182,0.1078636363636363,0.1481136363636364,0.1946818181818181,0.0607272727272727,0.3616590909090909,0.2162272727272727,0.2799090909090909,0.3339545454545454,0.3065681818181818,0.5530227272727273,0.3819772727272728,0.5002045454545455,0.2809090909090909,0.1250681818181818,0.0601136363636363,0.0591818181818181,0.1153863636363636,0.4129772727272727,0.0723068181818182,0.3524469696969697,448.0681818181818,90.95454545454544
en,2026-02-28,44.0,40.0,0.3985227272727273,0.2803409090909091,0.2792045454545455,0.21475,0.1134999999999999,0.3086818181818181,0.2860909090909092,0.7534318181818183,0.7480454545454546,0.2334999999999999,0.5005909090909091,0.1577954545454545,0.1851136363636363,0.2601136363636362,0.0340681818181818,0.4137727272727272,0.2478636363636363,0.3290227272727273,0.4134318181818182,0.27825,0.622659090909091,0.4501590909090909,0.5376363636363636,0.3376818181818181,0.1723409090909091,0.09775,0.1605454545454545,0.1473863636363636,0.4444090909090908,0.0821136363636363,0.3617575757575757,826.5,166.6590909090909
en,2026-03-01,42.0,36.0,0.3345238095238095,0.2056428571428571,0.2646428571428571,0.1743095238095238,0.1248333333333333,0.3105238095238095,0.2765714285714286,0.6743809523809523,0.681095238095238,0.2028571428571429,0.4447380952380952,0.1559285714285714,0.2019761904761904,0.268547619047619,0.0640952380952381,0.3540714285714286,0.2675714285714285,0.2770476190476191,0.430642857142857,0.3203333333333333,0.5547380952380951,0.3530952380952381,0.4885714285714285,0.3243095238095238,0.1766904761904762,0.1384047619047619,0.1512857142857143,0.1484047619047619,0.4385714285714286,0.0271011904761904,0.3019206349206349,570.5,113.1904761904762
en,2026-03-02,64.0,45.0,0.281625,0.216484375,0.224015625,0.1817812499999999,0.11634375,0.26325,0.25090625,0.66153125,0.6360781249999999,0.156375,0.4511406249999999,0.0895156249999999,0.162171875,0.212640625,0.02490625,0.3266875,0.224703125,0.243125,0.347546875,0.3810624999999999,0.5455625000000001,0.332078125,0.4799375,0.284828125,0.123796875,0.0550468749999999,0.11934375,0.100921875,0.3924999999999999,0.0361796874999999,0.2642291666666667,374.34375,75.21875
en,2026-03-03,38.0,31.0,0.3908421052631579,0.2175,0.2352631578947368,0.2217631578947368,0.2112105263157895,0.3335,0.3356315789473684,0.706921052631579,0.6884210526315788,0.2319736842105263,0.5120789473684211,0.1671315789473684,0.1952894736842105,0.2641052631578948,0.0481052631578947,0.4032894736842104,0.2913157894736842,0.2480263157894737,0.514842105263158,0.3446315789473684,0.5443947368421052,0.3656315789473684,0.5531052631578948,0.3599473684210526,0.1673947368421053,0.1071052631578947,0.0867105263157894,0.1665,0.4638421052631578,-0.0060131578947368,0.2269649122807017,630.7368421052631,125.44736842105264
en,2026-03-04,41.0,35.0,0.3551707317073171,0.2464146341463414,0.2921463414634146,0.2049756097560975,0.0945853658536585,0.2495609756097561,0.2262926829268292,0.6606585365853659,0.7814878048780487,0.193390243902439,0.465219512195122,0.1253658536585365,0.2607073170731707,0.2058048780487804,0.0983170731707317,0.3180487804878048,0.2348536585365853,0.2240243902439024,0.4037317073170731,0.2285121951219512,0.4809024390243902,0.3401463414634146,0.454,0.3108292682926829,0.1845365853658536,0.0860243902439024,0.1258536585365853,0.130390243902439,0.3832195121951219,0.1026036585365853,0.3816829268292683,494.2682926829268,97.6829268292683
en,2026-03-05,34.0,29.0,0.3045882352941176,0.1494117647058823,0.1950588235294117,0.1331764705882352,0.071235294117647,0.2120882352941176,0.1835588235294117,0.6480588235294117,0.7036176470588235,0.118735294117647,0.348735294117647,0.0595588235294117,0.2261176470588235,0.2055,0.0469999999999999,0.3013235294117647,0.2067941176470588,0.2125588235294117,0.3119411764705881,0.2411470588235294,0.4518529411764705,0.3142058823529411,0.4400294117647059,0.2154705882352941,0.1315882352941176,0.0409117647058823,0.0266176470588235,0.1199705882352941,0.3828235294117647,0.0538970588235294,0.3298529411764705,415.2058823529412,84.61764705882354
en,2026-03-06,29.0,25.0,0.3155172413793103,0.2386206896551723,0.2004482758620689,0.1821379310344827,0.0649655172413793,0.2192413793103448,0.1843103448275862,0.6529655172413792,0.7183448275862068,0.2041379310344828,0.4157931034482758,0.0901379310344827,0.170551724137931,0.1951379310344827,0.0182413793103448,0.3243448275862069,0.1700344827586207,0.2448620689655172,0.2978275862068966,0.239103448275862,0.4955172413793103,0.3101379310344827,0.4476896551724137,0.2293793103448275,0.125551724137931,0.0734827586206896,0.0633448275862068,0.0858620689655172,0.3529655172413793,0.0920775862068965,0.3464712643678161,353.0689655172414,70.75862068965517
en,2026-03-07,46.0,35.0,0.3492608695652173,0.2593043478260869,0.2889130434782608,0.1997608695652173,0.1496739130434783,0.3672173913043477,0.3387391304347826,0.740521739130435,0.643,0.2179782608695652,0.5274782608695652,0.1354782608695652,0.2009347826086956,0.2678478260869565,0.0353260869565217,0.4439782608695651,0.3368043478260869,0.2723043478260869,0.535108695652174,0.3547826086956522,0.621478260869565,0.4437173913043478,0.5162173913043477,0.3489347826086957,0.1674130434782609,0.0702826086956521,0.1356739130434782,0.1701086956521739,0.4935652173913044,0.0158641304347826,0.2773840579710144,582.7826086956521,119.28260869565216
en,2026-03-08,60.0,52.0,0.36315,0.2002833333333333,0.2138666666666666,0.1569666666666666,0.0635333333333333,0.2241333333333333,0.2235,0.6466000000000001,0.7260000000000001,0.1936666666666666,0.42295,0.0919666666666666,0.1755833333333333,0.1610166666666666,0.0181499999999999,0.3559666666666666,0.2138333333333333,0.2307833333333333,0.3423666666666666,0.2567,0.4910833333333333,0.2923166666666666,0.4757,0.3155,0.1127833333333333,0.0261666666666666,0.1154999999999999,0.1007666666666666,0.3821666666666666,0.0897333333333333,0.3708055555555555,491.8,99.25
en,2026-03-09,51.0,41.0,0.3183529411764706,0.2165294117647058,0.2645686274509803,0.1845686274509804,0.1074705882352941,0.2837058823529411,0.2446274509803921,0.6889803921568627,0.7085686274509803,0.1858627450980392,0.4479607843137255,0.1073921568627451,0.200313725490196,0.2029411764705882,0.0357843137254901,0.3442549019607843,0.2304509803921569,0.2599019607843137,0.4075098039215685,0.2558039215686274,0.5568039215686275,0.3034901960784313,0.4425294117647058,0.2837254901960784,0.1315294117647059,0.065235294117647,0.0762156862745098,0.1330392156862745,0.4206078431372549,0.0504166666666666,0.3230261437908496,537.2549019607843,109.19607843137256
en,2026-03-10,39.0,31.0,0.3183846153846152,0.2105897435897435,0.2728717948717948,0.1799487179487179,0.1069487179487179,0.2959230769230769,0.2544358974358974,0.7089743589743589,0.623974358974359,0.1499230769230769,0.5132307692307693,0.0901538461538461,0.1583589743589743,0.2097692307692308,0.0816153846153846,0.362,0.2395897435897435,0.2657179487179487,0.3341794871794871,0.3582307692307693,0.5764358974358975,0.4078717948717948,0.5299743589743591,0.3278461538461539,0.1168461538461538,0.0415384615384615,0.1333333333333333,0.1271794871794871,0.4093333333333332,0.0440128205128205,0.298128205128205,492.0512820512821,97.64102564102564
en,2026-03-11,36.0,31.0,0.4221764705882353,0.2916470588235293,0.3447058823529411,0.2138235294117647,0.1265882352941176,0.3451764705882352,0.3054705882352941,0.6923823529411764,0.7878529411764706,0.2878823529411765,0.6021764705882354,0.1398823529411764,0.3084117647058823,0.2622941176470588,0.0666176470588235,0.3968235294117646,0.2853823529411765,0.2762941176470588,0.4738823529411765,0.2871176470588235,0.5614117647058824,0.4244411764705882,0.442735294117647,0.3155,0.1746470588235294,0.1214117647058823,0.1208235294117646,0.1495588235294118,0.4494411764705881,0.0822058823529411,0.3916568627450981,731.8888888888889,147.52777777777777
en,2026-03-12,42.0,31.0,0.3544761904761904,0.2319047619047619,0.2572142857142857,0.1601190476190476,0.0895952380952381,0.2530952380952381,0.221,0.6861190476190476,0.8078333333333334,0.2545,0.5422857142857141,0.0720714285714285,0.2080238095238095,0.202047619047619,0.0324285714285714,0.3124285714285714,0.2413333333333333,0.1906428571428571,0.4832619047619048,0.2009761904761905,0.5036904761904762,0.3215714285714285,0.4274999999999999,0.3153809523809524,0.1454285714285714,0.1027380952380952,0.0760714285714285,0.1133095238095238,0.4069285714285715,0.0795833333333333,0.3835793650793651,421.4761904761905,84.21428571428571
en,2026-03-13,51.0,45.0,0.3613600000000001,0.23176,0.23294,0.19274,0.06924,0.25122,0.21094,0.6958400000000001,0.7698600000000002,0.18784,0.48388,0.07404,0.18572,0.2320799999999999,0.0248399999999999,0.37044,0.2246399999999999,0.2158599999999999,0.39984,0.20468,0.5653400000000001,0.31796,0.4945,0.3236199999999999,0.10958,0.04882,0.09586,0.1295,0.42834,0.09447,0.38548,510.62745098039215,103.7843137254902
en,2026-03-14,35.0,30.0,0.3778787878787878,0.2025151515151515,0.2723030303030303,0.144060606060606,0.105030303030303,0.3087878787878788,0.2372424242424242,0.7259393939393938,0.7111515151515152,0.1801212121212121,0.5562121212121212,0.0849393939393939,0.2113030303030303,0.2069393939393939,0.0232121212121212,0.3837878787878788,0.2607575757575758,0.2482727272727273,0.4309393939393939,0.2645757575757576,0.5513636363636365,0.3908181818181819,0.5423939393939394,0.4071818181818181,0.0936666666666666,0.0544545454545454,0.1398787878787879,0.130030303030303,0.4078181818181818,0.042280303030303,0.3487474747474748,473.22857142857146,94.77142857142856
en,2026-03-15,47.0,34.0,0.3918936170212766,0.2441914893617022,0.267595744680851,0.1910212765957446,0.0777659574468085,0.2842127659574467,0.2504255319148936,0.7150212765957445,0.7397446808510638,0.1983829787234043,0.5210212765957447,0.1020851063829787,0.1726808510638297,0.2201276595744681,0.0307021276595744,0.3729574468085106,0.2214042553191489,0.3148510638297871,0.408127659574468,0.2491276595744681,0.5913617021276596,0.4099787234042553,0.4852553191489362,0.2984893617021276,0.1228510638297872,0.0769361702127659,0.086063829787234,0.1254255319148935,0.4204893617021276,0.0926861702127659,0.3886453900709219,453.8085106382979,90.44680851063828
en,2026-03-16,49.0,38.0,0.4363265306122448,0.2381020408163265,0.3030816326530612,0.2133673469387755,0.085938775510204,0.2715102040816327,0.2591224489795918,0.6919387755102041,0.7724897959183673,0.2145510204081632,0.5081428571428571,0.0965102040816326,0.1986734693877551,0.2535510204081632,0.0293673469387755,0.371,0.2281836734693877,0.2901632653061224,0.4015918367346938,0.2202244897959184,0.5618775510204082,0.3123877551020408,0.4774081632653061,0.3206326530612245,0.1117551020408163,0.0499183673469387,0.0549999999999999,0.1199183673469387,0.4296938775510204,0.1189948979591836,0.4180272108843537,509.16326530612247,102.42857142857144
en,2026-03-17,45.0,36.0,0.3589333333333334,0.2204444444444444,0.2989777777777777,0.2054444444444444,0.0854666666666666,0.2540222222222222,0.2169333333333333,0.6706222222222222,0.7474444444444444,0.2389555555555555,0.4757777777777778,0.1744222222222222,0.1914888888888888,0.197911111111111,0.0218222222222222,0.3515333333333333,0.2280444444444445,0.2152666666666666,0.3740222222222222,0.2353333333333333,0.5185333333333333,0.3944888888888889,0.4513777777777778,0.2893777777777777,0.1215555555555555,0.0257555555555555,0.1000444444444444,0.1223555555555555,0.428511111111111,0.1012055555555555,0.3829851851851851,418.9111111111111,84.5111111111111
en,2026-03-18,48.0,38.0,0.3593617021276596,0.2136170212765957,0.2411914893617021,0.2005744680851063,0.111531914893617,0.2516170212765957,0.2278510638297872,0.6922978723404255,0.7111914893617022,0.2107021276595744,0.485531914893617,0.1646808510638298,0.2277659574468085,0.2450212765957447,0.0507872340425531,0.3528723404255319,0.2589148936170213,0.2295106382978723,0.410531914893617,0.2691914893617022,0.5196170212765957,0.3587234042553191,0.5582127659574468,0.3281702127659574,0.1483617021276595,0.0779361702127659,0.1489148936170212,0.151,0.4244468085106382,0.0721117021276595,0.3257163120567376,543.2291666666666,108.625
en,2026-03-19,36.0,29.0,0.3678285714285714,0.3342285714285714,0.2908857142857143,0.2082285714285714,0.0847142857142857,0.2562285714285714,0.2148,0.7550285714285715,0.7754000000000001,0.1976285714285715,0.511,0.1616285714285714,0.1397428571428571,0.2551142857142857,0.0136,0.3630857142857143,0.2132571428571428,0.2408285714285714,0.3778857142857143,0.204,0.5645142857142856,0.4131142857142857,0.5714,0.2793999999999999,0.1144,0.0607714285714285,0.0588571428571428,0.1152571428571428,0.4031428571428571,0.1298214285714286,0.3933238095238096,641.6944444444445,128.72222222222223
en,2026-03-20,33.0,23.0,0.4329696969696969,0.2114545454545454,0.243030303030303,0.1895151515151515,0.1287575757575757,0.2996969696969697,0.2902424242424243,0.7412727272727274,0.7731515151515151,0.2273939393939393,0.487,0.1003939393939394,0.1808181818181818,0.1881818181818182,0.0325757575757575,0.3836363636363636,0.2482424242424242,0.2616666666666666,0.4781818181818181,0.3119090909090909,0.6195454545454545,0.3945454545454545,0.5353333333333334,0.3553333333333333,0.1322424242424242,0.1055151515151515,0.0543636363636363,0.1340909090909091,0.4500909090909091,0.0550151515151515,0.3542929292929292,542.5454545454545,109.24242424242424
en,2026-03-21,35.0,32.0,0.3604571428571428,0.3086571428571428,0.3608857142857143,0.2055999999999999,0.1008285714285714,0.3228,0.281,0.6837714285714287,0.7065714285714285,0.2120285714285714,0.6364857142857143,0.1040285714285714,0.1308571428571428,0.2612571428571428,0.0400857142857142,0.4181428571428571,0.2752857142857143,0.3100571428571428,0.4708,0.2508857142857142,0.6515142857142857,0.4617142857142858,0.4521428571428571,0.3599428571428571,0.1200571428571428,0.0678,0.1006,0.1528285714285714,0.4525142857142857,0.0970857142857143,0.3751428571428572,651.5428571428571,129.97142857142856
en,2026-03-22,53.0,41.0,0.3208679245283019,0.1792264150943396,0.2292830188679245,0.1707358490566037,0.0961509433962264,0.2619622641509433,0.2615094339622641,0.6494905660377357,0.6752075471698115,0.187,0.4869622641509433,0.1369245283018867,0.1687547169811321,0.2047169811320755,0.0295849056603773,0.347,0.2254905660377358,0.2300377358490566,0.3867735849056603,0.2992641509433962,0.5291132075471697,0.3484716981132075,0.4813018867924528,0.3079622641509433,0.1608679245283019,0.0562264150943396,0.1211698113207547,0.1213207547169811,0.3940188679245283,0.0459716981132075,0.3123018867924528,479.1132075471698,95.32075471698111
en,2026-03-23,41.0,32.0,0.363170731707317,0.2596829268292683,0.3005609756097561,0.2091707317073171,0.1263170731707317,0.323,0.2787560975609756,0.6730243902439024,0.6702926829268293,0.204390243902439,0.4997073170731707,0.1132926829268292,0.2127317073170731,0.2915121951219512,0.0456341463414634,0.3890243902439024,0.2852926829268292,0.2921463414634145,0.4166829268292684,0.2669512195121951,0.5935853658536585,0.4257073170731707,0.4517560975609757,0.324780487804878,0.1260731707317073,0.0520243902439024,0.1109024390243902,0.1679268292682927,0.4579756097560975,0.0584878048780487,0.3183577235772358,698.7560975609756,137.82926829268294
en,2026-03-24,40.0,31.0,0.26825,0.1873999999999999,0.210625,0.1371,0.157125,0.2865499999999999,0.27235,0.6642500000000001,0.6247,0.17715,0.574075,0.102325,0.15965,0.196,0.04755,0.3566749999999999,0.23485,0.224975,0.402575,0.353925,0.5803750000000001,0.3487749999999999,0.45075,0.366575,0.114475,0.09295,0.1309,0.105775,0.387275,-0.0209937499999999,0.2107333333333333,490.425,98.925
en,2026-03-25,41.0,31.0,0.4756585365853659,0.2279512195121951,0.3363658536585366,0.2468292682926829,0.0739756097560975,0.233219512195122,0.2092926829268292,0.7393414634146341,0.775829268292683,0.2050731707317073,0.5160975609756099,0.0698780487804878,0.1922682926829268,0.1976829268292683,0.0445121951219512,0.3481707317073171,0.2129024390243902,0.2312926829268292,0.3921707317073171,0.203390243902439,0.5495121951219513,0.3749756097560975,0.5092682926829268,0.3052926829268292,0.088,0.0460975609756097,0.0357317073170731,0.1275853658536585,0.3991951219512195,0.1681036585365853,0.4553089430894307,657.609756097561,131.5609756097561
en,2026-03-26,37.0,31.0,0.3971891891891891,0.2229459459459459,0.3134054054054054,0.2414864864864864,0.1157567567567567,0.3171621621621622,0.2731351351351351,0.7280810810810812,0.7475675675675675,0.210027027027027,0.5284864864864864,0.0917027027027027,0.1637297297297297,0.2697027027027027,0.0471351351351351,0.3794864864864865,0.2182702702702702,0.2723513513513514,0.3985405405405405,0.2834054054054055,0.5646216216216217,0.3597027027027026,0.516054054054054,0.2853783783783784,0.1313243243243243,0.0911351351351351,0.1189459459459459,0.1418378378378378,0.4283243243243244,0.0772972972972973,0.3702972972972973,539.1891891891892,109.35135135135135
en,2026-03-27,53.0,35.0,0.3427735849056603,0.1798301886792453,0.2623396226415094,0.1566603773584905,0.0795849056603773,0.2501320754716981,0.2231132075471698,0.6306226415094338,0.6921698113207546,0.1817169811320755,0.4828679245283019,0.0669433962264151,0.1677169811320754,0.1986415094339622,0.0226037735849056,0.3249999999999999,0.2023962264150943,0.2046792452830188,0.4064150943396226,0.2619811320754717,0.5077924528301887,0.356943396226415,0.4466226415094338,0.2780188679245283,0.099188679245283,0.0300566037735849,0.1240566037735848,0.1123962264150943,0.3883962264150943,0.0705424528301886,0.3528427672955974,442.7735849056604,88.84905660377359
en,2026-03-28,37.0,31.0,0.3847297297297297,0.2379189189189189,0.2817837837837838,0.1917297297297297,0.101054054054054,0.2989459459459459,0.2646216216216216,0.7113513513513514,0.6917837837837838,0.1907027027027027,0.4961351351351351,0.092054054054054,0.2158108108108108,0.249054054054054,0.0362432432432432,0.3957567567567567,0.2282432432432432,0.3099189189189189,0.3811891891891891,0.308945945945946,0.5952432432432434,0.3863783783783783,0.5157837837837836,0.303027027027027,0.1513243243243243,0.0925945945945945,0.0877297297297297,0.1375675675675675,0.4208918918918919,0.0740405405405405,0.3517117117117117,654.4864864864865,131.16216216216216
en,2026-03-29,32.0,30.0,0.418,0.2399375,0.317625,0.198125,0.14534375,0.30628125,0.30125,0.7005,0.6720625,0.1996562499999999,0.52328125,0.10853125,0.174625,0.23515625,0.08053125,0.3797812499999999,0.2632812499999999,0.321625,0.4474687499999999,0.31021875,0.63684375,0.454375,0.471,0.3196875,0.1525625,0.0708125,0.0718125,0.1195625,0.4276875,0.067609375,0.3238854166666667,632.9375,126.1875
en,2026-03-30,42.0,33.0,0.3718095238095238,0.2617857142857143,0.3174047619047619,0.2057857142857142,0.0894999999999999,0.3062380952380952,0.3114761904761904,0.7209523809523809,0.7560476190476192,0.2199047619047618,0.5358571428571428,0.0998333333333333,0.1540238095238095,0.2582142857142857,0.0816190476190476,0.3722857142857143,0.2653095238095238,0.2697857142857143,0.4841666666666667,0.2971428571428571,0.5888095238095238,0.442642857142857,0.5053809523809524,0.3743809523809523,0.1692619047619047,0.1060952380952381,0.1524047619047619,0.1476428571428571,0.4363333333333333,0.0913273809523809,0.3922539682539683,702.4285714285714,141.92857142857142
en,2026-03-31,40.0,32.0,0.294825,0.22125,0.2172749999999999,0.1968,0.0926,0.2626,0.2239,0.650825,0.6773750000000001,0.2214999999999999,0.47835,0.110425,0.198225,0.198675,0.037275,0.320275,0.215075,0.2333999999999999,0.3965249999999999,0.2897249999999999,0.5283749999999999,0.3319,0.478,0.29445,0.118225,0.090675,0.100775,0.12395,0.4149750000000001,0.0549375,0.3038916666666666,423.875,86.2
en,2026-04-01,35.0,30.0,0.4282058823529411,0.2438529411764705,0.3125294117647059,0.2095294117647058,0.1622058823529411,0.3350588235294117,0.2952647058823529,0.716764705882353,0.7373235294117647,0.2450588235294117,0.5615294117647059,0.1639705882352941,0.2820294117647059,0.2817058823529411,0.0552058823529411,0.4019705882352941,0.3079705882352941,0.255,0.5343235294117648,0.3018529411764706,0.6017941176470589,0.4442941176470588,0.4963823529411765,0.4167058823529412,0.170735294117647,0.0830588235294117,0.1503235294117647,0.1741176470588235,0.4637941176470588,0.0498970588235294,0.3304803921568627,724.4285714285714,145.11428571428573
en,2026-04-02,37.0,30.0,0.2843243243243243,0.1771621621621621,0.2385675675675675,0.1325405405405405,0.1272432432432432,0.3144054054054054,0.2711891891891891,0.6807837837837836,0.6318918918918919,0.1308108108108108,0.5037837837837837,0.1045675675675675,0.1272972972972973,0.1833783783783784,0.0476486486486486,0.3298648648648649,0.2112162162162162,0.1978648648648648,0.3931351351351351,0.3855675675675675,0.5792162162162162,0.4192702702702702,0.4659729729729728,0.3042432432432432,0.1139729729729729,0.0575675675675675,0.1162972972972973,0.1014864864864864,0.392054054054054,-0.0126756756756756,0.2576846846846847,511.6756756756757,104.2162162162162
en,2026-04-03,37.0,33.0,0.3047837837837838,0.1565675675675675,0.1989729729729729,0.1494594594594594,0.1107297297297297,0.2621081081081081,0.235081081081081,0.6821081081081081,0.6677567567567568,0.1686756756756756,0.4395135135135134,0.1145135135135135,0.1745405405405405,0.2118108108108108,0.0241351351351351,0.3474594594594594,0.2171891891891891,0.2481891891891892,0.4033243243243243,0.3045405405405405,0.5336216216216216,0.3486216216216216,0.4211891891891892,0.3293783783783784,0.1138108108108107,0.0615675675675675,0.059,0.1194594594594594,0.4135945945945946,0.016027027027027,0.2797747747747748,464.2972972972973,93.37837837837836
en,2026-04-04,38.0,31.0,0.3798684210526316,0.3341315789473684,0.2746052631578947,0.2321052631578947,0.1521052631578947,0.3437631578947368,0.290578947368421,0.742315789473684,0.750921052631579,0.2366315789473684,0.5846052631578947,0.1677894736842105,0.2182105263157895,0.2904210526315789,0.0711842105263158,0.4132894736842105,0.2706578947368421,0.3551315789473684,0.4237105263157894,0.2654473684210526,0.6446578947368421,0.4431315789473684,0.5488684210526317,0.3965263157894737,0.1441578947368421,0.0870526315789473,0.1384999999999999,0.1655263157894736,0.4666578947368421,0.0572434210526315,0.316359649122807,805.3947368421053,163.78947368421052
en,2026-04-05,27.0,23.0,0.3102222222222223,0.2071111111111111,0.2664074074074073,0.1667777777777777,0.0975555555555555,0.2683333333333333,0.2285925925925925,0.6819999999999999,0.6915925925925925,0.2116296296296296,0.4160740740740741,0.1387407407407407,0.2408888888888888,0.2093333333333333,0.0447777777777777,0.3254074074074073,0.2559259259259259,0.2239259259259259,0.4873703703703704,0.3294814814814815,0.5818148148148149,0.4415925925925926,0.5591851851851851,0.2809629629629629,0.1557407407407407,0.0605925925925925,0.1496296296296296,0.1319259259259259,0.4059999999999999,0.0546851851851851,0.3251851851851852,416.4814814814815,84.77777777777777
en,2026-04-06,55.0,41.0,0.3796909090909091,0.2428181818181818,0.2829454545454545,0.1940363636363636,0.1002363636363636,0.2864181818181818,0.2429818181818181,0.7165999999999999,0.725709090909091,0.1854363636363636,0.5124909090909092,0.1059818181818181,0.2294727272727272,0.2432909090909091,0.0438181818181818,0.3537818181818182,0.2171272727272727,0.2362545454545454,0.3916363636363636,0.2852363636363636,0.5474727272727273,0.3730545454545454,0.5300545454545454,0.4040727272727272,0.1267454545454545,0.0513818181818181,0.0936181818181818,0.1387272727272727,0.4084181818181818,0.0815454545454545,0.3625454545454545,519.5818181818182,104.4
en,2026-04-07,33.0,30.0,0.3450312499999999,0.1897812499999999,0.2263437499999999,0.16384375,0.10046875,0.30415625,0.2449375,0.69853125,0.6970312500000001,0.17,0.4484375,0.0830625,0.14928125,0.233875,0.02284375,0.3618125,0.2706875,0.1978125,0.41071875,0.30721875,0.5470625,0.36640625,0.5549999999999999,0.2841875,0.1570937499999999,0.053875,0.059125,0.133125,0.422,0.0289374999999999,0.3223333333333333,329.5757575757576,65.93939393939394
en,2026-04-08,40.0,32.0,0.3973,0.2445,0.294625,0.21605,0.1045499999999999,0.3336249999999999,0.2491,0.6905,0.7187250000000001,0.1891,0.5746,0.114375,0.24275,0.2969,0.03015,0.38105,0.2509249999999999,0.2961,0.367125,0.25425,0.55515,0.362875,0.490875,0.36965,0.1285,0.099275,0.1031,0.1524249999999999,0.43345,0.06903125,0.3656666666666667,570.975,114.75
en,2026-04-09,32.0,29.0,0.4225625,0.26571875,0.3708749999999999,0.25053125,0.08378125,0.30509375,0.2795,0.7161875,0.76896875,0.2431249999999999,0.5995625,0.114375,0.2569687499999999,0.2459999999999999,0.034625,0.39234375,0.2431875,0.26646875,0.49134375,0.253125,0.581625,0.3851875,0.45059375,0.3481875,0.145375,0.077125,0.10728125,0.1588125,0.44928125,0.132984375,0.4370208333333333,610.28125,122.5
en,2026-04-10,57.0,43.0,0.3415964912280701,0.2095438596491228,0.2483859649122806,0.185298245614035,0.1028771929824561,0.2647894736842105,0.2539298245614035,0.6737368421052632,0.6721929824561403,0.1680701754385964,0.4767192982456139,0.0792105263157894,0.1439122807017544,0.2287543859649123,0.0440877192982456,0.3580526315789473,0.2672631578947368,0.2144561403508772,0.4456491228070176,0.3160526315789473,0.5170350877192983,0.3683508771929824,0.4751929824561403,0.3505087719298246,0.1168070175438596,0.0626140350877193,0.1310701754385965,0.1279824561403508,0.4133859649122807,0.0623728070175438,0.3178479532163742,477.5438596491228,97.70175438596492
en,2026-04-11,34.0,27.0,0.3059411764705882,0.2074117647058823,0.1950588235294117,0.1784705882352941,0.1269411764705882,0.2583529411764705,0.2640882352941176,0.6297941176470588,0.6457941176470589,0.1886764705882353,0.4735294117647059,0.0895588235294117,0.1939705882352941,0.2081470588235294,0.0231176470588235,0.3219411764705882,0.2434117647058823,0.2077941176470588,0.4143823529411765,0.3470882352941176,0.5307352941176471,0.3646764705882353,0.4049411764705882,0.2991470588235294,0.1169117647058823,0.0395294117647058,0.1066470588235294,0.1059117647058823,0.3897058823529412,0.0290735294117647,0.2553235294117647,442.0,88.47058823529412
en,2026-04-12,44.0,36.0,0.3974090909090908,0.2731136363636363,0.2975909090909091,0.2504090909090908,0.0818636363636363,0.2499318181818181,0.2176590909090908,0.722659090909091,0.7580227272727271,0.198840909090909,0.4263409090909091,0.1289999999999999,0.2016363636363636,0.2373863636363636,0.0583863636363636,0.3637045454545454,0.2384772727272727,0.2127499999999999,0.4066136363636362,0.2250454545454545,0.5384090909090908,0.3040454545454545,0.5637272727272727,0.3093863636363636,0.1089318181818181,0.0694545454545454,0.0342045454545454,0.1401818181818181,0.4291590909090908,0.1387329545454545,0.4024772727272726,563.0909090909091,114.13636363636364
en,2026-04-13,56.0,44.0,0.3629285714285714,0.1648035714285714,0.2379464285714285,0.1951785714285714,0.0915714285714285,0.234625,0.2120535714285714,0.6912857142857144,0.7591785714285714,0.2004642857142857,0.4355178571428571,0.0966607142857143,0.3659107142857142,0.1979821428571428,0.0626785714285714,0.3202678571428571,0.2743571428571428,0.1906785714285714,0.49,0.2828214285714286,0.4668928571428571,0.3198571428571428,0.5046607142857142,0.2789285714285714,0.1359999999999999,0.07175,0.1175892857142857,0.1165,0.3940178571428571,0.0771160714285714,0.3617797619047618,363.9285714285714,73.55357142857143
en,2026-04-14,42.0,36.0,0.2881951219512195,0.1864146341463414,0.2588536585365854,0.1848048780487804,0.130780487804878,0.3065609756097561,0.2412926829268293,0.6752926829268294,0.6559024390243903,0.152,0.4880975609756098,0.1005609756097561,0.1692195121951219,0.2252926829268292,0.0376585365853658,0.3449268292682926,0.2382682926829268,0.2443658536585365,0.3919024390243902,0.2870731707317073,0.5789024390243903,0.3689024390243903,0.5277317073170732,0.3044390243902439,0.1638536585365853,0.0534390243902439,0.0796097560975609,0.1532439024390244,0.4386585365853657,0.0108963414634146,0.2702032520325203,406.0952380952381,83.23809523809524
en,2026-04-15,36.0,32.0,0.3326944444444445,0.1691111111111111,0.2094166666666666,0.1746111111111111,0.1053888888888888,0.2718611111111111,0.2458055555555555,0.6559722222222222,0.7053333333333333,0.1708611111111111,0.4885555555555554,0.0655555555555555,0.1276944444444444,0.1891944444444444,0.0227222222222222,0.3639444444444445,0.2061388888888889,0.2613333333333333,0.3268055555555555,0.2942499999999999,0.5739166666666667,0.3629444444444443,0.4383055555555555,0.3164999999999999,0.1228888888888889,0.0634722222222222,0.1474444444444444,0.11075,0.4051666666666665,0.0328333333333333,0.3104259259259259,353.44444444444446,70.97222222222223
en,2026-04-16,36.0,32.0,0.3213888888888888,0.2713888888888889,0.2850277777777778,0.235111111111111,0.0566666666666666,0.256,0.1963888888888889,0.7776388888888889,0.7144444444444444,0.1656111111111111,0.4194444444444444,0.1190833333333333,0.2424999999999999,0.1920277777777778,0.0226944444444444,0.3178611111111111,0.2234166666666666,0.1808611111111111,0.4395555555555555,0.1975833333333333,0.5497777777777778,0.3419166666666667,0.5958055555555556,0.2722222222222222,0.1060277777777777,0.06175,0.1277222222222222,0.1230277777777778,0.4156111111111111,0.1218958333333333,0.3836203703703703,497.1388888888889,100.58333333333331
en,2026-04-17,45.0,30.0,0.2849111111111111,0.209911111111111,0.2378444444444444,0.1607555555555555,0.1043777777777777,0.2791555555555555,0.2632444444444444,0.7018666666666667,0.7169777777777778,0.2328222222222221,0.3890222222222222,0.1328666666666666,0.1184444444444444,0.2476,0.0500222222222222,0.3465777777777778,0.24,0.2564888888888889,0.3663555555555555,0.3605777777777778,0.5319333333333333,0.4035111111111111,0.5413111111111112,0.2622444444444444,0.1703333333333333,0.0735777777777777,0.2022222222222222,0.1177111111111111,0.4073333333333332,0.0315888888888888,0.3088666666666667,377.8888888888889,74.02222222222223
en,2026-04-18,49.0,42.0,0.3668979591836734,0.2557959183673469,0.2910612244897959,0.1929183673469387,0.0805306122448979,0.3004489795918367,0.2468775510204082,0.7303061224489795,0.7284897959183673,0.1863877551020408,0.5999591836734693,0.1097142857142857,0.2270816326530612,0.2261836734693877,0.0303469387755102,0.3651632653061223,0.2295714285714285,0.2455714285714285,0.4121020408163265,0.2758367346938775,0.603,0.3666938775510204,0.5134081632653062,0.3789795918367347,0.1138775510204081,0.0561428571428571,0.0711632653061224,0.1277755102040816,0.4342857142857142,0.0861785714285714,0.3816190476190476,553.9387755102041,113.06122448979592
en,2026-04-19,26.0,22.0,0.2745384615384615,0.1771923076923077,0.2274615384615385,0.1835,0.1366923076923077,0.2335,0.2458076923076923,0.6057307692307693,0.6407307692307692,0.1823461538461538,0.4208461538461539,0.1329615384615384,0.2176538461538461,0.1947307692307692,0.039,0.3465,0.2317692307692307,0.2928076923076922,0.3471923076923077,0.3431923076923077,0.505423076923077,0.3239230769230768,0.3776538461538462,0.319576923076923,0.1308846153846153,0.2213076923076923,0.1624999999999999,0.1179230769230769,0.3996923076923077,0.030576923076923,0.2442179487179487,373.5769230769231,72.15384615384616
en,2026-04-20,36.0,30.0,0.3571666666666666,0.201,0.2396944444444444,0.1556388888888889,0.0895833333333333,0.2692222222222222,0.2734166666666667,0.6708333333333333,0.7367777777777778,0.1641111111111111,0.4058888888888888,0.124111111111111,0.1161944444444444,0.2381388888888888,0.0279722222222222,0.3490833333333334,0.2374166666666666,0.2225833333333333,0.4254722222222222,0.25,0.5049722222222223,0.3530277777777778,0.4748888888888889,0.3246111111111112,0.1003611111111111,0.0893055555555555,0.0804722222222222,0.1129166666666666,0.4276388888888889,0.0589722222222222,0.3549629629629629,670.0833333333334,136.41666666666666
en,2026-04-21,42.0,34.0,0.3359285714285714,0.216547619047619,0.2808333333333333,0.2328095238095238,0.1014761904761904,0.2753571428571429,0.2506190476190476,0.7031904761904761,0.7396666666666667,0.2401904761904761,0.6236190476190475,0.1141428571428571,0.2020714285714285,0.2384047619047619,0.0727619047619047,0.3432619047619048,0.2392857142857143,0.2728095238095238,0.4353571428571429,0.3197857142857143,0.5350476190476192,0.3712619047619048,0.5469285714285714,0.4059999999999999,0.1716190476190476,0.0883333333333333,0.2096190476190476,0.1429761904761904,0.4232142857142856,0.0781130952380952,0.3506666666666667,525.2142857142857,105.04761904761904
en,2026-04-22,35.0,29.0,0.3050571428571428,0.1912285714285714,0.2848857142857143,0.2095428571428571,0.1249714285714285,0.3073428571428571,0.2589428571428571,0.7308571428571429,0.6631714285714286,0.1684285714285714,0.4213428571428571,0.1200285714285714,0.2470857142857142,0.3048857142857142,0.0859428571428571,0.3670285714285715,0.2388571428571428,0.2690571428571428,0.3836571428571429,0.2914857142857143,0.5686857142857142,0.4172571428571429,0.524457142857143,0.3141428571428571,0.1544857142857142,0.0416,0.0755142857142857,0.1503428571428571,0.4382285714285714,0.0315214285714285,0.2927333333333333,595.0285714285715,124.57142857142856
en,2026-04-23,26.0,18.0,0.3691153846153846,0.2231923076923077,0.2981923076923077,0.2111923076923077,0.0878846153846154,0.2743461538461538,0.2600769230769231,0.7330769230769232,0.7533846153846154,0.1946153846153846,0.5231153846153845,0.1358846153846154,0.187076923076923,0.2094615384615384,0.0240384615384615,0.3627307692307692,0.2115384615384615,0.3178461538461538,0.3563461538461538,0.2859230769230769,0.5429615384615385,0.3383461538461538,0.4623076923076923,0.3390384615384615,0.1283076923076923,0.0680384615384615,0.1331153846153845,0.1375,0.4486923076923077,0.0943076923076923,0.3856794871794871,477.0384615384616,95.53846153846152
en,2026-04-24,28.0,22.0,0.2603928571428571,0.1672857142857143,0.2168571428571428,0.1782142857142857,0.1332142857142857,0.2479642857142857,0.2250357142857142,0.7263928571428571,0.6512142857142857,0.1317142857142857,0.4444999999999999,0.1097857142857142,0.1364642857142857,0.2136071428571428,0.0223571428571428,0.3259642857142856,0.2271071428571428,0.2168928571428571,0.3571785714285714,0.4049285714285714,0.5136428571428571,0.3301071428571429,0.5298214285714286,0.2845,0.1008214285714285,0.0467857142857142,0.0579642857142857,0.1057142857142857,0.3959642857142857,0.0150982142857142,0.2429404761904761,297.60714285714283,59.60714285714285
en,2026-04-25,42.0,31.0,0.3188333333333333,0.1617380952380952,0.177,0.1422619047619047,0.1001666666666666,0.1859285714285714,0.1731904761904762,0.7054999999999999,0.7137142857142857,0.1471666666666666,0.4656190476190476,0.0654285714285714,0.2705238095238095,0.1387142857142857,0.0260952380952381,0.305452380952381,0.1929285714285714,0.2023809523809523,0.3463809523809524,0.2387857142857143,0.4324285714285714,0.2119285714285714,0.4865952380952381,0.2990238095238095,0.1218095238095238,0.0697380952380952,0.0899285714285714,0.0880714285714285,0.3779047619047619,0.0569107142857142,0.3030158730158729,299.5238095238095,60.38095238095238
en,2026-04-26,27.0,24.0,0.2798888888888889,0.2486666666666666,0.2856666666666667,0.1761851851851852,0.0956666666666666,0.2387777777777778,0.1992962962962963,0.5703703703703703,0.6728148148148146,0.1864444444444444,0.4754814814814814,0.0981111111111111,0.1615555555555555,0.2324444444444444,0.0341111111111111,0.3455185185185185,0.2419259259259259,0.2269629629629629,0.3975925925925925,0.3088888888888889,0.4933703703703703,0.3228518518518519,0.3687777777777777,0.3238148148148148,0.1175185185185185,0.0862962962962963,0.1164074074074074,0.1108888888888889,0.3817407407407407,0.0803796296296296,0.3171234567901234,557.2222222222222,110.8148148148148
en,2026-04-27,30.0,20.0,0.2968333333333333,0.1602999999999999,0.1957333333333333,0.153,0.0903333333333333,0.2817333333333333,0.219,0.7296666666666667,0.6953,0.1611999999999999,0.4115666666666667,0.1154999999999999,0.1362,0.177,0.0277333333333333,0.3457999999999999,0.2283333333333333,0.255,0.4112,0.3343666666666666,0.5431333333333334,0.3980333333333333,0.5149999999999999,0.2498,0.1005666666666666,0.0992666666666666,0.0302333333333333,0.0973333333333333,0.3843999999999999,0.0154333333333333,0.3056222222222222,425.4333333333333,84.4
en,2026-04-28,23.0,20.0,0.3135652173913043,0.1676086956521739,0.2889130434782609,0.1837391304347826,0.1521304347826087,0.2506521739130434,0.2224782608695653,0.6871304347826086,0.7769999999999998,0.1822173913043478,0.4463478260869564,0.1016521739130435,0.2427826086956521,0.2053043478260869,0.059391304347826,0.2909565217391304,0.2690434782608695,0.1775217391304347,0.4288260869565217,0.2892608695652173,0.4216956521739131,0.3121304347826087,0.5137391304347826,0.3186521739130435,0.1400434782608695,0.1208695652173913,0.0888260869565217,0.1313478260869565,0.4029999999999999,0.0370652173913043,0.307695652173913,332.0434782608696,64.91304347826087
en,2026-04-29,30.0,27.0,0.2915,0.1687333333333333,0.2215333333333333,0.1632333333333333,0.1402666666666666,0.2414333333333333,0.2038333333333333,0.6975666666666668,0.6580333333333334,0.1879333333333333,0.4978666666666667,0.0813,0.1003666666666666,0.2495666666666666,0.0297333333333333,0.3388666666666666,0.2072666666666666,0.2391333333333333,0.3737333333333333,0.2915333333333333,0.4882666666666665,0.3288,0.4108,0.3004666666666666,0.1151,0.0485666666666666,0.1487333333333333,0.0997999999999999,0.3891333333333334,0.0203999999999999,0.2500888888888888,435.8333333333333,86.86666666666666
en,2026-04-30,32.0,27.0,0.3149375,0.1729375,0.2129375,0.1728125,0.12228125,0.29796875,0.2309999999999999,0.7466875,0.6925625,0.1918125,0.53575,0.11928125,0.2321875,0.2750625,0.050125,0.36046875,0.24459375,0.3024375,0.3447187499999999,0.3304062499999999,0.5782812500000001,0.3738125,0.51096875,0.37775,0.1374375,0.06621875,0.0738125,0.1115,0.43015625,0.0082812499999999,0.28453125,391.1875,78.34375
en,2026-05-01,34.0,27.0,0.3132647058823529,0.1820882352941176,0.2340294117647059,0.1882941176470588,0.1179705882352941,0.266735294117647,0.2452941176470588,0.6653529411764707,0.6632058823529413,0.1658235294117647,0.4697941176470588,0.0945,0.173,0.2072058823529411,0.0256176470588235,0.3622941176470588,0.2263235294117647,0.2760882352941176,0.3298823529411765,0.3332941176470588,0.5101176470588236,0.2701470588235294,0.4746764705882352,0.3029411764705883,0.1216470588235294,0.087735294117647,0.1001764705882353,0.0927647058823529,0.4052647058823529,0.0370661764705882,0.2855294117647058,392.5882352941176,78.41176470588235
en,2026-05-02,39.0,34.0,0.4056666666666667,0.3055641025641025,0.2747179487179487,0.2200769230769231,0.095051282051282,0.3096153846153845,0.2639487179487179,0.6885641025641026,0.7272820512820513,0.239102564102564,0.5252051282051281,0.1319487179487179,0.1303589743589743,0.2382564102564102,0.0398974358974358,0.4146923076923076,0.2562820512820513,0.2898205128205128,0.502025641025641,0.2691538461538461,0.6346153846153847,0.4101538461538461,0.4661794871794872,0.3152820512820513,0.1432307692307692,0.0681538461538461,0.1202564102564102,0.135051282051282,0.4196923076923076,0.0991730769230769,0.3741709401709402,700.7948717948718,139.3846153846154
en,2026-05-03,43.0,31.0,0.3397209302325581,0.2367441860465116,0.2210232558139534,0.1713720930232558,0.1436744186046511,0.2936511627906977,0.2812093023255814,0.6517674418604652,0.6677906976744186,0.2213023255813953,0.5011627906976744,0.1302790697674418,0.2384418604651162,0.253953488372093,0.0516279069767441,0.3655813953488371,0.2676744186046512,0.2756511627906976,0.4882325581395348,0.3576279069767442,0.5599767441860465,0.3853488372093023,0.4864186046511627,0.3095581395348837,0.1707674418604651,0.1220465116279069,0.1534418604651162,0.1253488372093023,0.410860465116279,0.0235523255813953,0.2658372093023256,594.0697674418604,117.76744186046513
en,2026-05-04,47.0,36.0,0.3356739130434782,0.2849782608695652,0.3176521739130434,0.2355217391304348,0.0700652173913043,0.2885434782608696,0.2332608695652173,0.7310652173913041,0.7477391304347826,0.1660434782608695,0.5790217391304349,0.0929782608695652,0.1691086956521739,0.2422826086956521,0.0180869565217391,0.3709782608695651,0.2101956521739129,0.2823695652173913,0.3301521739130435,0.2328043478260869,0.5632608695652174,0.3087391304347826,0.5238695652173913,0.3775869565217391,0.1061739130434782,0.0592826086956521,0.1013478260869565,0.135195652173913,0.4191739130434783,0.1141521739130434,0.3969565217391305,536.8936170212766,106.8936170212766
en,2026-05-05,42.0,27.0,0.3516428571428571,0.2520238095238095,0.2677380952380952,0.2138095238095238,0.1605714285714286,0.3496428571428571,0.3708095238095238,0.735,0.6628809523809525,0.2070952380952381,0.5186666666666666,0.1251428571428571,0.1689047619047619,0.2622380952380952,0.0517619047619047,0.3953095238095238,0.2567142857142857,0.3161666666666667,0.3587142857142857,0.3608333333333333,0.6081904761904762,0.3702380952380952,0.5567142857142857,0.3735952380952381,0.1490238095238095,0.0627380952380952,0.1577857142857143,0.1588571428571428,0.4560714285714285,0.0161964285714285,0.2668492063492063,535.8809523809524,107.42857142857144
en,2026-05-06,33.0,24.0,0.2299393939393939,0.1357272727272727,0.1951515151515151,0.1187272727272727,0.1077878787878787,0.2221818181818182,0.2391818181818181,0.6399393939393939,0.6166666666666667,0.1267272727272727,0.4414545454545455,0.087030303030303,0.1206060606060606,0.1477575757575757,0.0257575757575757,0.3153939393939394,0.1913939393939394,0.2106363636363636,0.3079090909090909,0.347090909090909,0.4994545454545453,0.3562727272727273,0.5019393939393939,0.3563333333333333,0.1329393939393939,0.0838787878787878,0.1257575757575757,0.0862424242424242,0.3486666666666666,0.0049015151515151,0.2394646464646465,286.54545454545456,58.696969696969695
en,2026-05-07,45.0,24.0,0.248906976744186,0.1752093023255813,0.2589302325581395,0.1733953488372093,0.0968837209302325,0.220860465116279,0.1744186046511628,0.6704186046511628,0.6897906976744186,0.1233023255813953,0.5977209302325581,0.0804651162790697,0.1878372093023256,0.1726279069767442,0.0172790697674418,0.3413255813953488,0.1756744186046511,0.2624651162790697,0.2576976744186047,0.2632093023255813,0.4877906976744186,0.2856511627906977,0.4608837209302326,0.3236511627906977,0.0965581395348837,0.058953488372093,0.1338139534883721,0.1100930232558139,0.3788372093023255,0.0552383720930232,0.3023255813953488,356.53333333333336,71.42222222222222
en,2026-05-08,30.0,26.0,0.3454666666666666,0.2327333333333333,0.317,0.2075,0.1853666666666666,0.2928666666666666,0.2506333333333333,0.6869333333333334,0.6791,0.2011333333333333,0.5865666666666666,0.1083,0.2210666666666666,0.2409666666666666,0.0361333333333333,0.4009333333333333,0.2520666666666666,0.2834,0.3382333333333333,0.3321,0.5564666666666668,0.3794,0.4548,0.3665333333333333,0.1535333333333333,0.1106666666666666,0.0802333333333333,0.1598,0.4551666666666667,0.0365583333333333,0.2618222222222222,537.7333333333333,107.3
en,2026-05-09,38.0,31.0,0.3595405405405406,0.2517027027027027,0.2469729729729729,0.2084324324324324,0.1014324324324324,0.2927567567567566,0.2623243243243243,0.7084054054054054,0.7088918918918918,0.1867027027027027,0.4988108108108108,0.1247567567567567,0.1684324324324324,0.2069189189189189,0.0219189189189189,0.3691081081081082,0.2418108108108108,0.2321081081081081,0.4496486486486487,0.2888378378378379,0.5623783783783783,0.3439729729729729,0.4906216216216217,0.3164324324324324,0.1482702702702702,0.0289459459459459,0.1176486486486486,0.1185675675675675,0.4335405405405406,0.0695675675675675,0.337036036036036,587.8421052631579,118.52631578947368
en,2026-05-10,41.0,32.0,0.4185365853658537,0.3254146341463415,0.3148536585365853,0.2727073170731707,0.075780487804878,0.2813658536585365,0.2709756097560976,0.7317073170731706,0.7483658536585366,0.2542195121951219,0.5592682926829268,0.1174634146341463,0.1820731707317073,0.2318780487804878,0.0205609756097561,0.4107317073170731,0.2201707317073171,0.3154390243902439,0.3784146341463414,0.242780487804878,0.5804878048780489,0.3415121951219512,0.522219512195122,0.3281707317073171,0.1340487804878048,0.0600487804878048,0.0810487804878049,0.129780487804878,0.4387073170731708,0.1543048780487804,0.4181382113821137,532.9512195121952,107.5609756097561
en,2026-05-11,39.0,30.0,0.2901025641025641,0.1682564102564102,0.211974358974359,0.1418461538461538,0.1576410256410256,0.3053589743589744,0.2769230769230769,0.6933333333333334,0.6955384615384614,0.1769743589743589,0.4442820512820512,0.1185897435897435,0.2071794871794871,0.2068717948717948,0.050025641025641,0.3581025641025641,0.2487692307692307,0.2905641025641026,0.351,0.4267948717948718,0.537,0.3501025641025641,0.4909230769230769,0.3146666666666666,0.1629230769230769,0.0452307692307692,0.0705128205128205,0.1277179487179487,0.4392307692307692,-0.0284551282051282,0.2415641025641026,521.4102564102565,102.43589743589745
en,2026-05-12,29.0,22.0,0.3682068965517241,0.2014482758620689,0.3152413793103447,0.1941724137931034,0.0937586206896551,0.3501724137931034,0.3103103448275862,0.7006896551724139,0.7294482758620688,0.1993793103448276,0.5781724137931036,0.1023448275862069,0.1325172413793103,0.2642068965517241,0.0373448275862068,0.3768275862068966,0.2152068965517241,0.3111379310344828,0.404655172413793,0.2920689655172413,0.6360344827586207,0.3851724137931035,0.4968620689655173,0.3258965517241379,0.1390689655172414,0.1109310344827586,0.1434482758620689,0.1282068965517241,0.4219655172413792,0.047801724137931,0.377206896551724,618.6551724137931,120.82758620689656
en,2026-05-13,21.0,19.0,0.2524761904761904,0.2152857142857142,0.2408571428571428,0.1828095238095238,0.1023809523809523,0.282904761904762,0.2344761904761905,0.6877142857142858,0.6422380952380953,0.1823333333333333,0.4921904761904761,0.0897619047619047,0.1219047619047618,0.2018095238095238,0.0236666666666666,0.3185714285714285,0.1941428571428571,0.2500952380952381,0.283,0.3785714285714286,0.5752380952380952,0.4061428571428572,0.5347142857142857,0.3165238095238095,0.1141428571428571,0.0992857142857143,0.1608571428571428,0.117047619047619,0.3903333333333333,0.0302142857142856,0.2761428571428572,462.2380952380952,94.1904761904762
en,2026-05-14,46.0,31.0,0.2618260869565217,0.1545652173913043,0.1946521739130434,0.1333043478260869,0.1396739130434783,0.2567826086956522,0.2345434782608696,0.6594130434782608,0.607913043478261,0.1984782608695652,0.4724565217391304,0.1425869565217391,0.2301521739130435,0.1931521739130435,0.0604565217391304,0.3517608695652174,0.237195652173913,0.2330652173913043,0.3679565217391304,0.4084782608695653,0.5172826086956522,0.3633478260869565,0.4893043478260869,0.2950652173913043,0.1194782608695652,0.1002391304347826,0.0699782608695652,0.1130652173913043,0.3932608695652174,-0.012141304347826,0.2151231884057971,386.0434782608696,77.17391304347827
en,2026-05-15,45.0,37.0,0.3436666666666666,0.2138666666666666,0.2556666666666666,0.1797777777777778,0.1054888888888888,0.2870222222222223,0.2370222222222222,0.671688888888889,0.6931555555555555,0.1821333333333333,0.4853777777777779,0.0785777777777777,0.2092222222222222,0.2469777777777777,0.0277999999999999,0.3434444444444444,0.2638666666666666,0.2539777777777778,0.3955333333333332,0.2782222222222221,0.592488888888889,0.3728000000000001,0.4587555555555555,0.3108888888888889,0.1160444444444444,0.0874888888888888,0.1246444444444444,0.1252888888888889,0.4195333333333333,0.0519888888888888,0.3253407407407407,437.8888888888889,86.88888888888889
en,2026-05-16,38.0,27.0,0.2710526315789473,0.1752894736842105,0.2535526315789473,0.144,0.1461578947368421,0.2972631578947369,0.2547631578947368,0.7123684210526317,0.6560263157894738,0.164578947368421,0.4804473684210527,0.0870263157894736,0.2082894736842105,0.2105263157894736,0.0311578947368421,0.3446578947368421,0.2562894736842105,0.269421052631579,0.429,0.4131578947368421,0.5570263157894736,0.366421052631579,0.4878947368421053,0.3255789473684211,0.1474210526315789,0.0905263157894736,0.1783947368421052,0.1225,0.4207368421052631,-0.0107368421052631,0.2473859649122807,499.4473684210527,100.07894736842104
en,2026-05-17,32.0,25.0,0.21915625,0.12021875,0.1967499999999999,0.114125,0.1169062499999999,0.23196875,0.243,0.64728125,0.641,0.12865625,0.4964375,0.09675,0.16665625,0.20025,0.03721875,0.28840625,0.24103125,0.209625,0.41340625,0.40896875,0.4304375,0.25453125,0.46375,0.330875,0.11353125,0.06334375,0.18515625,0.085375,0.35890625,-0.011875,0.2353958333333333,341.5,65.75
en,2026-05-18,37.0,31.0,0.3157222222222222,0.2406111111111111,0.2013333333333333,0.1815833333333333,0.0917222222222222,0.29525,0.2576666666666667,0.7209166666666667,0.7492777777777778,0.1982222222222222,0.426,0.11025,0.1120555555555555,0.2347222222222222,0.0225555555555555,0.3303055555555556,0.2210555555555555,0.2515833333333333,0.3952777777777778,0.2655555555555556,0.5751388888888888,0.3025555555555555,0.53725,0.2659166666666667,0.1165277777777778,0.0907499999999999,0.1120555555555555,0.11025,0.3868055555555555,0.0413263888888888,0.3303888888888888,355.97297297297297,69.72972972972973
en,2026-05-19,45.0,37.0,0.3249777777777777,0.2575111111111111,0.2141777777777778,0.2105999999999999,0.1023999999999999,0.2646666666666666,0.2206888888888888,0.708111111111111,0.7456000000000002,0.2269111111111111,0.5155777777777778,0.1211333333333333,0.1985555555555555,0.2142888888888889,0.0505999999999999,0.3511333333333333,0.225,0.2500444444444444,0.4087777777777777,0.2186222222222222,0.5509999999999999,0.3671555555555556,0.5114444444444446,0.3508888888888888,0.1271111111111111,0.0478888888888889,0.0828222222222222,0.1204888888888888,0.4057999999999999,0.0682833333333333,0.3258518518518518,513.0,103.62222222222222
en,2026-05-20,39.0,32.0,0.3391025641025641,0.2155128205128205,0.2276153846153846,0.195076923076923,0.0922820512820512,0.2666666666666666,0.2216666666666666,0.6493333333333334,0.7103076923076923,0.1782307692307692,0.5025897435897436,0.0879487179487179,0.2128717948717948,0.2219230769230769,0.0276410256410256,0.3305897435897436,0.2193589743589743,0.2084615384615384,0.3836410256410256,0.2685897435897436,0.4904615384615384,0.3394102564102564,0.4265897435897436,0.3402820512820513,0.100102564102564,0.0535641025641025,0.0558974358974358,0.1147948717948717,0.3748205128205128,0.0648525641025641,0.3333931623931624,482.5128205128205,98.35897435897436
en,2026-05-21,34.0,26.0,0.3267647058823529,0.1589117647058823,0.2579999999999999,0.174235294117647,0.0564117647058823,0.2345294117647058,0.1727941176470588,0.6965,0.709,0.1441764705882352,0.4714705882352941,0.1028235294117647,0.1643823529411764,0.2668235294117647,0.0348529411764705,0.3319117647058823,0.257970588235294,0.2033823529411764,0.3530294117647058,0.2322647058823529,0.4537941176470588,0.3006470588235294,0.4905588235294117,0.3352352941176471,0.0865,0.0402058823529411,0.0988823529411764,0.1235882352941176,0.4232058823529411,0.0840073529411764,0.3748431372549019,321.29411764705884,64.97058823529412
en,2026-05-22,40.0,31.0,0.354925,0.25025,0.3083,0.19175,0.14605,0.3314249999999999,0.2848,0.7336750000000001,0.683575,0.219725,0.5533250000000001,0.1664,0.1940249999999999,0.26505,0.039975,0.3938,0.2612,0.260725,0.4423499999999999,0.343125,0.5937000000000001,0.433625,0.557775,0.39,0.159,0.070225,0.089625,0.1401,0.44305,0.03756875,0.3028833333333333,550.15,111.075
en,2026-05-23,35.0,29.0,0.350942857142857,0.2338571428571428,0.2770571428571429,0.2156571428571428,0.1152857142857142,0.2988,0.2428571428571429,0.6472857142857144,0.7024571428571428,0.2796571428571428,0.5218000000000002,0.0935714285714285,0.196,0.2275999999999999,0.0418,0.3611714285714286,0.2257714285714286,0.2503428571428571,0.4113714285714286,0.2860571428571428,0.5595142857142856,0.3477428571428571,0.4360857142857143,0.3451428571428571,0.1881428571428571,0.0632571428571428,0.1142571428571428,0.1396,0.4267999999999999,0.0623357142857143,0.3281999999999999,566.3714285714286,114.28571428571428
en,2026-05-24,27.0,24.0,0.3437777777777777,0.1997407407407407,0.3244074074074074,0.2678148148148148,0.107074074074074,0.2707037037037037,0.1881481481481481,0.715925925925926,0.7304814814814814,0.1950740740740741,0.5132962962962963,0.0879259259259259,0.2335925925925926,0.2182592592592592,0.046037037037037,0.3727037037037038,0.2289629629629629,0.2671481481481481,0.4020740740740741,0.2319629629629629,0.6381481481481481,0.4088518518518518,0.4921111111111112,0.3355925925925926,0.1331851851851851,0.0369629629629629,0.1623333333333333,0.097037037037037,0.4061851851851851,0.0950462962962963,0.3591481481481481,497.1111111111111,100.8148148148148
en,2026-05-25,39.0,34.0,0.441,0.281076923076923,0.2881538461538461,0.2257435897435897,0.1155641025641025,0.3372307692307692,0.3387948717948719,0.7258974358974358,0.7662051282051283,0.2355384615384615,0.5384102564102563,0.1478717948717949,0.1766923076923077,0.3294102564102564,0.0667179487179487,0.3861025641025641,0.2692820512820512,0.3198717948717949,0.3887692307692308,0.3128974358974359,0.5825128205128204,0.3855384615384615,0.531076923076923,0.4105128205128204,0.1612564102564102,0.1034358974358974,0.1637692307692307,0.1795897435897436,0.4812051282051282,0.0825961538461538,0.3828888888888888,794.0,157.87179487179486
en,2026-05-26,36.0,26.0,0.2843888888888888,0.1653611111111111,0.1720277777777777,0.1341388888888889,0.1446666666666666,0.2879166666666666,0.2474722222222222,0.6250833333333333,0.5930277777777778,0.1633055555555556,0.3785833333333333,0.1058333333333333,0.1840277777777778,0.2446388888888888,0.0487499999999999,0.3640277777777778,0.2350833333333333,0.2929444444444445,0.4101388888888889,0.3493055555555556,0.5804444444444443,0.3936944444444445,0.4352222222222222,0.2923333333333333,0.1671944444444444,0.0521111111111111,0.1391388888888888,0.1127777777777777,0.4251388888888889,-0.0273125,0.2051481481481482,525.6111111111111,102.86111111111111
en,2026-05-27,36.0,32.0,0.2781714285714285,0.1887714285714285,0.2011714285714285,0.1773428571428571,0.1078,0.2630857142857143,0.2557142857142858,0.6668,0.6156571428571429,0.1666,0.4683142857142857,0.0981428571428571,0.1446571428571428,0.2082857142857143,0.0337142857142857,0.3457714285714285,0.2134857142857142,0.2459142857142857,0.3402571428571428,0.2934571428571428,0.5485714285714286,0.3232571428571427,0.5044285714285714,0.2765428571428571,0.1598,0.0414285714285714,0.1158,0.1163714285714285,0.3862571428571428,0.0259214285714285,0.2572,423.72222222222223,83.72222222222223
en,2026-05-28,53.0,39.0,0.3162264150943396,0.2033018867924528,0.2148679245283019,0.1615283018867924,0.1024150943396226,0.2362641509433962,0.2133396226415094,0.6396792452830189,0.6809811320754718,0.1659056603773585,0.5041320754716981,0.0689622641509434,0.2279622641509433,0.2030943396226415,0.0374339622641509,0.315377358490566,0.2376226415094339,0.2357924528301886,0.3738490566037736,0.2745471698113207,0.4844905660377359,0.3037735849056604,0.4406037735849056,0.3010566037735849,0.091188679245283,0.0602641509433962,0.1011132075471698,0.1126226415094339,0.3890754716981132,0.0546415094339622,0.3016100628930817,432.9056603773585,86.32075471698113
en,2026-05-29,34.0,28.0,0.4533529411764706,0.305235294117647,0.2828529411764706,0.2374411764705882,0.0753823529411764,0.271735294117647,0.238470588235294,0.7045588235294118,0.7629705882352941,0.2597647058823529,0.5260882352941176,0.0861176470588235,0.3086176470588235,0.2340882352941176,0.0474117647058823,0.3966176470588235,0.2735588235294117,0.2853529411764706,0.3517941176470588,0.2039411764705882,0.5368235294117647,0.3932058823529412,0.4952352941176471,0.3352352941176471,0.0970294117647058,0.0225,0.0745294117647058,0.1418235294117647,0.4350588235294118,0.1461617647058823,0.4243431372549019,574.7352941176471,119.20588235294116
en,2026-05-30,25.0,22.0,0.35672,0.2413199999999999,0.3351599999999999,0.20692,0.126,0.34112,0.30224,0.7095999999999999,0.7208000000000001,0.20728,0.5996,0.13576,0.15132,0.25088,0.0600399999999999,0.36316,0.29896,0.25088,0.5142,0.32144,0.5845600000000001,0.3937999999999999,0.50216,0.3205599999999999,0.15484,0.0885199999999999,0.11244,0.14848,0.46956,0.05147,0.3448933333333333,485.28,94.6
en,2026-05-31,26.0,23.0,0.4201153846153845,0.2477307692307692,0.3596538461538461,0.2232307692307692,0.1033461538461538,0.3376923076923077,0.2513461538461538,0.7001153846153846,0.7407692307692308,0.2036538461538461,0.572,0.106076923076923,0.2549999999999999,0.3126923076923077,0.0265384615384615,0.4342692307692308,0.2633076923076923,0.3488846153846153,0.4062692307692307,0.2261923076923076,0.6101538461538462,0.4373846153846153,0.4802307692307692,0.3358846153846153,0.1196538461538461,0.0662692307692307,0.1079615384615384,0.1493461538461538,0.4473461538461538,0.0921634615384615,0.4034999999999999,516.3461538461538,102.3076923076923
en,2026-06-01,44.0,33.0,0.4059545454545455,0.2438636363636364,0.2447727272727272,0.2111363636363637,0.085,0.2873409090909091,0.2545681818181818,0.7090227272727272,0.7603409090909092,0.2097272727272726,0.4271136363636362,0.0707045454545454,0.2157727272727273,0.2840227272727272,0.0551363636363636,0.4131363636363636,0.3019545454545455,0.2455681818181818,0.4786818181818182,0.2560227272727273,0.5711363636363637,0.3746363636363636,0.548409090909091,0.3463181818181818,0.114340909090909,0.0554999999999999,0.0638863636363636,0.1310227272727273,0.4392727272727273,0.0902613636363636,0.3853560606060606,586.5227272727273,117.88636363636364
en,2026-06-02,46.0,33.0,0.2567608695652174,0.1639347826086956,0.2105869565217391,0.1287608695652174,0.1679999999999999,0.3218913043478261,0.231695652173913,0.732304347826087,0.6375000000000001,0.1588260869565217,0.5946086956521739,0.0629130434782608,0.2914565217391304,0.2403478260869565,0.0277391304347826,0.3611521739130435,0.2962608695652174,0.2146739130434782,0.4250869565217391,0.3321304347826087,0.5840652173913045,0.3307391304347826,0.4712608695652174,0.3671521739130434,0.1088695652173913,0.0399782608695652,0.1077608695652173,0.1171739130434782,0.464695652173913,-0.0549347826086956,0.2002826086956522,422.5217391304348,83.93478260869566
en,2026-06-03,35.0,27.0,0.3525142857142857,0.2323714285714285,0.3151142857142857,0.1740285714285714,0.193,0.4007428571428571,0.3164,0.7416,0.6595142857142857,0.2045428571428571,0.6124000000000002,0.1631999999999999,0.1880285714285714,0.2841714285714286,0.0685714285714285,0.3795428571428571,0.2709428571428571,0.3242285714285714,0.3946285714285714,0.3620285714285714,0.6834857142857141,0.4772571428571429,0.4916857142857144,0.3448571428571428,0.1929142857142857,0.0798,0.1196,0.1550285714285714,0.4657428571428572,-0.0283642857142857,0.2493809523809523,651.5714285714286,130.45714285714286
en,2026-06-04,30.0,24.0,0.475,0.3477,0.3589,0.2628333333333333,0.1387999999999999,0.3494666666666667,0.2930666666666666,0.7138666666666668,0.7744,0.2499,0.6078333333333333,0.2049,0.1925666666666667,0.3487999999999999,0.0355999999999999,0.4058666666666666,0.2596666666666666,0.3128333333333334,0.5310333333333332,0.2734666666666667,0.6355000000000001,0.4152333333333333,0.4585000000000001,0.3393333333333334,0.1545,0.0824,0.1720333333333333,0.1507,0.4648,0.116975,0.3972999999999999,650.5,127.6
en,2026-06-05,41.0,25.0,0.3358536585365854,0.178780487804878,0.327,0.1381951219512195,0.1100487804878048,0.268390243902439,0.1898536585365853,0.7079024390243903,0.7327073170731707,0.2128048780487804,0.4764390243902439,0.1205853658536585,0.1921219512195122,0.2599756097560975,0.0259756097560975,0.3070975609756097,0.2316829268292683,0.1801463414634146,0.5547073170731707,0.2569024390243902,0.4611463414634147,0.4042439024390244,0.4202439024390243,0.3110243902439024,0.0942926829268292,0.0209512195121951,0.077390243902439,0.1261951219512195,0.4239024390243903,0.0557378048780487,0.3551382113821138,446.4146341463415,91.63414634146342
en,2026-06-06,32.0,26.0,0.461125,0.34671875,0.30528125,0.216125,0.1009375,0.3130625,0.26315625,0.6996249999999999,0.7731875,0.28534375,0.54246875,0.124125,0.2319687499999999,0.2768125,0.035375,0.38559375,0.2234374999999999,0.26703125,0.3870625,0.25415625,0.5598125,0.389625,0.437625,0.3380937499999999,0.1236875,0.07459375,0.1269374999999999,0.1223125,0.4235625,0.1253125,0.4122604166666667,622.875,122.65625
en,2026-06-07,34.0,27.0,0.3306764705882353,0.2172941176470588,0.2484117647058824,0.2324117647058823,0.0856764705882353,0.2672058823529411,0.2657941176470588,0.7213235294117647,0.7267941176470589,0.1655882352941176,0.5482941176470588,0.1545294117647058,0.2067941176470588,0.1731470588235294,0.0492941176470588,0.3359117647058823,0.2159999999999999,0.2532941176470588,0.3942058823529412,0.291,0.5680882352941177,0.3750882352941176,0.4949117647058824,0.3445882352941177,0.1439999999999999,0.0750882352941176,0.1423823529411765,0.1230882352941176,0.4240294117647059,0.0807573529411764,0.3496176470588236,520.2058823529412,103.26470588235294
en,2026-06-08,34.0,24.0,0.3753235294117646,0.2282058823529411,0.2674117647058823,0.2117647058823529,0.1037647058823529,0.3358529411764706,0.2962058823529411,0.7635000000000001,0.7241176470588236,0.1966764705882353,0.4809411764705882,0.219235294117647,0.2574117647058824,0.2479411764705882,0.0471470588235294,0.4083529411764706,0.2946470588235294,0.2788823529411765,0.4349705882352941,0.3308529411764706,0.5822058823529411,0.3720588235294117,0.5917647058823529,0.3605588235294117,0.156735294117647,0.0606470588235294,0.112235294117647,0.1765882352941176,0.4543235294117647,0.0508676470588235,0.3518529411764706,585.3529411764706,118.0
en,2026-06-09,33.0,29.0,0.3126969696969697,0.1435151515151515,0.2603636363636363,0.120060606060606,0.0915757575757575,0.2686363636363636,0.2321515151515151,0.6858181818181819,0.6978181818181819,0.1736666666666666,0.4753030303030303,0.0709393939393939,0.153,0.1654242424242424,0.016090909090909,0.3106060606060606,0.1856060606060606,0.1599696969696969,0.5014242424242424,0.3097272727272727,0.580969696969697,0.3931212121212121,0.5063636363636363,0.3474242424242424,0.1060909090909091,0.0251212121212121,0.0901212121212121,0.102060606060606,0.3976060606060606,0.0290530303030302,0.332050505050505,399.1212121212121,78.81818181818181
en,2026-06-10,39.0,28.0,0.3123333333333334,0.1957948717948718,0.2146923076923076,0.1483589743589743,0.1552307692307692,0.3286153846153846,0.2652564102564103,0.7465897435897434,0.7066410256410257,0.1796666666666666,0.4663076923076924,0.183025641025641,0.1468717948717948,0.3036410256410256,0.0792564102564102,0.4187179487179486,0.2712051282051282,0.2803076923076923,0.3642564102564102,0.3177692307692308,0.5572051282051281,0.5022051282051283,0.5587435897435897,0.3186666666666667,0.1111794871794871,0.0493333333333333,0.115076923076923,0.148025641025641,0.4498461538461538,-0.0241282051282051,0.2559914529914529,385.4358974358975,76.97435897435898
en,2026-06-11,18.0,14.0,,,,,,,,,,,,,,,,,,,,,,,,,,,,,,,,,
en,2026-06-12,17.0,14.0,,,,,,,,,,,,,,,,,,,,,,,,,,,,,,,,,
en,2026-06-13,36.0,23.0,0.3970555555555556,0.1890555555555556,0.2840277777777778,0.2323055555555556,0.0809722222222222,0.3026944444444444,0.24175,0.7616111111111112,0.773638888888889,0.2061388888888889,0.5984722222222222,0.1390277777777777,0.23525,0.2293611111111111,0.04425,0.369,0.2646388888888889,0.2049444444444444,0.5288333333333335,0.2408888888888889,0.5822222222222222,0.3777777777777778,0.5822222222222222,0.3630277777777777,0.1611944444444444,0.0325,0.0541111111111111,0.1568333333333333,0.4519166666666666,0.0837777777777777,0.4039351851851852,517.9444444444445,101.66666666666669
en,2026-06-14,36.0,24.0,0.3615555555555556,0.2693611111111111,0.3045833333333332,0.2358888888888889,0.0987222222222222,0.3154166666666666,0.2718055555555555,0.6925277777777779,0.7616111111111112,0.2005833333333333,0.5741388888888889,0.1294166666666666,0.2479722222222222,0.2775277777777777,0.0679444444444444,0.3820555555555555,0.2482777777777777,0.3038333333333333,0.3210555555555555,0.2631944444444445,0.5483333333333333,0.3317222222222222,0.4584444444444445,0.3139444444444444,0.1665555555555555,0.1007777777777777,0.1279166666666666,0.1371388888888889,0.4430555555555556,0.0857777777777777,0.3771944444444444,501.6388888888889,98.44444444444444
en,2026-06-15,15.0,12.0,,,,,,,,,,,,,,,,,,,,,,,,,,,,,,,,,
en,2026-06-16,17.0,13.0,,,,,,,,,,,,,,,,,,,,,,,,,,,,,,,,,
en,2026-06-17,26.0,21.0,0.3921923076923077,0.1734615384615385,0.2738846153846154,0.1573076923076923,0.1323461538461538,0.2715384615384615,0.2616538461538461,0.6900384615384615,0.7478846153846154,0.2049999999999999,0.4616923076923077,0.1235384615384615,0.2341923076923076,0.1893076923076923,0.0602307692307692,0.3486153846153846,0.2735384615384615,0.2027692307692307,0.5221153846153845,0.3804230769230768,0.5609999999999999,0.3823846153846154,0.4874615384615384,0.2825384615384615,0.1236923076923076,0.0595384615384615,0.043076923076923,0.1103076923076923,0.4163461538461537,0.0472692307692307,0.3389743589743589,419.7692307692308,83.34615384615384
en,2026-06-18,28.0,19.0,0.331,0.1967142857142857,0.2011428571428571,0.2027142857142857,0.0772142857142857,0.2320714285714285,0.2648571428571428,0.7333214285714285,0.7230357142857143,0.173,0.3765357142857142,0.06725,0.2115,0.1770357142857142,0.0432857142857142,0.36725,0.2155714285714285,0.2650714285714285,0.3084999999999999,0.2442142857142857,0.5732142857142858,0.3836071428571428,0.6387142857142857,0.3018571428571429,0.20575,0.0617857142857142,0.0515,0.1250357142857143,0.4105714285714286,0.07825,0.3411785714285714,558.5714285714286,111.92857142857144
en,2026-06-19,16.0,11.0,,,,,,,,,,,,,,,,,,,,,,,,,,,,,,,,,
en,2026-06-20,21.0,15.0,0.3323809523809525,0.187047619047619,0.2353809523809523,0.1919523809523809,0.0734761904761904,0.279095238095238,0.2231428571428571,0.6056190476190476,0.7192857142857142,0.1842857142857142,0.3748571428571428,0.0883809523809523,0.2071904761904762,0.1949523809523809,0.0454761904761904,0.365047619047619,0.1877619047619048,0.2852857142857142,0.2738095238095238,0.1903333333333333,0.5332380952380954,0.3599047619047618,0.4769047619047618,0.2342380952380952,0.1784761904761905,0.1181428571428571,0.0879999999999999,0.1332380952380952,0.3895714285714286,0.0604047619047619,0.3555396825396825,554.8571428571429,111.23809523809524
en,2026-06-21,24.0,22.0,0.3625416666666667,0.2379583333333333,0.3229166666666667,0.2422083333333333,0.1060833333333333,0.272625,0.215875,0.6939166666666668,0.721375,0.2332083333333333,0.5031249999999999,0.1101249999999999,0.2762916666666666,0.238875,0.0515833333333333,0.3828333333333333,0.2290416666666666,0.263625,0.4109583333333333,0.2665,0.5685416666666666,0.3424166666666666,0.4587083333333333,0.3872916666666667,0.1212916666666666,0.0244166666666666,0.0679583333333333,0.1362499999999999,0.4418333333333333,0.1020520833333333,0.3628611111111111,542.0833333333334,109.66666666666669
en,2026-06-22,20.0,15.0,0.502,0.35775,0.4025999999999999,0.2631499999999999,0.1583,0.45715,0.38215,0.8354999999999999,0.775,0.3076,0.7183999999999998,0.23355,0.2834,0.38925,0.0568499999999999,0.475,0.3811999999999999,0.3743999999999999,0.5909500000000001,0.3449,0.76115,0.5471499999999999,0.6563000000000001,0.54585,0.20525,0.1178499999999999,0.06565,0.2022,0.52205,0.07365,0.4015666666666667,663.1,131.7
en,2026-06-23,18.0,13.0,,,,,,,,,,,,,,,,,,,,,,,,,,,,,,,,,
en,2026-06-24,28.0,23.0,0.4898928571428572,0.2698214285714285,0.2562142857142856,0.2053571428571428,0.0570357142857142,0.2419285714285714,0.1698928571428571,0.6603214285714285,0.8247499999999999,0.1963571428571428,0.5481785714285714,0.1070357142857143,0.1726785714285714,0.2615714285714286,0.0274642857142857,0.3817857142857143,0.2114999999999999,0.2264999999999999,0.3963214285714286,0.1471428571428571,0.4618928571428572,0.3245,0.4697499999999999,0.3315714285714286,0.0985714285714285,0.0301785714285714,0.0683928571428571,0.1211785714285714,0.3900357142857142,0.1558392857142856,0.4665833333333333,498.7857142857143,100.92857142857144
en,2026-06-25,15.0,12.0,,,,,,,,,,,,,,,,,,,,,,,,,,,,,,,,,
en,2026-06-26,15.0,9.0,,,,,,,,,,,,,,,,,,,,,,,,,,,,,,,,,
en,2026-06-27,11.0,9.0,,,,,,,,,,,,,,,,,,,,,,,,,,,,,,,,,
en,2026-06-28,29.0,21.0,0.2270689655172413,0.1545172413793103,0.212551724137931,0.1424482758620689,0.0897931034482758,0.2378965517241379,0.2291379310344827,0.5754827586206896,0.6386896551724137,0.1549655172413793,0.4407586206896551,0.1084482758620689,0.2063448275862069,0.1838275862068965,0.014,0.3388620689655173,0.2059310344827586,0.2780344827586207,0.3028275862068965,0.3696206896551724,0.5334827586206896,0.3584827586206896,0.4277931034482758,0.2282413793103448,0.122,0.0605172413793103,0.1039310344827586,0.1110344827586206,0.4019655172413792,0.020301724137931,0.2696436781609195,349.17241379310343,69.93103448275862
en,2026-06-29,17.0,15.0,,,,,,,,,,,,,,,,,,,,,,,,,,,,,,,,,
en,2026-06-30,25.0,18.0,0.46872,0.1866,0.29128,0.2112399999999999,0.10208,0.23368,0.16492,0.76152,0.76864,0.17864,0.53972,0.1104,0.0824,0.2023199999999999,0.08008,0.36564,0.21592,0.2251999999999999,0.3636399999999999,0.17772,0.4922399999999999,0.3242799999999999,0.5562799999999999,0.38732,0.0724,0.01684,0.03132,0.1295599999999999,0.42228,0.12158,0.4074666666666666,454.36,92.16
en,2026-07-01,19.0,18.0,,,,,,,,,,,,,,,,,,,,,,,,,,,,,,,,,
en,2026-07-02,19.0,17.0,,,,,,,,,,,,,,,,,,,,,,,,,,,,,,,,,
en,2026-07-03,14.0,13.0,,,,,,,,,,,,,,,,,,,,,,,,,,,,,,,,,
en,2026-07-04,13.0,13.0,,,,,,,,,,,,,,,,,,,,,,,,,,,,,,,,,
en,2026-07-05,23.0,21.0,0.3116521739130434,0.2015652173913044,0.2511304347826087,0.2032608695652173,0.1126086956521738,0.3045652173913043,0.2570869565217391,0.6790869565217391,0.6849130434782609,0.1882173913043478,0.4179130434782609,0.156,0.3049130434782608,0.3232173913043478,0.0274782608695652,0.3260869565217391,0.2748260869565218,0.2452173913043479,0.5257826086956521,0.3055217391304348,0.563782608695652,0.4355652173913043,0.5085652173913043,0.2939130434782609,0.1291304347826087,0.0417826086956521,0.1408260869565217,0.1551304347826087,0.4383913043478261,0.0333152173913043,0.3032898550724637,642.8260869565217,130.3913043478261
en,2026-07-06,21.0,14.0,0.4259047619047618,0.2861428571428571,0.3630952380952381,0.2003333333333333,0.1141428571428571,0.3733333333333333,0.296,0.7478571428571429,0.7320952380952381,0.2721904761904762,0.6957619047619047,0.1205238095238095,0.0987619047619047,0.3060476190476191,0.0693809523809523,0.4257619047619048,0.2534285714285714,0.2811428571428571,0.4822857142857143,0.2777619047619047,0.6856666666666668,0.5128571428571428,0.5741904761904761,0.3641904761904762,0.1349523809523809,0.1109523809523809,0.1044285714285714,0.1448571428571428,0.4398571428571428,0.0751309523809523,0.3928888888888888,644.4761904761905,131.14285714285714
en,2026-07-07,26.0,23.0,0.4397307692307692,0.3401153846153845,0.3116153846153846,0.2709615384615385,0.1202692307692307,0.3600769230769231,0.3091538461538461,0.6701923076923078,0.7505000000000001,0.2508461538461539,0.5962307692307692,0.1865,0.1455,0.3134230769230769,0.073576923076923,0.3875769230769231,0.2475,0.3537692307692307,0.5118076923076924,0.3195384615384615,0.6572307692307693,0.4098076923076924,0.4162692307692308,0.3413461538461539,0.1803846153846154,0.1746153846153846,0.115076923076923,0.1367692307692307,0.4386538461538461,0.1004326923076923,0.3803461538461538,683.5769230769231,134.6153846153846
en,2026-07-08,30.0,25.0,0.3831379310344827,0.2171724137931034,0.2554827586206896,0.1670689655172413,0.1132068965517241,0.2702413793103448,0.2715172413793103,0.6677586206896552,0.7362758620689656,0.1850689655172414,0.5282068965517241,0.0857931034482758,0.1872413793103448,0.2362068965517241,0.0584137931034482,0.342655172413793,0.2440344827586207,0.2152413793103448,0.419655172413793,0.2678620689655172,0.5211379310344828,0.3642068965517241,0.4845172413793103,0.3303103448275862,0.1257931034482758,0.100655172413793,0.1126551724137931,0.1210344827586206,0.420896551724138,0.0639913793103448,0.3450919540229885,516.4,101.36666666666666
en,2026-07-09,9.0,9.0,,,,,,,,,,,,,,,,,,,,,,,,,,,,,,,,,
other,2024-10-15,1.0,1.0,,,,,,,,,,,,,,,,,,,,,,,,,,,,,,,,,
other,2025-03-10,1.0,1.0,,,,,,,,,,,,,,,,,,,,,,,,,,,,,,,,,
other,2025-06-05,1.0,1.0,,,,,,,,,,,,,,,,,,,,,,,,,,,,,,,,,
other,2025-07-03,1.0,1.0,,,,,,,,,,,,,,,,,,,,,,,,,,,,,,,,,
other,2025-08-26,1.0,1.0,,,,,,,,,,,,,,,,,,,,,,,,,,,,,,,,,
other,2025-12-04,2.0,1.0,,,,,,,,,,,,,,,,,,,,,,,,,,,,,,,,,
other,2025-12-09,2.0,1.0,,,,,,,,,,,,,,,,,,,,,,,,,,,,,,,,,
other,2025-12-13,2.0,1.0,,,,,,,,,,,,,,,,,,,,,,,,,,,,,,,,,
other,2025-12-31,2.0,2.0,,,,,,,,,,,,,,,,,,,,,,,,,,,,,,,,,
other,2026-01-10,1.0,1.0,,,,,,,,,,,,,,,,,,,,,,,,,,,,,,,,,
other,2026-01-11,1.0,1.0,,,,,,,,,,,,,,,,,,,,,,,,,,,,,,,,,
other,2026-01-15,1.0,1.0,,,,,,,,,,,,,,,,,,,,,,,,,,,,,,,,,
other,2026-01-20,1.0,1.0,,,,,,,,,,,,,,,,,,,,,,,,,,,,,,,,,
other,2026-01-21,1.0,1.0,,,,,,,,,,,,,,,,,,,,,,,,,,,,,,,,,
other,2026-01-22,1.0,1.0,,,,,,,,,,,,,,,,,,,,,,,,,,,,,,,,,
other,2026-02-01,1.0,1.0,,,,,,,,,,,,,,,,,,,,,,,,,,,,,,,,,
other,2026-02-09,1.0,1.0,,,,,,,,,,,,,,,,,,,,,,,,,,,,,,,,,
other,2026-02-10,1.0,1.0,,,,,,,,,,,,,,,,,,,,,,,,,,,,,,,,,
other,2026-02-14,1.0,1.0,,,,,,,,,,,,,,,,,,,,,,,,,,,,,,,,,
other,2026-02-21,3.0,2.0,,,,,,,,,,,,,,,,,,,,,,,,,,,,,,,,,
other,2026-03-10,2.0,2.0,,,,,,,,,,,,,,,,,,,,,,,,,,,,,,,,,
other,2026-03-21,1.0,1.0,,,,,,,,,,,,,,,,,,,,,,,,,,,,,,,,,
other,2026-03-23,1.0,1.0,,,,,,,,,,,,,,,,,,,,,,,,,,,,,,,,,
other,2026-03-24,1.0,1.0,,,,,,,,,,,,,,,,,,,,,,,,,,,,,,,,,
other,2026-03-25,1.0,1.0,,,,,,,,,,,,,,,,,,,,,,,,,,,,,,,,,
other,2026-04-09,2.0,2.0,,,,,,,,,,,,,,,,,,,,,,,,,,,,,,,,,
other,2026-04-10,2.0,1.0,,,,,,,,,,,,,,,,,,,,,,,,,,,,,,,,,
other,2026-04-11,2.0,1.0,,,,,,,,,,,,,,,,,,,,,,,,,,,,,,,,,
other,2026-04-12,1.0,1.0,,,,,,,,,,,,,,,,,,,,,,,,,,,,,,,,,
other,2026-04-14,1.0,1.0,,,,,,,,,,,,,,,,,,,,,,,,,,,,,,,,,
other,2026-04-21,1.0,1.0,,,,,,,,,,,,,,,,,,,,,,,,,,,,,,,,,
other,2026-04-25,1.0,1.0,,,,,,,,,,,,,,,,,,,,,,,,,,,,,,,,,
other,2026-05-04,1.0,1.0,,,,,,,,,,,,,,,,,,,,,,,,,,,,,,,,,
other,2026-05-29,1.0,1.0,,,,,,,,,,,,,,,,,,,,,,,,,,,,,,,,,
other,2026-06-16,1.0,1.0,,,,,,,,,,,,,,,,,,,,,,,,,,,,,,,,,
other,2026-07-03,1.0,1.0,,,,,,,,,,,,,,,,,,,,,,,,,,,,,,,,,
ru,2023-01-20,1.0,1.0,,,,,,,,,,,,,,,,,,,,,,,,,,,,,,,,,
ru,2023-12-01,1.0,1.0,,,,,,,,,,,,,,,,,,,,,,,,,,,,,,,,,
ru,2023-12-03,1.0,1.0,,,,,,,,,,,,,,,,,,,,,,,,,,,,,,,,,
ru,2024-03-26,1.0,1.0,,,,,,,,,,,,,,,,,,,,,,,,,,,,,,,,,
ru,2024-03-28,1.0,1.0,,,,,,,,,,,,,,,,,,,,,,,,,,,,,,,,,
ru,2024-05-01,1.0,1.0,,,,,,,,,,,,,,,,,,,,,,,,,,,,,,,,,
ru,2024-05-02,1.0,1.0,,,,,,,,,,,,,,,,,,,,,,,,,,,,,,,,,
ru,2024-05-04,1.0,1.0,,,,,,,,,,,,,,,,,,,,,,,,,,,,,,,,,
ru,2024-05-07,1.0,1.0,,,,,,,,,,,,,,,,,,,,,,,,,,,,,,,,,
ru,2024-05-12,1.0,1.0,,,,,,,,,,,,,,,,,,,,,,,,,,,,,,,,,
ru,2024-05-16,1.0,1.0,,,,,,,,,,,,,,,,,,,,,,,,,,,,,,,,,
ru,2024-05-22,1.0,1.0,,,,,,,,,,,,,,,,,,,,,,,,,,,,,,,,,
ru,2024-05-24,1.0,1.0,,,,,,,,,,,,,,,,,,,,,,,,,,,,,,,,,
ru,2024-05-28,1.0,1.0,,,,,,,,,,,,,,,,,,,,,,,,,,,,,,,,,
ru,2024-07-13,1.0,1.0,,,,,,,,,,,,,,,,,,,,,,,,,,,,,,,,,
ru,2024-07-17,1.0,1.0,,,,,,,,,,,,,,,,,,,,,,,,,,,,,,,,,
ru,2024-08-08,1.0,1.0,,,,,,,,,,,,,,,,,,,,,,,,,,,,,,,,,
ru,2024-08-13,1.0,1.0,,,,,,,,,,,,,,,,,,,,,,,,,,,,,,,,,
ru,2024-09-02,1.0,1.0,,,,,,,,,,,,,,,,,,,,,,,,,,,,,,,,,
ru,2024-09-24,1.0,1.0,,,,,,,,,,,,,,,,,,,,,,,,,,,,,,,,,
ru,2024-10-08,2.0,1.0,,,,,,,,,,,,,,,,,,,,,,,,,,,,,,,,,
ru,2024-10-31,1.0,1.0,,,,,,,,,,,,,,,,,,,,,,,,,,,,,,,,,
ru,2024-11-10,1.0,1.0,,,,,,,,,,,,,,,,,,,,,,,,,,,,,,,,,
ru,2024-11-23,1.0,1.0,,,,,,,,,,,,,,,,,,,,,,,,,,,,,,,,,
ru,2024-12-02,1.0,1.0,,,,,,,,,,,,,,,,,,,,,,,,,,,,,,,,,
ru,2024-12-18,1.0,1.0,,,,,,,,,,,,,,,,,,,,,,,,,,,,,,,,,
ru,2025-01-06,1.0,1.0,,,,,,,,,,,,,,,,,,,,,,,,,,,,,,,,,
ru,2025-01-11,1.0,1.0,,,,,,,,,,,,,,,,,,,,,,,,,,,,,,,,,
ru,2025-02-01,1.0,1.0,,,,,,,,,,,,,,,,,,,,,,,,,,,,,,,,,
ru,2025-02-08,1.0,1.0,,,,,,,,,,,,,,,,,,,,,,,,,,,,,,,,,
ru,2025-02-19,2.0,2.0,,,,,,,,,,,,,,,,,,,,,,,,,,,,,,,,,
ru,2025-02-22,1.0,1.0,,,,,,,,,,,,,,,,,,,,,,,,,,,,,,,,,
ru,2025-03-03,1.0,1.0,,,,,,,,,,,,,,,,,,,,,,,,,,,,,,,,,
ru,2025-03-10,1.0,1.0,,,,,,,,,,,,,,,,,,,,,,,,,,,,,,,,,
ru,2025-03-31,1.0,1.0,,,,,,,,,,,,,,,,,,,,,,,,,,,,,,,,,
ru,2025-04-02,1.0,1.0,,,,,,,,,,,,,,,,,,,,,,,,,,,,,,,,,
ru,2025-04-08,1.0,1.0,,,,,,,,,,,,,,,,,,,,,,,,,,,,,,,,,
ru,2025-04-13,1.0,1.0,,,,,,,,,,,,,,,,,,,,,,,,,,,,,,,,,
ru,2025-04-15,1.0,1.0,,,,,,,,,,,,,,,,,,,,,,,,,,,,,,,,,
ru,2025-04-20,1.0,1.0,,,,,,,,,,,,,,,,,,,,,,,,,,,,,,,,,
ru,2025-04-24,1.0,1.0,,,,,,,,,,,,,,,,,,,,,,,,,,,,,,,,,
ru,2025-04-29,1.0,1.0,,,,,,,,,,,,,,,,,,,,,,,,,,,,,,,,,
ru,2025-04-30,7.0,6.0,,,,,,,,,,,,,,,,,,,,,,,,,,,,,,,,,
ru,2025-05-01,5.0,5.0,,,,,,,,,,,,,,,,,,,,,,,,,,,,,,,,,
ru,2025-05-02,6.0,4.0,,,,,,,,,,,,,,,,,,,,,,,,,,,,,,,,,
ru,2025-05-03,2.0,2.0,,,,,,,,,,,,,,,,,,,,,,,,,,,,,,,,,
ru,2025-05-04,4.0,4.0,,,,,,,,,,,,,,,,,,,,,,,,,,,,,,,,,
ru,2025-05-05,5.0,5.0,,,,,,,,,,,,,,,,,,,,,,,,,,,,,,,,,
ru,2025-05-06,5.0,5.0,,,,,,,,,,,,,,,,,,,,,,,,,,,,,,,,,
ru,2025-05-07,9.0,5.0,,,,,,,,,,,,,,,,,,,,,,,,,,,,,,,,,
ru,2025-05-08,4.0,4.0,,,,,,,,,,,,,,,,,,,,,,,,,,,,,,,,,
ru,2025-05-09,3.0,2.0,,,,,,,,,,,,,,,,,,,,,,,,,,,,,,,,,
ru,2025-05-11,9.0,6.0,,,,,,,,,,,,,,,,,,,,,,,,,,,,,,,,,
ru,2025-05-12,7.0,5.0,,,,,,,,,,,,,,,,,,,,,,,,,,,,,,,,,
ru,2025-05-13,6.0,6.0,,,,,,,,,,,,,,,,,,,,,,,,,,,,,,,,,
ru,2025-05-14,7.0,7.0,,,,,,,,,,,,,,,,,,,,,,,,,,,,,,,,,
ru,2025-05-15,10.0,7.0,,,,,,,,,,,,,,,,,,,,,,,,,,,,,,,,,
ru,2025-05-16,9.0,3.0,,,,,,,,,,,,,,,,,,,,,,,,,,,,,,,,,
ru,2025-05-17,5.0,5.0,,,,,,,,,,,,,,,,,,,,,,,,,,,,,,,,,
ru,2025-05-18,7.0,4.0,,,,,,,,,,,,,,,,,,,,,,,,,,,,,,,,,
ru,2025-05-19,16.0,12.0,,,,,,,,,,,,,,,,,,,,,,,,,,,,,,,,,
ru,2025-05-20,8.0,7.0,,,,,,,,,,,,,,,,,,,,,,,,,,,,,,,,,
ru,2025-05-21,5.0,5.0,,,,,,,,,,,,,,,,,,,,,,,,,,,,,,,,,
ru,2025-05-22,13.0,10.0,,,,,,,,,,,,,,,,,,,,,,,,,,,,,,,,,
ru,2025-05-23,6.0,5.0,,,,,,,,,,,,,,,,,,,,,,,,,,,,,,,,,
ru,2025-05-24,7.0,6.0,,,,,,,,,,,,,,,,,,,,,,,,,,,,,,,,,
ru,2025-05-25,11.0,9.0,,,,,,,,,,,,,,,,,,,,,,,,,,,,,,,,,
ru,2025-05-26,6.0,5.0,,,,,,,,,,,,,,,,,,,,,,,,,,,,,,,,,
ru,2025-05-27,3.0,3.0,,,,,,,,,,,,,,,,,,,,,,,,,,,,,,,,,
ru,2025-05-28,2.0,2.0,,,,,,,,,,,,,,,,,,,,,,,,,,,,,,,,,
ru,2025-05-29,5.0,5.0,,,,,,,,,,,,,,,,,,,,,,,,,,,,,,,,,
ru,2025-05-30,5.0,5.0,,,,,,,,,,,,,,,,,,,,,,,,,,,,,,,,,
ru,2025-05-31,3.0,3.0,,,,,,,,,,,,,,,,,,,,,,,,,,,,,,,,,
ru,2025-06-01,16.0,14.0,,,,,,,,,,,,,,,,,,,,,,,,,,,,,,,,,
ru,2025-06-02,8.0,8.0,,,,,,,,,,,,,,,,,,,,,,,,,,,,,,,,,
ru,2025-06-03,10.0,10.0,,,,,,,,,,,,,,,,,,,,,,,,,,,,,,,,,
ru,2025-06-04,10.0,10.0,,,,,,,,,,,,,,,,,,,,,,,,,,,,,,,,,
ru,2025-06-05,13.0,12.0,,,,,,,,,,,,,,,,,,,,,,,,,,,,,,,,,
ru,2025-06-06,15.0,13.0,,,,,,,,,,,,,,,,,,,,,,,,,,,,,,,,,
ru,2025-06-07,7.0,7.0,,,,,,,,,,,,,,,,,,,,,,,,,,,,,,,,,
ru,2025-06-08,20.0,15.0,0.4427,0.40835,0.3939499999999999,0.17615,0.1447999999999999,0.5321,0.5232499999999999,0.767,0.8098000000000001,0.31135,0.6581,0.19305,0.3098499999999999,0.4768,0.13865,0.5850000000000001,0.5413499999999999,0.5559499999999999,0.7011499999999999,0.4239499999999999,0.8125500000000001,0.6581,0.4307999999999999,0.4425,0.25915,0.2425,0.04705,0.2124,0.5337000000000001,0.0168374999999999,0.4040166666666667,594.75,100.45
ru,2025-06-09,16.0,13.0,,,,,,,,,,,,,,,,,,,,,,,,,,,,,,,,,
ru,2025-06-10,11.0,11.0,,,,,,,,,,,,,,,,,,,,,,,,,,,,,,,,,
ru,2025-06-11,20.0,16.0,0.4689,0.4458,0.45095,0.1938,0.1611999999999999,0.5836499999999999,0.5831999999999999,0.794,0.8130999999999998,0.34535,0.7151499999999998,0.2143,0.34055,0.5282500000000001,0.1533,0.6387499999999998,0.5861500000000001,0.58915,0.7543499999999999,0.4695,0.84925,0.72055,0.4779,0.5143500000000001,0.2858499999999999,0.26285,0.05,0.23485,0.5776,0.0174374999999999,0.41645,790.55,138.05
ru,2025-06-12,16.0,11.0,,,,,,,,,,,,,,,,,,,,,,,,,,,,,,,,,
ru,2025-06-13,7.0,6.0,,,,,,,,,,,,,,,,,,,,,,,,,,,,,,,,,
ru,2025-06-14,12.0,11.0,,,,,,,,,,,,,,,,,,,,,,,,,,,,,,,,,
ru,2025-06-15,15.0,12.0,,,,,,,,,,,,,,,,,,,,,,,,,,,,,,,,,
ru,2025-06-16,15.0,12.0,,,,,,,,,,,,,,,,,,,,,,,,,,,,,,,,,
ru,2025-06-17,39.0,34.0,0.4701025641025642,0.4395384615384615,0.434,0.194076923076923,0.1565384615384615,0.5800000000000001,0.5661538461538461,0.7981538461538462,0.8246923076923076,0.3294102564102564,0.7057179487179487,0.2122307692307692,0.3319230769230769,0.5234102564102564,0.1536923076923076,0.6346153846153845,0.5892307692307693,0.5952564102564102,0.75,0.4395641025641025,0.8595384615384615,0.7084358974358975,0.455974358974359,0.4889230769230768,0.2812820512820512,0.243076923076923,0.0509743589743589,0.2274102564102563,0.5660000000000002,0.0161602564102564,0.4197264957264958,582.1794871794872,100.35897435897436
ru,2025-06-18,10.0,10.0,,,,,,,,,,,,,,,,,,,,,,,,,,,,,,,,,
ru,2025-06-19,14.0,12.0,,,,,,,,,,,,,,,,,,,,,,,,,,,,,,,,,
ru,2025-06-20,23.0,18.0,0.4555652173913043,0.4340434782608696,0.4283043478260869,0.1908695652173912,0.1522173913043478,0.572,0.5614347826086955,0.7851739130434783,0.813913043478261,0.3332173913043478,0.7060434782608696,0.2148695652173913,0.3263913043478261,0.5191739130434783,0.1528260869565217,0.6404782608695653,0.5814782608695651,0.6073043478260869,0.741608695652174,0.4414347826086956,0.854086956521739,0.7049565217391305,0.454695652173913,0.4806086956521739,0.277304347826087,0.2489565217391304,0.0480869565217391,0.2234347826086956,0.5625652173913045,0.0150869565217391,0.4137101449275362,569.2173913043479,98.78260869565216
ru,2025-06-21,13.0,12.0,,,,,,,,,,,,,,,,,,,,,,,,,,,,,,,,,
ru,2025-06-22,14.0,13.0,,,,,,,,,,,,,,,,,,,,,,,,,,,,,,,,,
ru,2025-06-23,21.0,13.0,0.4863809523809524,0.4747619047619049,0.4531428571428571,0.2052380952380952,0.167,0.6038571428571429,0.6038571428571429,0.788047619047619,0.8177619047619048,0.370095238095238,0.7112857142857143,0.2451428571428571,0.3464285714285715,0.5637619047619048,0.1652857142857143,0.6605238095238095,0.6086666666666667,0.6223809523809524,0.7611904761904762,0.4606666666666667,0.8555238095238094,0.7270952380952382,0.4662857142857143,0.504047619047619,0.312047619047619,0.2573809523809524,0.0593333333333333,0.2595238095238095,0.5933333333333334,0.0194523809523809,0.4187619047619048,814.3333333333334,141.0952380952381
ru,2025-06-24,27.0,16.0,0.3959259259259259,0.3649259259259259,0.372111111111111,0.1618148148148148,0.1301851851851851,0.4918888888888889,0.473,0.7448888888888888,0.7986666666666666,0.2744814814814815,0.6279259259259258,0.1696666666666666,0.2767037037037037,0.4277777777777778,0.1274814814814815,0.5585555555555557,0.4959259259259259,0.5282592592592593,0.6884074074074074,0.4184074074074074,0.7965555555555555,0.6267037037037037,0.4143333333333332,0.4118518518518518,0.2376296296296296,0.2301111111111111,0.0389259259259259,0.1907777777777777,0.4975925925925926,0.0126574074074074,0.3920493827160494,631.4444444444445,113.14814814814817
ru,2025-06-25,18.0,18.0,,,,,,,,,,,,,,,,,,,,,,,,,,,,,,,,,
ru,2025-06-26,24.0,21.0,0.440625,0.4201666666666666,0.406625,0.1813749999999999,0.1458333333333333,0.5483333333333333,0.545125,0.7794583333333334,0.81175,0.32125,0.682875,0.209125,0.310625,0.4982916666666666,0.1422916666666666,0.6121249999999999,0.562875,0.5712499999999999,0.7315416666666668,0.4295,0.8275833333333334,0.6801666666666666,0.4440833333333334,0.4653333333333333,0.2723333333333333,0.2314166666666666,0.051875,0.22675,0.548,0.0151145833333333,0.4071666666666666,768.2916666666666,129.29166666666666
ru,2025-06-27,19.0,19.0,,,,,,,,,,,,,,,,,,,,,,,,,,,,,,,,,
ru,2025-06-28,12.0,11.0,,,,,,,,,,,,,,,,,,,,,,,,,,,,,,,,,
ru,2025-06-29,23.0,19.0,0.450304347826087,0.4299130434782609,0.4303478260869565,0.188391304347826,0.1486086956521739,0.5528260869565217,0.5494782608695653,0.7699130434782608,0.8183478260869563,0.3303043478260869,0.6817391304347825,0.205695652173913,0.3181739130434783,0.5047391304347826,0.151,0.6258260869565218,0.5657826086956522,0.587086956521739,0.7212608695652173,0.4370434782608695,0.8319565217391304,0.6777391304347826,0.448695652173913,0.4764782608695653,0.273,0.2441739130434783,0.0472608695652174,0.2215652173913043,0.5513043478260871,0.0240217391304347,0.4177246376811594,648.0434782608696,111.04347826086956
ru,2025-06-30,18.0,15.0,,,,,,,,,,,,,,,,,,,,,,,,,,,,,,,,,
ru,2025-07-01,28.0,24.0,0.4585714285714286,0.4293928571428571,0.4281785714285714,0.1874285714285714,0.15825,0.5642142857142857,0.5566785714285715,0.7763928571428572,0.8150357142857143,0.3303571428571428,0.6838214285714285,0.2118571428571429,0.3250357142857142,0.5111071428571429,0.1561428571428571,0.6234285714285716,0.5689642857142857,0.5893928571428572,0.7296071428571428,0.4418571428571428,0.8359642857142857,0.6783928571428571,0.4496071428571429,0.4762142857142856,0.2815714285714286,0.2543214285714285,0.0516785714285714,0.2273214285714286,0.5565714285714285,0.0146607142857142,0.4090119047619047,711.6785714285714,120.14285714285714
ru,2025-07-02,20.0,19.0,0.50525,0.4872000000000001,0.46445,0.208,0.17265,0.6086499999999999,0.6197999999999999,0.8167,0.8289500000000001,0.3779,0.73675,0.24885,0.36285,0.57115,0.1742499999999999,0.6698,0.63445,0.6305,0.7693,0.4742,0.8586,0.7242999999999999,0.4902499999999999,0.5243,0.31245,0.2851499999999999,0.0608,0.2609,0.6032500000000001,0.025575,0.4269,621.7,108.3
ru,2025-07-03,17.0,16.0,,,,,,,,,,,,,,,,,,,,,,,,,,,,,,,,,
ru,2025-07-04,20.0,15.0,0.42905,0.3890999999999999,0.3959,0.17165,0.14055,0.5197499999999999,0.5022500000000001,0.7582999999999999,0.80755,0.29315,0.6468999999999999,0.1868,0.30085,0.4574999999999999,0.1355,0.585,0.52535,0.5421,0.6972,0.4174,0.8075000000000001,0.6527999999999999,0.4288999999999999,0.43345,0.2476999999999999,0.22325,0.0448,0.2037,0.5205500000000002,0.0162749999999999,0.4036166666666666,792.35,135.85
ru,2025-07-05,17.0,14.0,,,,,,,,,,,,,,,,,,,,,,,,,,,,,,,,,
ru,2025-07-06,15.0,15.0,,,,,,,,,,,,,,,,,,,,,,,,,,,,,,,,,
ru,2025-07-07,27.0,23.0,0.395,0.3644074074074073,0.3896296296296296,0.1648518518518518,0.1294814814814814,0.4898888888888889,0.4637407407407408,0.7512962962962965,0.8021481481481482,0.2676666666666666,0.6175555555555555,0.1788148148148148,0.2718888888888888,0.4246666666666667,0.1268148148148148,0.5458518518518519,0.4948888888888889,0.506962962962963,0.6700370370370371,0.4029629629629629,0.7851111111111112,0.6442222222222223,0.4315555555555556,0.4058148148148148,0.2421111111111111,0.2101111111111111,0.0362222222222222,0.1812222222222222,0.4955185185185185,0.018787037037037,0.3994444444444445,380.77777777777777,66.33333333333333
ru,2025-07-08,22.0,19.0,0.3861818181818182,0.3445909090909091,0.3693636363636364,0.1506363636363636,0.1171363636363636,0.4794090909090909,0.4584090909090907,0.7425454545454543,0.8037272727272728,0.2584545454545454,0.6148181818181819,0.1527727272727272,0.2576363636363636,0.4119545454545453,0.1166818181818181,0.553,0.4846818181818182,0.5115454545454546,0.6685,0.395590909090909,0.7854545454545455,0.6040909090909091,0.4089999999999998,0.4022272727272727,0.2230909090909091,0.192,0.0326818181818181,0.1704999999999999,0.4837727272727273,0.0144204545454545,0.4026212121212121,462.45454545454544,81.5
ru,2025-07-09,17.0,15.0,,,,,,,,,,,,,,,,,,,,,,,,,,,,,,,,,
ru,2025-07-10,13.0,12.0,,,,,,,,,,,,,,,,,,,,,,,,,,,,,,,,,
ru,2025-07-11,26.0,17.0,0.4986923076923077,0.4789230769230769,0.4505769230769231,0.2011153846153846,0.1631153846153845,0.6068846153846154,0.6126923076923076,0.8052307692307694,0.8222692307692309,0.3675,0.7303846153846153,0.236576923076923,0.3541153846153845,0.5659230769230769,0.1599615384615384,0.6723076923076923,0.6330769230769231,0.6285000000000001,0.7760384615384616,0.4555384615384615,0.8740769230769231,0.7416153846153846,0.4740384615384616,0.5105384615384616,0.3016538461538461,0.2508461538461538,0.0577692307692307,0.2555769230769231,0.6022692307692308,0.022326923076923,0.4273974358974359,834.4615384615385,143.1153846153846
ru,2025-07-12,23.0,21.0,0.3814347826086957,0.3441304347826087,0.3647826086956521,0.1494347826086956,0.1191739130434782,0.4780434782608696,0.4624782608695653,0.7438260869565216,0.801608695652174,0.2535217391304348,0.6126956521739131,0.149695652173913,0.2567391304347825,0.4130869565217391,0.1147391304347826,0.5482173913043479,0.4905652173913042,0.507,0.6737826086956522,0.4036086956521739,0.7730869565217392,0.6168695652173912,0.4021304347826087,0.3953478260869565,0.2180434782608696,0.1899565217391304,0.031,0.170695652173913,0.4838260869565217,0.0113369565217391,0.396768115942029,619.1304347826087,106.78260869565216
ru,2025-07-13,15.0,12.0,,,,,,,,,,,,,,,,,,,,,,,,,,,,,,,,,
ru,2025-07-14,12.0,11.0,,,,,,,,,,,,,,,,,,,,,,,,,,,,,,,,,
ru,2025-07-15,26.0,21.0,0.4771538461538461,0.448576923076923,0.4367692307692308,0.1935384615384615,0.1574615384615384,0.5666923076923077,0.5700000000000001,0.7835384615384615,0.8163461538461539,0.3377307692307691,0.6771153846153847,0.2183076923076923,0.3349615384615384,0.5227692307692308,0.1583846153846154,0.6308846153846154,0.5847307692307692,0.5860384615384616,0.7377307692307691,0.4405384615384615,0.8322307692307691,0.6854230769230768,0.4674615384615385,0.4844230769230769,0.284076923076923,0.2543846153846154,0.0560384615384615,0.2346923076923077,0.5571153846153846,0.0269326923076923,0.4192948717948718,632.9230769230769,109.96153846153848
ru,2025-07-16,13.0,11.0,,,,,,,,,,,,,,,,,,,,,,,,,,,,,,,,,
ru,2025-07-17,18.0,14.0,,,,,,,,,,,,,,,,,,,,,,,,,,,,,,,,,
ru,2025-07-18,16.0,14.0,,,,,,,,,,,,,,,,,,,,,,,,,,,,,,,,,
ru,2025-07-19,19.0,15.0,,,,,,,,,,,,,,,,,,,,,,,,,,,,,,,,,
ru,2025-07-20,28.0,23.0,0.4010357142857143,0.3639642857142858,0.3680714285714285,0.1571071428571428,0.1246428571428571,0.5055357142857143,0.4838571428571429,0.7640357142857142,0.8107142857142857,0.2643928571428572,0.6612857142857143,0.1586071428571428,0.2746428571428571,0.4385714285714285,0.1187857142857142,0.5736785714285714,0.5215357142857143,0.527892857142857,0.7103214285714284,0.3996428571428572,0.8271428571428573,0.6623214285714286,0.4089999999999999,0.4250000000000001,0.2265,0.1837142857142857,0.0326785714285714,0.1779642857142857,0.5111785714285714,0.0074553571428571,0.4019642857142858,469.8928571428572,81.78571428571429
ru,2025-07-21,10.0,9.0,,,,,,,,,,,,,,,,,,,,,,,,,,,,,,,,,
ru,2025-07-22,18.0,17.0,,,,,,,,,,,,,,,,,,,,,,,,,,,,,,,,,
ru,2025-07-23,12.0,12.0,,,,,,,,,,,,,,,,,,,,,,,,,,,,,,,,,
ru,2025-07-24,11.0,11.0,,,,,,,,,,,,,,,,,,,,,,,,,,,,,,,,,
ru,2025-07-25,20.0,14.0,0.4015999999999999,0.3631000000000001,0.3696,0.16365,0.1301999999999999,0.5053000000000001,0.48095,0.75075,0.8016000000000002,0.2788,0.6451,0.1674,0.2807499999999999,0.4323,0.13105,0.5598000000000001,0.5089999999999999,0.5340999999999999,0.6963,0.4049999999999999,0.8042,0.6466999999999999,0.4122,0.41215,0.2349499999999999,0.2043999999999999,0.0407,0.1922499999999999,0.50405,0.0067375,0.3940666666666667,428.2,74.55
ru,2025-07-26,21.0,16.0,0.4116190476190476,0.3733333333333333,0.3767142857142856,0.1636666666666666,0.1293333333333333,0.5086190476190476,0.4882380952380952,0.7477142857142857,0.8062857142857144,0.2839523809523809,0.6360000000000001,0.1739523809523809,0.2847619047619047,0.4468095238095239,0.1272857142857142,0.5694285714285714,0.5122857142857141,0.5400952380952381,0.6905238095238097,0.4055714285714286,0.7969999999999999,0.6408095238095238,0.4173333333333333,0.4143809523809524,0.2431904761904761,0.2103333333333333,0.0403333333333333,0.1897142857142857,0.506,0.0123571428571428,0.4022063492063492,439.7619047619048,76.52380952380952
ru,2025-07-27,37.0,23.0,0.4164054054054054,0.3851891891891892,0.3902432432432432,0.1732162162162162,0.137108108108108,0.5194324324324324,0.4986486486486486,0.7523783783783784,0.8067567567567568,0.2939189189189189,0.6604324324324323,0.1845405405405405,0.2880810810810811,0.4588108108108107,0.1346486486486486,0.5848648648648649,0.5167567567567567,0.5501081081081081,0.701,0.4102432432432432,0.8114054054054054,0.655108108108108,0.423054054054054,0.4334054054054054,0.2458648648648648,0.2186486486486486,0.0412702702702702,0.197027027027027,0.5164864864864865,0.0129932432432432,0.4006936936936937,745.1351351351351,133.86486486486487
ru,2025-07-28,19.0,11.0,,,,,,,,,,,,,,,,,,,,,,,,,,,,,,,,,
ru,2025-07-29,16.0,15.0,,,,,,,,,,,,,,,,,,,,,,,,,,,,,,,,,
ru,2025-07-30,15.0,14.0,,,,,,,,,,,,,,,,,,,,,,,,,,,,,,,,,
ru,2025-07-31,8.0,7.0,,,,,,,,,,,,,,,,,,,,,,,,,,,,,,,,,
ru,2025-08-01,12.0,10.0,,,,,,,,,,,,,,,,,,,,,,,,,,,,,,,,,
ru,2025-08-02,11.0,11.0,,,,,,,,,,,,,,,,,,,,,,,,,,,,,,,,,
ru,2025-08-03,20.0,14.0,0.4357500000000001,0.38885,0.4006,0.1697,0.1358,0.5269,0.5089500000000001,0.7808,0.8135999999999999,0.2892,0.6820999999999999,0.169,0.29235,0.4671,0.13425,0.5831500000000001,0.5336000000000001,0.5621499999999999,0.71505,0.4213,0.82115,0.6587000000000002,0.4399,0.4422,0.2407,0.2308,0.03715,0.1903,0.52405,0.0173749999999999,0.4141833333333333,346.3,61.6
ru,2025-08-04,25.0,21.0,0.42776,0.3839600000000001,0.40484,0.1770399999999999,0.1336399999999999,0.51632,0.50604,0.75508,0.80972,0.2876,0.6451600000000001,0.17568,0.29776,0.45372,0.136,0.58684,0.5256400000000001,0.53948,0.6937200000000001,0.41092,0.80844,0.6448400000000001,0.42904,0.44364,0.24216,0.22684,0.0394,0.19576,0.51304,0.02342,0.4137999999999999,547.52,95.6
ru,2025-08-05,13.0,13.0,,,,,,,,,,,,,,,,,,,,,,,,,,,,,,,,,
ru,2025-08-06,15.0,12.0,,,,,,,,,,,,,,,,,,,,,,,,,,,,,,,,,
ru,2025-08-07,12.0,11.0,,,,,,,,,,,,,,,,,,,,,,,,,,,,,,,,,
ru,2025-08-08,11.0,10.0,,,,,,,,,,,,,,,,,,,,,,,,,,,,,,,,,
ru,2025-08-09,18.0,16.0,,,,,,,,,,,,,,,,,,,,,,,,,,,,,,,,,
ru,2025-08-10,19.0,15.0,,,,,,,,,,,,,,,,,,,,,,,,,,,,,,,,,
ru,2025-08-11,18.0,18.0,,,,,,,,,,,,,,,,,,,,,,,,,,,,,,,,,
ru,2025-08-12,31.0,20.0,0.3675806451612902,0.3112258064516128,0.3545483870967743,0.143516129032258,0.109258064516129,0.4553548387096774,0.4244193548387097,0.7208064516129032,0.800516129032258,0.2287741935483871,0.596225806451613,0.1297741935483871,0.2412903225806451,0.3834516129032259,0.1072903225806451,0.5235161290322581,0.4556129032258064,0.4875483870967741,0.6680645161290323,0.3751290322580644,0.780225806451613,0.6000645161290321,0.3834516129032258,0.3701290322580645,0.2042258064516129,0.1816129032258064,0.0267096774193548,0.1564193548387097,0.4585161290322581,0.0119112903225806,0.3982903225806453,311.06451612903226,54.03225806451613
ru,2025-08-13,19.0,16.0,,,,,,,,,,,,,,,,,,,,,,,,,,,,,,,,,
ru,2025-08-14,9.0,9.0,,,,,,,,,,,,,,,,,,,,,,,,,,,,,,,,,
ru,2025-08-15,17.0,16.0,,,,,,,,,,,,,,,,,,,,,,,,,,,,,,,,,
ru,2025-08-16,17.0,15.0,,,,,,,,,,,,,,,,,,,,,,,,,,,,,,,,,
ru,2025-08-17,18.0,15.0,,,,,,,,,,,,,,,,,,,,,,,,,,,,,,,,,
ru,2025-08-18,17.0,17.0,,,,,,,,,,,,,,,,,,,,,,,,,,,,,,,,,
ru,2025-08-19,18.0,18.0,,,,,,,,,,,,,,,,,,,,,,,,,,,,,,,,,
ru,2025-08-20,14.0,12.0,,,,,,,,,,,,,,,,,,,,,,,,,,,,,,,,,
ru,2025-08-21,15.0,14.0,,,,,,,,,,,,,,,,,,,,,,,,,,,,,,,,,
ru,2025-08-22,15.0,14.0,,,,,,,,,,,,,,,,,,,,,,,,,,,,,,,,,
ru,2025-08-23,13.0,12.0,,,,,,,,,,,,,,,,,,,,,,,,,,,,,,,,,
ru,2025-08-24,17.0,16.0,,,,,,,,,,,,,,,,,,,,,,,,,,,,,,,,,
ru,2025-08-25,23.0,20.0,0.4737391304347825,0.4403913043478261,0.4343913043478261,0.1921304347826087,0.1581739130434782,0.5695217391304347,0.5631304347826088,0.7925652173913044,0.820391304347826,0.3279130434782608,0.7041739130434782,0.2090869565217391,0.3337826086956522,0.5173913043478261,0.1576521739130434,0.6300869565217391,0.5816956521739131,0.5989565217391304,0.7445217391304348,0.4346521739130434,0.8487391304347823,0.6984782608695651,0.4516086956521739,0.4817826086956523,0.2769565217391304,0.2434347826086956,0.0485652173913043,0.2263043478260869,0.562391304347826,0.0213152173913043,0.418,620.304347826087,108.04347826086956
ru,2025-08-26,19.0,18.0,,,,,,,,,,,,,,,,,,,,,,,,,,,,,,,,,
ru,2025-08-27,21.0,16.0,0.4845714285714285,0.4495714285714286,0.4590476190476191,0.2032380952380952,0.1589047619047619,0.5820952380952381,0.574047619047619,0.79,0.8258571428571428,0.3313333333333333,0.7092380952380953,0.2104285714285714,0.3379047619047619,0.5293333333333332,0.1608095238095238,0.6454761904761904,0.5921428571428571,0.5962857142857143,0.7394761904761905,0.4460952380952381,0.8552380952380955,0.6965714285714286,0.4658095238095238,0.5033333333333334,0.2798571428571428,0.2599523809523809,0.0482857142857142,0.2294285714285714,0.568,0.0286071428571428,0.4309206349206349,554.8095238095239,98.38095238095238
ru,2025-08-28,15.0,13.0,,,,,,,,,,,,,,,,,,,,,,,,,,,,,,,,,
ru,2025-08-29,13.0,12.0,,,,,,,,,,,,,,,,,,,,,,,,,,,,,,,,,
ru,2025-08-30,14.0,11.0,,,,,,,,,,,,,,,,,,,,,,,,,,,,,,,,,
ru,2025-08-31,14.0,13.0,,,,,,,,,,,,,,,,,,,,,,,,,,,,,,,,,
ru,2025-09-01,13.0,11.0,,,,,,,,,,,,,,,,,,,,,,,,,,,,,,,,,
ru,2025-09-02,5.0,5.0,,,,,,,,,,,,,,,,,,,,,,,,,,,,,,,,,
ru,2025-09-03,17.0,11.0,,,,,,,,,,,,,,,,,,,,,,,,,,,,,,,,,
ru,2025-09-04,9.0,8.0,,,,,,,,,,,,,,,,,,,,,,,,,,,,,,,,,
ru,2025-09-05,15.0,13.0,,,,,,,,,,,,,,,,,,,,,,,,,,,,,,,,,
ru,2025-09-06,11.0,10.0,,,,,,,,,,,,,,,,,,,,,,,,,,,,,,,,,
ru,2025-09-07,8.0,7.0,,,,,,,,,,,,,,,,,,,,,,,,,,,,,,,,,
ru,2025-09-08,13.0,13.0,,,,,,,,,,,,,,,,,,,,,,,,,,,,,,,,,
ru,2025-09-09,14.0,12.0,,,,,,,,,,,,,,,,,,,,,,,,,,,,,,,,,
ru,2025-09-10,6.0,5.0,,,,,,,,,,,,,,,,,,,,,,,,,,,,,,,,,
ru,2025-09-11,10.0,9.0,,,,,,,,,,,,,,,,,,,,,,,,,,,,,,,,,
ru,2025-09-12,16.0,14.0,,,,,,,,,,,,,,,,,,,,,,,,,,,,,,,,,
ru,2025-09-13,14.0,10.0,,,,,,,,,,,,,,,,,,,,,,,,,,,,,,,,,
ru,2025-09-14,17.0,14.0,,,,,,,,,,,,,,,,,,,,,,,,,,,,,,,,,
ru,2025-09-15,8.0,8.0,,,,,,,,,,,,,,,,,,,,,,,,,,,,,,,,,
ru,2025-09-16,11.0,10.0,,,,,,,,,,,,,,,,,,,,,,,,,,,,,,,,,
ru,2025-09-17,9.0,8.0,,,,,,,,,,,,,,,,,,,,,,,,,,,,,,,,,
ru,2025-09-18,13.0,11.0,,,,,,,,,,,,,,,,,,,,,,,,,,,,,,,,,
ru,2025-09-19,9.0,6.0,,,,,,,,,,,,,,,,,,,,,,,,,,,,,,,,,
ru,2025-09-20,15.0,12.0,,,,,,,,,,,,,,,,,,,,,,,,,,,,,,,,,
ru,2025-09-21,11.0,10.0,,,,,,,,,,,,,,,,,,,,,,,,,,,,,,,,,
ru,2025-09-22,14.0,13.0,,,,,,,,,,,,,,,,,,,,,,,,,,,,,,,,,
ru,2025-09-23,5.0,5.0,,,,,,,,,,,,,,,,,,,,,,,,,,,,,,,,,
ru,2025-09-24,15.0,13.0,,,,,,,,,,,,,,,,,,,,,,,,,,,,,,,,,
ru,2025-09-25,7.0,7.0,,,,,,,,,,,,,,,,,,,,,,,,,,,,,,,,,
ru,2025-09-26,8.0,8.0,,,,,,,,,,,,,,,,,,,,,,,,,,,,,,,,,
ru,2025-09-27,19.0,15.0,,,,,,,,,,,,,,,,,,,,,,,,,,,,,,,,,
ru,2025-09-28,13.0,11.0,,,,,,,,,,,,,,,,,,,,,,,,,,,,,,,,,
ru,2025-09-29,9.0,7.0,,,,,,,,,,,,,,,,,,,,,,,,,,,,,,,,,
ru,2025-09-30,15.0,13.0,,,,,,,,,,,,,,,,,,,,,,,,,,,,,,,,,
ru,2025-10-01,27.0,21.0,0.3317407407407407,0.2747777777777778,0.3183703703703703,0.1258888888888889,0.0947037037037037,0.4063333333333333,0.3757407407407407,0.715,0.7920740740740739,0.2106296296296296,0.5663333333333334,0.1133703703703703,0.2143333333333333,0.3370740740740741,0.0922222222222222,0.4852222222222221,0.4117777777777777,0.4489259259259259,0.6272592592592593,0.3668148148148148,0.7254074074074075,0.5516296296296296,0.3772592592592592,0.3370370370370371,0.1787407407407407,0.170037037037037,0.0234074074074074,0.1362222222222222,0.4228888888888888,0.0121759259259259,0.3860246913580247,234.25925925925927,42.2962962962963
ru,2025-10-02,21.0,17.0,0.3766666666666666,0.3332857142857143,0.3469523809523809,0.1495714285714285,0.1147142857142857,0.4555714285714285,0.4358095238095237,0.7270476190476189,0.7959047619047619,0.2422380952380952,0.6078571428571429,0.1444285714285714,0.2568095238095238,0.3903333333333333,0.1154285714285714,0.5309523809523808,0.4705714285714285,0.4795714285714285,0.658,0.3804761904761904,0.7654761904761904,0.6004761904761904,0.3993809523809524,0.3883809523809524,0.2108571428571428,0.1787142857142857,0.0346666666666666,0.1702380952380952,0.4689047619047619,0.0164761904761904,0.3917936507936507,448.04761904761904,76.80952380952381
ru,2025-10-03,13.0,11.0,,,,,,,,,,,,,,,,,,,,,,,,,,,,,,,,,
ru,2025-10-04,21.0,20.0,0.4175714285714286,0.3769523809523809,0.3803333333333333,0.1613809523809524,0.1325714285714286,0.5058095238095237,0.489095238095238,0.7659523809523809,0.8105714285714285,0.2743809523809523,0.6553333333333333,0.1657619047619047,0.289095238095238,0.4426666666666667,0.129,0.5758571428571427,0.5227142857142857,0.5347142857142857,0.7051428571428572,0.4056190476190475,0.8079047619047618,0.6440952380952382,0.4362857142857143,0.4299999999999999,0.236,0.2087142857142857,0.0379523809523809,0.1883809523809523,0.5107142857142858,0.0148690476190476,0.4035873015873016,330.3333333333333,57.85714285714285
ru,2025-10-05,12.0,12.0,,,,,,,,,,,,,,,,,,,,,,,,,,,,,,,,,
ru,2025-10-06,12.0,10.0,,,,,,,,,,,,,,,,,,,,,,,,,,,,,,,,,
ru,2025-10-07,10.0,9.0,,,,,,,,,,,,,,,,,,,,,,,,,,,,,,,,,
ru,2025-10-08,10.0,10.0,,,,,,,,,,,,,,,,,,,,,,,,,,,,,,,,,
ru,2025-10-09,20.0,17.0,0.43565,0.40465,0.40515,0.17765,0.1435499999999999,0.53195,0.5137,0.77665,0.8170999999999999,0.3034,0.67335,0.18975,0.3038499999999999,0.477,0.1377499999999999,0.5963999999999999,0.54645,0.5500500000000001,0.7223499999999999,0.4282500000000001,0.81685,0.65915,0.43955,0.4467,0.25605,0.2370499999999999,0.0437999999999999,0.2026499999999999,0.5316000000000001,0.018025,0.4090833333333333,456.4,81.5
ru,2025-10-10,17.0,16.0,,,,,,,,,,,,,,,,,,,,,,,,,,,,,,,,,
ru,2025-10-11,22.0,16.0,0.4755454545454545,0.4497727272727272,0.4381818181818182,0.1979090909090909,0.1560454545454545,0.5789090909090908,0.5696363636363635,0.7931818181818183,0.8242727272727273,0.3339545454545455,0.7119090909090909,0.2163181818181818,0.3294545454545454,0.5256363636363637,0.1609545454545454,0.6430909090909089,0.5947727272727273,0.5976363636363637,0.7514545454545455,0.4422272727272727,0.8602272727272727,0.7132727272727273,0.4572272727272727,0.4905909090909091,0.283,0.2403636363636363,0.0492272727272727,0.2230454545454545,0.5679545454545455,0.022875,0.4232878787878787,722.7272727272727,127.0909090909091
ru,2025-10-12,23.0,16.0,0.3693478260869565,0.3279565217391304,0.3472173913043478,0.1444347826086956,0.1137391304347826,0.4626086956521739,0.4415217391304347,0.7219565217391305,0.7939999999999998,0.2485652173913043,0.606608695652174,0.1459130434782608,0.2524782608695652,0.3973478260869565,0.1165652173913043,0.5291304347826088,0.4720869565217392,0.5008260869565219,0.6705217391304348,0.3864347826086957,0.772,0.6073043478260869,0.3885652173913043,0.386695652173913,0.208695652173913,0.1857826086956521,0.0322173913043478,0.1676086956521739,0.4690869565217391,0.0090652173913043,0.3897826086956522,327.95652173913044,57.43478260869565
ru,2025-10-13,20.0,16.0,0.4216,0.3726,0.39535,0.1619,0.12615,0.51565,0.4911999999999999,0.7812500000000001,0.8162999999999998,0.2663,0.6803000000000001,0.1563999999999999,0.28365,0.4559,0.12035,0.5905,0.5306,0.5511999999999999,0.7213999999999999,0.4044999999999999,0.8293000000000001,0.66525,0.4307999999999999,0.4363999999999999,0.22765,0.2006499999999999,0.0307,0.1780499999999999,0.5155000000000001,0.0169625,0.4182666666666667,322.3,59.0
ru,2025-10-14,11.0,8.0,,,,,,,,,,,,,,,,,,,,,,,,,,,,,,,,,
ru,2025-10-15,22.0,19.0,0.4161818181818181,0.3450454545454545,0.3641818181818182,0.1682727272727273,0.1194999999999999,0.4691818181818181,0.4538636363636364,0.7295909090909091,0.8062272727272728,0.2672272727272727,0.5974090909090909,0.1710454545454545,0.2582727272727272,0.4279545454545454,0.1171818181818181,0.5474090909090908,0.4835454545454546,0.4897272727272727,0.6677272727272727,0.3681363636363636,0.7633636363636362,0.6018181818181817,0.4204545454545453,0.3891818181818182,0.2230454545454545,0.1959999999999999,0.0323181818181818,0.1749090909090909,0.4904090909090907,0.0290795454545454,0.4093636363636364,466.54545454545456,83.13636363636364
ru,2025-10-16,17.0,12.0,,,,,,,,,,,,,,,,,,,,,,,,,,,,,,,,,
ru,2025-10-17,20.0,18.0,0.41115,0.3653,0.3943,0.165,0.1278,0.4993999999999999,0.48255,0.76145,0.81355,0.273,0.6457,0.16005,0.28245,0.4455999999999999,0.12835,0.5744,0.51625,0.53775,0.6971999999999999,0.39725,0.8131999999999999,0.6292,0.411,0.41805,0.2313,0.2176499999999999,0.0334,0.1783,0.50075,0.0203375,0.4118666666666667,420.0,74.0
ru,2025-10-18,16.0,14.0,,,,,,,,,,,,,,,,,,,,,,,,,,,,,,,,,
ru,2025-10-19,13.0,12.0,,,,,,,,,,,,,,,,,,,,,,,,,,,,,,,,,
ru,2025-10-20,17.0,15.0,,,,,,,,,,,,,,,,,,,,,,,,,,,,,,,,,
ru,2025-10-21,8.0,8.0,,,,,,,,,,,,,,,,,,,,,,,,,,,,,,,,,
ru,2025-10-22,12.0,12.0,,,,,,,,,,,,,,,,,,,,,,,,,,,,,,,,,
ru,2025-10-23,23.0,18.0,0.432695652173913,0.4041304347826087,0.4016956521739132,0.1758260869565217,0.1372173913043478,0.5324347826086956,0.5264782608695652,0.7716086956521739,0.8128695652173914,0.3073478260869565,0.6660869565217392,0.1911304347826087,0.3014782608695652,0.4728695652173912,0.143,0.5983478260869566,0.5482173913043478,0.5553043478260868,0.712913043478261,0.427695652173913,0.8205217391304346,0.6619565217391304,0.4365652173913044,0.4533913043478261,0.2575652173913043,0.2235652173913043,0.0468695652173913,0.2115652173913043,0.532608695652174,0.0187608695652173,0.4118695652173913,440.1304347826087,77.73913043478261
ru,2025-10-24,21.0,15.0,0.4982380952380952,0.4683333333333334,0.4566190476190476,0.2047619047619047,0.1667619047619047,0.5962857142857143,0.5965714285714285,0.8018095238095239,0.8276190476190476,0.3477619047619047,0.7234285714285714,0.2276666666666666,0.3468095238095238,0.5499999999999999,0.1673809523809523,0.6639999999999999,0.6163333333333333,0.6165714285714287,0.7648571428571428,0.4557619047619047,0.8721904761904762,0.7264761904761905,0.4722857142857142,0.5122857142857143,0.3015714285714285,0.2594285714285714,0.0567619047619047,0.2469047619047618,0.5856666666666666,0.0254642857142857,0.4273968253968254,647.6666666666666,116.1904761904762
ru,2025-10-25,29.0,25.0,0.3944137931034482,0.3616206896551724,0.3707931034482759,0.1612068965517241,0.1243448275862069,0.4813448275862069,0.4736206896551723,0.7378275862068964,0.8062068965517241,0.2608275862068965,0.6239310344827586,0.158103448275862,0.275448275862069,0.4194482758620689,0.1221724137931034,0.5647586206896552,0.510896551724138,0.5034137931034482,0.6926206896551725,0.39,0.7929310344827585,0.6257586206896552,0.4043793103448276,0.4180344827586206,0.2234482758620689,0.1933448275862069,0.0352413793103448,0.1791379310344827,0.4967931034482758,0.0191637931034482,0.3994597701149425,373.2068965517241,63.62068965517241
ru,2025-10-26,26.0,20.0,0.3218461538461538,0.277576923076923,0.3206923076923076,0.1280384615384615,0.0977692307692307,0.4072307692307693,0.3783846153846154,0.7090769230769229,0.7845769230769231,0.2112692307692308,0.5569999999999999,0.1141538461538461,0.2207307692307692,0.3353076923076923,0.0944615384615384,0.4888076923076923,0.4169615384615385,0.4623076923076923,0.6291153846153846,0.3726538461538461,0.7305384615384616,0.5442307692307692,0.3738076923076923,0.3393461538461538,0.181076923076923,0.1918461538461538,0.0232692307692307,0.1371153846153846,0.424,0.0095384615384615,0.3779358974358974,234.53846153846155,40.69230769230769
ru,2025-10-27,18.0,17.0,,,,,,,,,,,,,,,,,,,,,,,,,,,,,,,,,
ru,2025-10-28,19.0,16.0,,,,,,,,,,,,,,,,,,,,,,,,,,,,,,,,,
ru,2025-10-29,22.0,19.0,0.4595454545454546,0.4207272727272727,0.4195,0.1860454545454545,0.1477272727272727,0.5713636363636364,0.5510909090909091,0.7922272727272727,0.8198181818181819,0.3199090909090909,0.6971363636363637,0.1978636363636363,0.3110454545454545,0.5101818181818182,0.1432727272727272,0.621,0.5718181818181818,0.5972272727272728,0.7344999999999999,0.4322727272727272,0.8496363636363636,0.7012272727272728,0.4582727272727272,0.4618181818181818,0.2655,0.2325454545454545,0.0439090909090909,0.2124090909090909,0.5563181818181818,0.0119090909090909,0.4185606060606062,617.5909090909091,112.5
ru,2025-10-30,19.0,17.0,,,,,,,,,,,,,,,,,,,,,,,,,,,,,,,,,
ru,2025-10-31,19.0,14.0,,,,,,,,,,,,,,,,,,,,,,,,,,,,,,,,,
ru,2025-11-01,23.0,16.0,0.4866086956521738,0.4639565217391304,0.4439130434782608,0.1969130434782608,0.1602608695652174,0.5939565217391304,0.5910434782608696,0.8104347826086957,0.8247826086956521,0.3460869565217391,0.7300869565217392,0.2198695652173913,0.3422173913043478,0.5434782608695652,0.1588260869565217,0.6639565217391304,0.6174782608695653,0.6200434782608696,0.7673913043478262,0.4441304347826088,0.8750000000000001,0.7295217391304348,0.4696086956521738,0.5053913043478261,0.2811739130434783,0.2369130434782608,0.0488695652173912,0.2333478260869564,0.5917826086956521,0.0207391304347826,0.4248405797101449,590.5217391304348,102.91304347826087
ru,2025-11-02,26.0,24.0,0.4671538461538462,0.4342692307692308,0.4293076923076923,0.1906538461538461,0.1526153846153846,0.5605000000000001,0.5593846153846154,0.7870384615384616,0.8144615384615383,0.3235384615384615,0.6928846153846154,0.2008461538461538,0.3187307692307692,0.509923076923077,0.1486538461538461,0.6292307692307693,0.5752692307692308,0.597423076923077,0.7378846153846153,0.4313076923076923,0.844,0.6940384615384616,0.4531923076923077,0.4749615384615385,0.2703461538461538,0.2423461538461538,0.0476538461538461,0.2237692307692307,0.5588076923076923,0.0237884615384615,0.4176923076923077,584.7692307692307,102.46153846153848
ru,2025-11-03,25.0,19.0,0.43616,0.4028799999999999,0.4112399999999999,0.1825999999999999,0.14844,0.53404,0.5213599999999999,0.76184,0.8104799999999999,0.30984,0.6724400000000001,0.1934799999999999,0.30616,0.48388,0.15084,0.6020399999999999,0.54892,0.5726399999999999,0.7178,0.4326399999999999,0.82164,0.66396,0.43388,0.45016,0.2628,0.2441199999999999,0.04292,0.2101599999999999,0.53232,0.01698,0.4041866666666667,517.2,90.44
ru,2025-11-04,12.0,12.0,,,,,,,,,,,,,,,,,,,,,,,,,,,,,,,,,
ru,2025-11-05,18.0,16.0,,,,,,,,,,,,,,,,,,,,,,,,,,,,,,,,,
ru,2025-11-06,14.0,14.0,,,,,,,,,,,,,,,,,,,,,,,,,,,,,,,,,
ru,2025-11-07,14.0,14.0,,,,,,,,,,,,,,,,,,,,,,,,,,,,,,,,,
ru,2025-11-08,12.0,11.0,,,,,,,,,,,,,,,,,,,,,,,,,,,,,,,,,
ru,2025-11-09,18.0,17.0,,,,,,,,,,,,,,,,,,,,,,,,,,,,,,,,,
ru,2025-11-10,13.0,12.0,,,,,,,,,,,,,,,,,,,,,,,,,,,,,,,,,
ru,2025-11-11,23.0,21.0,0.4476086956521739,0.4131739130434783,0.4133478260869565,0.1807391304347826,0.1429130434782609,0.5460869565217391,0.540695652173913,0.7777826086956522,0.8170434782608696,0.3149130434782609,0.6722608695652174,0.1956521739130434,0.3119565217391304,0.4917391304347826,0.1426086956521739,0.6122173913043476,0.5589999999999999,0.5789565217391305,0.7304782608695654,0.4295652173913043,0.8376956521739131,0.6772173913043478,0.4390434782608695,0.460695652173913,0.2681304347826087,0.2299999999999999,0.0447826086956521,0.2155217391304347,0.5491739130434784,0.0192173913043478,0.4164202898550724,684.1739130434783,117.17391304347828
ru,2025-11-12,15.0,15.0,,,,,,,,,,,,,,,,,,,,,,,,,,,,,,,,,
ru,2025-11-13,23.0,18.0,0.4384782608695652,0.3971739130434783,0.4132173913043477,0.1774782608695652,0.1412608695652173,0.5311304347826087,0.5082608695652175,0.7648695652173912,0.8139565217391305,0.2950869565217391,0.6663043478260868,0.1804782608695652,0.2999130434782609,0.4741739130434783,0.1442173913043478,0.5944347826086956,0.5383043478260869,0.5444347826086957,0.7090434782608696,0.4166956521739131,0.8163478260869566,0.6500869565217391,0.4364347826086956,0.4481739130434782,0.2518260869565217,0.227,0.0405217391304347,0.2030869565217392,0.5244782608695653,0.0203913043478261,0.4139565217391304,549.5652173913044,99.6086956521739
ru,2025-11-14,9.0,9.0,,,,,,,,,,,,,,,,,,,,,,,,,,,,,,,,,
ru,2025-11-15,19.0,14.0,,,,,,,,,,,,,,,,,,,,,,,,,,,,,,,,,
ru,2025-11-16,20.0,18.0,0.4429,0.39575,0.39755,0.1759,0.1375499999999999,0.5326000000000001,0.5085999999999998,0.77155,0.8133000000000001,0.3025,0.67885,0.1932999999999999,0.29615,0.47145,0.1367499999999999,0.5894,0.5423,0.5487,0.71705,0.4124,0.8318999999999999,0.67815,0.4303,0.44245,0.2524999999999999,0.20665,0.04115,0.1993999999999999,0.52825,0.0179499999999999,0.4137,567.3,100.65
ru,2025-11-17,14.0,13.0,,,,,,,,,,,,,,,,,,,,,,,,,,,,,,,,,
ru,2025-11-18,21.0,19.0,0.4018571428571428,0.3569047619047619,0.3702380952380952,0.1622380952380952,0.1224285714285714,0.4816666666666666,0.4648095238095238,0.7435714285714287,0.806952380952381,0.2667142857142857,0.619,0.1593809523809523,0.2747619047619047,0.4186666666666666,0.1281904761904762,0.5428095238095237,0.493,0.5138095238095238,0.678,0.3967142857142857,0.7804761904761905,0.6141904761904761,0.4182857142857142,0.4130476190476191,0.2275714285714285,0.2107619047619047,0.0403809523809523,0.1850952380952381,0.4865714285714285,0.0207619047619047,0.403920634920635,489.6666666666667,89.80952380952381
ru,2025-11-19,16.0,16.0,,,,,,,,,,,,,,,,,,,,,,,,,,,,,,,,,
ru,2025-11-20,15.0,11.0,,,,,,,,,,,,,,,,,,,,,,,,,,,,,,,,,
ru,2025-11-21,16.0,16.0,,,,,,,,,,,,,,,,,,,,,,,,,,,,,,,,,
ru,2025-11-22,21.0,18.0,0.4255714285714286,0.3806190476190476,0.3916666666666666,0.1682380952380952,0.1339523809523809,0.518142857142857,0.5050476190476191,0.7587142857142857,0.8005238095238093,0.2881904761904762,0.6494285714285715,0.1765238095238095,0.2962857142857143,0.4582380952380951,0.1420952380952381,0.5790952380952381,0.5303333333333333,0.5373809523809524,0.6919047619047619,0.4267142857142856,0.8002380952380952,0.6483333333333332,0.4300000000000001,0.4395714285714286,0.2412857142857143,0.2226666666666666,0.0408571428571428,0.1957142857142856,0.5164761904761905,0.0154761904761904,0.4053015873015874,607.5238095238095,107.14285714285714
ru,2025-11-23,19.0,15.0,,,,,,,,,,,,,,,,,,,,,,,,,,,,,,,,,
ru,2025-11-24,10.0,9.0,,,,,,,,,,,,,,,,,,,,,,,,,,,,,,,,,
ru,2025-11-25,13.0,13.0,,,,,,,,,,,,,,,,,,,,,,,,,,,,,,,,,
ru,2025-11-26,13.0,12.0,,,,,,,,,,,,,,,,,,,,,,,,,,,,,,,,,
ru,2025-11-27,27.0,23.0,0.4266296296296296,0.3855925925925925,0.3895555555555556,0.1711111111111111,0.1477407407407407,0.5295185185185185,0.5131481481481481,0.7618148148148148,0.7925185185185185,0.2936666666666667,0.6578518518518519,0.1855555555555555,0.2926296296296296,0.4600370370370371,0.136037037037037,0.5878888888888889,0.5364814814814814,0.5373333333333334,0.703814814814815,0.4465185185185185,0.8133703703703704,0.666962962962963,0.4335925925925926,0.4472222222222222,0.2497777777777777,0.2455925925925926,0.0436296296296296,0.2009259259259259,0.5277777777777778,0.0045925925925925,0.3884938271604937,831.5185185185185,146.33333333333334
ru,2025-11-28,23.0,20.0,0.5214347826086957,0.4887391304347827,0.4703913043478261,0.2160434782608696,0.1711739130434782,0.6092608695652174,0.6196086956521739,0.8080869565217391,0.8289130434782609,0.3725217391304348,0.7236521739130434,0.2416086956521738,0.3642608695652174,0.5678695652173914,0.1787391304347826,0.6690434782608695,0.6286956521739131,0.6294347826086956,0.7627391304347826,0.4632608695652173,0.8577826086956521,0.7207391304347825,0.5017826086956522,0.5289130434782608,0.3095652173913044,0.2874782608695653,0.0621304347826087,0.2655652173913044,0.5998695652173913,0.0339347826086956,0.4357391304347826,885.3478260869565,159.30434782608697
ru,2025-11-29,26.0,24.0,0.4144230769230769,0.3716538461538461,0.3840384615384616,0.1633461538461538,0.1245384615384615,0.5045769230769231,0.4863461538461538,0.7549615384615382,0.809076923076923,0.2737692307692307,0.6650384615384616,0.1626153846153846,0.2863846153846153,0.4419999999999999,0.127076923076923,0.5707692307692308,0.5198846153846154,0.5319615384615385,0.7132307692307692,0.3991538461538461,0.807923076923077,0.6499230769230769,0.4138076923076924,0.4356923076923076,0.2306153846153846,0.197,0.037076923076923,0.1868461538461538,0.5095,0.0188076923076923,0.4113076923076923,488.8076923076923,82.84615384615384
ru,2025-11-30,17.0,12.0,,,,,,,,,,,,,,,,,,,,,,,,,,,,,,,,,
ru,2025-12-01,10.0,9.0,,,,,,,,,,,,,,,,,,,,,,,,,,,,,,,,,
ru,2025-12-02,14.0,12.0,,,,,,,,,,,,,,,,,,,,,,,,,,,,,,,,,
ru,2025-12-03,21.0,18.0,0.4325238095238095,0.3689999999999999,0.3791428571428571,0.1656190476190476,0.1281428571428571,0.5032380952380953,0.4810952380952381,0.7566666666666666,0.8107619047619048,0.2761904761904762,0.6441428571428572,0.1764285714285714,0.2764285714285714,0.440952380952381,0.1298095238095238,0.5587142857142856,0.5226190476190476,0.5233333333333334,0.697,0.4054761904761904,0.7933809523809524,0.6370952380952382,0.4233809523809523,0.429952380952381,0.2386190476190476,0.2049047619047619,0.0387142857142857,0.1845238095238095,0.4992857142857143,0.0208809523809523,0.4126666666666667,636.952380952381,112.33333333333331
ru,2025-12-04,18.0,18.0,,,,,,,,,,,,,,,,,,,,,,,,,,,,,,,,,
ru,2025-12-05,20.0,19.0,0.39785,0.3606499999999999,0.38515,0.1630999999999999,0.1307,0.5003,0.4730999999999999,0.7494000000000001,0.8057000000000001,0.27215,0.64615,0.1639,0.2779999999999999,0.44045,0.1277499999999999,0.56525,0.505,0.535,0.6895499999999999,0.41395,0.79525,0.62025,0.4093,0.4204,0.22995,0.22755,0.0364499999999999,0.18095,0.49895,0.0111875,0.3988666666666666,487.25,86.1
ru,2025-12-06,17.0,14.0,,,,,,,,,,,,,,,,,,,,,,,,,,,,,,,,,
ru,2025-12-07,17.0,15.0,,,,,,,,,,,,,,,,,,,,,,,,,,,,,,,,,
ru,2025-12-08,14.0,12.0,,,,,,,,,,,,,,,,,,,,,,,,,,,,,,,,,
ru,2025-12-09,15.0,15.0,,,,,,,,,,,,,,,,,,,,,,,,,,,,,,,,,
ru,2025-12-10,14.0,11.0,,,,,,,,,,,,,,,,,,,,,,,,,,,,,,,,,
ru,2025-12-11,21.0,18.0,0.4407619047619048,0.4099047619047619,0.407,0.1748571428571428,0.1411428571428571,0.5403333333333334,0.526952380952381,0.7788095238095238,0.8121428571428572,0.2996666666666667,0.6756190476190476,0.1894285714285714,0.3012857142857142,0.4820000000000001,0.1329523809523809,0.6022857142857142,0.5517619047619048,0.5616666666666665,0.7253333333333334,0.4175714285714286,0.8360952380952381,0.6797142857142856,0.4366190476190476,0.4441428571428571,0.2587619047619047,0.2168571428571428,0.043047619047619,0.2059047619047619,0.5369999999999999,0.0173928571428571,0.4121587301587301,628.7142857142857,109.9047619047619
ru,2025-12-12,16.0,14.0,,,,,,,,,,,,,,,,,,,,,,,,,,,,,,,,,
ru,2025-12-13,22.0,19.0,0.432090909090909,0.3848636363636363,0.4026363636363637,0.1721818181818181,0.1327272727272727,0.5147727272727273,0.5020454545454546,0.7599545454545453,0.8116818181818182,0.2794090909090909,0.6495,0.1699545454545454,0.2920909090909091,0.4562727272727272,0.1350909090909091,0.5888181818181818,0.5373636363636364,0.536909090909091,0.6989545454545455,0.4106818181818182,0.8135454545454546,0.6518636363636364,0.4275,0.4364545454545454,0.2410454545454545,0.2189090909090909,0.0383636363636363,0.1966363636363636,0.521818181818182,0.0241931818181818,0.4160757575757576,521.9090909090909,91.4090909090909
ru,2025-12-14,15.0,13.0,,,,,,,,,,,,,,,,,,,,,,,,,,,,,,,,,
ru,2025-12-15,16.0,12.0,,,,,,,,,,,,,,,,,,,,,,,,,,,,,,,,,
ru,2025-12-16,10.0,8.0,,,,,,,,,,,,,,,,,,,,,,,,,,,,,,,,,
ru,2025-12-17,18.0,15.0,,,,,,,,,,,,,,,,,,,,,,,,,,,,,,,,,
ru,2025-12-18,18.0,10.0,,,,,,,,,,,,,,,,,,,,,,,,,,,,,,,,,
ru,2025-12-19,11.0,10.0,,,,,,,,,,,,,,,,,,,,,,,,,,,,,,,,,
ru,2025-12-20,14.0,14.0,,,,,,,,,,,,,,,,,,,,,,,,,,,,,,,,,
ru,2025-12-21,17.0,15.0,,,,,,,,,,,,,,,,,,,,,,,,,,,,,,,,,
ru,2025-12-22,12.0,10.0,,,,,,,,,,,,,,,,,,,,,,,,,,,,,,,,,
ru,2025-12-23,13.0,12.0,,,,,,,,,,,,,,,,,,,,,,,,,,,,,,,,,
ru,2025-12-24,16.0,13.0,,,,,,,,,,,,,,,,,,,,,,,,,,,,,,,,,
ru,2025-12-25,13.0,11.0,,,,,,,,,,,,,,,,,,,,,,,,,,,,,,,,,
ru,2025-12-26,5.0,5.0,,,,,,,,,,,,,,,,,,,,,,,,,,,,,,,,,
ru,2025-12-27,11.0,11.0,,,,,,,,,,,,,,,,,,,,,,,,,,,,,,,,,
ru,2025-12-28,19.0,15.0,,,,,,,,,,,,,,,,,,,,,,,,,,,,,,,,,
ru,2025-12-29,8.0,7.0,,,,,,,,,,,,,,,,,,,,,,,,,,,,,,,,,
ru,2025-12-30,9.0,6.0,,,,,,,,,,,,,,,,,,,,,,,,,,,,,,,,,
ru,2025-12-31,11.0,10.0,,,,,,,,,,,,,,,,,,,,,,,,,,,,,,,,,
ru,2026-01-01,11.0,11.0,,,,,,,,,,,,,,,,,,,,,,,,,,,,,,,,,
ru,2026-01-02,23.0,18.0,0.4383913043478259,0.3940869565217391,0.3985652173913044,0.169695652173913,0.141695652173913,0.5177826086956522,0.511,0.7633043478260868,0.8118260869565218,0.3028695652173913,0.6551304347826087,0.1919565217391304,0.3005652173913042,0.466391304347826,0.1410434782608695,0.5880000000000001,0.536391304347826,0.5501739130434784,0.7020869565217391,0.4216086956521739,0.8044782608695651,0.6541739130434783,0.4371739130434782,0.4449565217391304,0.2550434782608696,0.218,0.0464347826086956,0.2094782608695652,0.5207391304347826,0.020445652173913,0.4078985507246377,659.2173913043479,111.34782608695652
ru,2026-01-03,14.0,13.0,,,,,,,,,,,,,,,,,,,,,,,,,,,,,,,,,
ru,2026-01-04,19.0,18.0,,,,,,,,,,,,,,,,,,,,,,,,,,,,,,,,,
ru,2026-01-05,13.0,12.0,,,,,,,,,,,,,,,,,,,,,,,,,,,,,,,,,
ru,2026-01-06,17.0,14.0,,,,,,,,,,,,,,,,,,,,,,,,,,,,,,,,,
ru,2026-01-07,15.0,12.0,,,,,,,,,,,,,,,,,,,,,,,,,,,,,,,,,
ru,2026-01-08,20.0,20.0,0.4662,0.4377,0.4375,0.1951,0.1571,0.5623,0.5498000000000001,0.78095,0.8131999999999999,0.3290499999999999,0.6909,0.2085,0.32535,0.51235,0.1579499999999999,0.62485,0.5737,0.5872999999999999,0.7344999999999999,0.4379499999999999,0.8406,0.68775,0.4512499999999999,0.4725499999999999,0.2762,0.2604,0.0481499999999999,0.2253999999999999,0.5545999999999999,0.024425,0.4152,673.35,119.5
ru,2026-01-09,18.0,17.0,,,,,,,,,,,,,,,,,,,,,,,,,,,,,,,,,
ru,2026-01-10,18.0,16.0,,,,,,,,,,,,,,,,,,,,,,,,,,,,,,,,,
ru,2026-01-11,14.0,10.0,,,,,,,,,,,,,,,,,,,,,,,,,,,,,,,,,
ru,2026-01-12,8.0,8.0,,,,,,,,,,,,,,,,,,,,,,,,,,,,,,,,,
ru,2026-01-13,6.0,6.0,,,,,,,,,,,,,,,,,,,,,,,,,,,,,,,,,
ru,2026-01-14,14.0,13.0,,,,,,,,,,,,,,,,,,,,,,,,,,,,,,,,,
ru,2026-01-15,18.0,14.0,,,,,,,,,,,,,,,,,,,,,,,,,,,,,,,,,
ru,2026-01-16,15.0,15.0,,,,,,,,,,,,,,,,,,,,,,,,,,,,,,,,,
ru,2026-01-17,18.0,15.0,,,,,,,,,,,,,,,,,,,,,,,,,,,,,,,,,
ru,2026-01-18,23.0,22.0,0.415,0.3689565217391304,0.3775652173913043,0.1667826086956521,0.1265652173913043,0.5088695652173912,0.4980434782608696,0.7610000000000001,0.8066956521739128,0.2776086956521739,0.6590869565217392,0.1648695652173913,0.2839565217391304,0.444,0.1304347826086956,0.5734782608695651,0.525,0.5383478260869566,0.7104347826086956,0.4063478260869565,0.8112173913043479,0.6512173913043479,0.4189130434782608,0.4295217391304348,0.2355652173913043,0.2061739130434782,0.038695652173913,0.1911304347826087,0.5181304347826087,0.0143586956521739,0.4065217391304348,425.3478260869565,74.04347826086956
ru,2026-01-19,17.0,16.0,,,,,,,,,,,,,,,,,,,,,,,,,,,,,,,,,
ru,2026-01-20,13.0,13.0,,,,,,,,,,,,,,,,,,,,,,,,,,,,,,,,,
ru,2026-01-21,24.0,19.0,0.4402083333333333,0.3958333333333333,0.4118333333333333,0.1724166666666666,0.1375833333333333,0.5277083333333333,0.5190833333333333,0.7764166666666666,0.8125,0.29475,0.6549166666666666,0.1825,0.297,0.4797083333333333,0.1372916666666666,0.59275,0.5426666666666666,0.5547916666666667,0.7250416666666665,0.4145833333333333,0.8248333333333333,0.6563333333333333,0.4344166666666666,0.4467083333333333,0.2532916666666667,0.220125,0.0402083333333333,0.1969583333333333,0.5295,0.0224270833333333,0.4172638888888889,499.625,87.83333333333333
ru,2026-01-22,23.0,16.0,0.4660869565217391,0.4295217391304348,0.4282173913043479,0.1904782608695652,0.1547391304347826,0.5592608695652175,0.5544347826086956,0.7895652173913045,0.8184782608695653,0.3283913043478261,0.691695652173913,0.2093478260869564,0.3260434782608696,0.5090869565217393,0.1579130434782608,0.6151304347826088,0.5724347826086957,0.5887391304347825,0.7268695652173914,0.4463478260869566,0.8308695652173913,0.6879130434782609,0.4590869565217392,0.4811739130434783,0.2734347826086956,0.2668260869565218,0.0495217391304347,0.2297391304347826,0.5544347826086955,0.0215760869565217,0.4161884057971015,802.2173913043479,141.3913043478261
ru,2026-01-23,19.0,12.0,,,,,,,,,,,,,,,,,,,,,,,,,,,,,,,,,
ru,2026-01-24,16.0,13.0,,,,,,,,,,,,,,,,,,,,,,,,,,,,,,,,,
ru,2026-01-25,15.0,13.0,,,,,,,,,,,,,,,,,,,,,,,,,,,,,,,,,
ru,2026-01-26,18.0,17.0,,,,,,,,,,,,,,,,,,,,,,,,,,,,,,,,,
ru,2026-01-27,16.0,16.0,,,,,,,,,,,,,,,,,,,,,,,,,,,,,,,,,
ru,2026-01-28,14.0,13.0,,,,,,,,,,,,,,,,,,,,,,,,,,,,,,,,,
ru,2026-01-29,14.0,11.0,,,,,,,,,,,,,,,,,,,,,,,,,,,,,,,,,
ru,2026-01-30,8.0,8.0,,,,,,,,,,,,,,,,,,,,,,,,,,,,,,,,,
ru,2026-01-31,16.0,15.0,,,,,,,,,,,,,,,,,,,,,,,,,,,,,,,,,
ru,2026-02-01,20.0,17.0,0.4504210526315789,0.414578947368421,0.4215263157894737,0.1906842105263158,0.1497894736842105,0.5553157894736842,0.5436842105263159,0.7891052631578948,0.8194736842105264,0.3105263157894737,0.6988421052631579,0.1851052631578947,0.3096842105263158,0.4983157894736843,0.149,0.6159473684210527,0.5611578947368421,0.5973157894736842,0.7404736842105263,0.4301052631578947,0.848842105263158,0.6875263157894738,0.4532105263157894,0.4731578947368421,0.2601052631578947,0.2458947368421052,0.0414210526315789,0.204578947368421,0.5484736842105263,0.0167499999999999,0.4140175438596492,566.25,101.1
ru,2026-02-02,20.0,15.0,0.42625,0.3840499999999999,0.39665,0.17365,0.13305,0.52505,0.50595,0.7837500000000001,0.8124500000000001,0.2787,0.66885,0.16665,0.2848,0.4517500000000001,0.1315499999999999,0.5902999999999999,0.5319999999999999,0.5376500000000001,0.7052,0.4066499999999999,0.82395,0.663,0.4309999999999999,0.4406499999999999,0.2383499999999999,0.2092999999999999,0.0343,0.1878,0.5197500000000002,0.0161,0.4120666666666667,407.35,73.45
ru,2026-02-03,11.0,9.0,,,,,,,,,,,,,,,,,,,,,,,,,,,,,,,,,
ru,2026-02-04,10.0,10.0,,,,,,,,,,,,,,,,,,,,,,,,,,,,,,,,,
ru,2026-02-05,16.0,11.0,,,,,,,,,,,,,,,,,,,,,,,,,,,,,,,,,
ru,2026-02-06,16.0,14.0,,,,,,,,,,,,,,,,,,,,,,,,,,,,,,,,,
ru,2026-02-07,20.0,18.0,0.44155,0.41665,0.40495,0.1759,0.1510999999999999,0.5489999999999998,0.53705,0.76155,0.81035,0.3219499999999999,0.6580999999999999,0.2136,0.31325,0.4993999999999999,0.14765,0.59925,0.5531,0.5733499999999999,0.7226,0.43565,0.8166,0.6712,0.4444000000000001,0.45455,0.2785499999999999,0.2339999999999999,0.05395,0.2271,0.5453,0.0097125,0.4011833333333333,852.2,150.2
ru,2026-02-08,16.0,14.0,,,,,,,,,,,,,,,,,,,,,,,,,,,,,,,,,
ru,2026-02-09,18.0,16.0,,,,,,,,,,,,,,,,,,,,,,,,,,,,,,,,,
ru,2026-02-10,11.0,11.0,,,,,,,,,,,,,,,,,,,,,,,,,,,,,,,,,
ru,2026-02-11,11.0,9.0,,,,,,,,,,,,,,,,,,,,,,,,,,,,,,,,,
ru,2026-02-12,18.0,14.0,,,,,,,,,,,,,,,,,,,,,,,,,,,,,,,,,
ru,2026-02-13,12.0,10.0,,,,,,,,,,,,,,,,,,,,,,,,,,,,,,,,,
ru,2026-02-14,14.0,12.0,,,,,,,,,,,,,,,,,,,,,,,,,,,,,,,,,
ru,2026-02-15,13.0,11.0,,,,,,,,,,,,,,,,,,,,,,,,,,,,,,,,,
ru,2026-02-16,15.0,14.0,,,,,,,,,,,,,,,,,,,,,,,,,,,,,,,,,
ru,2026-02-17,15.0,13.0,,,,,,,,,,,,,,,,,,,,,,,,,,,,,,,,,
ru,2026-02-18,18.0,11.0,,,,,,,,,,,,,,,,,,,,,,,,,,,,,,,,,
ru,2026-02-19,16.0,14.0,,,,,,,,,,,,,,,,,,,,,,,,,,,,,,,,,
ru,2026-02-20,14.0,11.0,,,,,,,,,,,,,,,,,,,,,,,,,,,,,,,,,
ru,2026-02-21,11.0,11.0,,,,,,,,,,,,,,,,,,,,,,,,,,,,,,,,,
ru,2026-02-22,19.0,15.0,,,,,,,,,,,,,,,,,,,,,,,,,,,,,,,,,
ru,2026-02-23,14.0,13.0,,,,,,,,,,,,,,,,,,,,,,,,,,,,,,,,,
ru,2026-02-24,14.0,11.0,,,,,,,,,,,,,,,,,,,,,,,,,,,,,,,,,
ru,2026-02-25,13.0,10.0,,,,,,,,,,,,,,,,,,,,,,,,,,,,,,,,,
ru,2026-02-26,11.0,9.0,,,,,,,,,,,,,,,,,,,,,,,,,,,,,,,,,
ru,2026-02-27,5.0,4.0,,,,,,,,,,,,,,,,,,,,,,,,,,,,,,,,,
ru,2026-02-28,20.0,12.0,0.3377894736842105,0.2854210526315789,0.321,0.1289999999999999,0.0976842105263157,0.3926315789473684,0.3691052631578946,0.6642631578947369,0.7957894736842106,0.2227894736842105,0.5296315789473683,0.1259999999999999,0.2264736842105263,0.3302631578947368,0.100578947368421,0.4666842105263158,0.3979999999999999,0.4162105263157895,0.5885789473684211,0.3682105263157894,0.6603684210526315,0.5217368421052632,0.3546842105263158,0.3318421052631579,0.1882631578947368,0.1818421052631579,0.0298421052631578,0.1449473684210526,0.4125263157894737,0.0231447368421052,0.3871754385964912,477.35,85.65
ru,2026-03-01,10.0,9.0,,,,,,,,,,,,,,,,,,,,,,,,,,,,,,,,,
ru,2026-03-02,12.0,11.0,,,,,,,,,,,,,,,,,,,,,,,,,,,,,,,,,
ru,2026-03-03,9.0,7.0,,,,,,,,,,,,,,,,,,,,,,,,,,,,,,,,,
ru,2026-03-04,15.0,14.0,,,,,,,,,,,,,,,,,,,,,,,,,,,,,,,,,
ru,2026-03-05,14.0,10.0,,,,,,,,,,,,,,,,,,,,,,,,,,,,,,,,,
ru,2026-03-06,10.0,10.0,,,,,,,,,,,,,,,,,,,,,,,,,,,,,,,,,
ru,2026-03-07,7.0,7.0,,,,,,,,,,,,,,,,,,,,,,,,,,,,,,,,,
ru,2026-03-08,8.0,7.0,,,,,,,,,,,,,,,,,,,,,,,,,,,,,,,,,
ru,2026-03-09,6.0,6.0,,,,,,,,,,,,,,,,,,,,,,,,,,,,,,,,,
ru,2026-03-10,10.0,9.0,,,,,,,,,,,,,,,,,,,,,,,,,,,,,,,,,
ru,2026-03-11,15.0,13.0,,,,,,,,,,,,,,,,,,,,,,,,,,,,,,,,,
ru,2026-03-12,6.0,6.0,,,,,,,,,,,,,,,,,,,,,,,,,,,,,,,,,
ru,2026-03-13,9.0,8.0,,,,,,,,,,,,,,,,,,,,,,,,,,,,,,,,,
ru,2026-03-14,4.0,4.0,,,,,,,,,,,,,,,,,,,,,,,,,,,,,,,,,
ru,2026-03-15,16.0,16.0,,,,,,,,,,,,,,,,,,,,,,,,,,,,,,,,,
ru,2026-03-16,6.0,6.0,,,,,,,,,,,,,,,,,,,,,,,,,,,,,,,,,
ru,2026-03-17,22.0,16.0,0.3822727272727272,0.3349999999999999,0.3566363636363636,0.1499545454545454,0.1145454545454545,0.4580454545454545,0.4413636363636363,0.7232727272727272,0.8000454545454545,0.2543181818181818,0.600909090909091,0.1452727272727272,0.2533636363636364,0.3987727272727271,0.1145454545454545,0.5335454545454545,0.4757727272727274,0.4863181818181817,0.655590909090909,0.3859999999999999,0.7592727272727273,0.6142727272727272,0.3937272727272727,0.3785,0.2183636363636364,0.1829545454545454,0.0337272727272727,0.1720454545454545,0.4767727272727274,0.0196704545454545,0.3984393939393939,437.6363636363636,75.31818181818181
ru,2026-03-18,7.0,7.0,,,,,,,,,,,,,,,,,,,,,,,,,,,,,,,,,
ru,2026-03-19,16.0,16.0,,,,,,,,,,,,,,,,,,,,,,,,,,,,,,,,,
ru,2026-03-20,13.0,11.0,,,,,,,,,,,,,,,,,,,,,,,,,,,,,,,,,
ru,2026-03-21,15.0,12.0,,,,,,,,,,,,,,,,,,,,,,,,,,,,,,,,,
ru,2026-03-22,11.0,9.0,,,,,,,,,,,,,,,,,,,,,,,,,,,,,,,,,
ru,2026-03-23,14.0,11.0,,,,,,,,,,,,,,,,,,,,,,,,,,,,,,,,,
ru,2026-03-24,13.0,11.0,,,,,,,,,,,,,,,,,,,,,,,,,,,,,,,,,
ru,2026-03-25,7.0,7.0,,,,,,,,,,,,,,,,,,,,,,,,,,,,,,,,,
ru,2026-03-26,8.0,8.0,,,,,,,,,,,,,,,,,,,,,,,,,,,,,,,,,
ru,2026-03-27,8.0,8.0,,,,,,,,,,,,,,,,,,,,,,,,,,,,,,,,,
ru,2026-03-28,9.0,8.0,,,,,,,,,,,,,,,,,,,,,,,,,,,,,,,,,
ru,2026-03-29,11.0,11.0,,,,,,,,,,,,,,,,,,,,,,,,,,,,,,,,,
ru,2026-03-30,9.0,8.0,,,,,,,,,,,,,,,,,,,,,,,,,,,,,,,,,
ru,2026-03-31,9.0,9.0,,,,,,,,,,,,,,,,,,,,,,,,,,,,,,,,,
ru,2026-04-01,10.0,9.0,,,,,,,,,,,,,,,,,,,,,,,,,,,,,,,,,
ru,2026-04-02,11.0,11.0,,,,,,,,,,,,,,,,,,,,,,,,,,,,,,,,,
ru,2026-04-03,10.0,10.0,,,,,,,,,,,,,,,,,,,,,,,,,,,,,,,,,
ru,2026-04-04,7.0,6.0,,,,,,,,,,,,,,,,,,,,,,,,,,,,,,,,,
ru,2026-04-05,8.0,8.0,,,,,,,,,,,,,,,,,,,,,,,,,,,,,,,,,
ru,2026-04-06,10.0,8.0,,,,,,,,,,,,,,,,,,,,,,,,,,,,,,,,,
ru,2026-04-07,5.0,5.0,,,,,,,,,,,,,,,,,,,,,,,,,,,,,,,,,
ru,2026-04-08,6.0,6.0,,,,,,,,,,,,,,,,,,,,,,,,,,,,,,,,,
ru,2026-04-09,6.0,3.0,,,,,,,,,,,,,,,,,,,,,,,,,,,,,,,,,
ru,2026-04-10,12.0,11.0,,,,,,,,,,,,,,,,,,,,,,,,,,,,,,,,,
ru,2026-04-11,14.0,13.0,,,,,,,,,,,,,,,,,,,,,,,,,,,,,,,,,
ru,2026-04-12,13.0,10.0,,,,,,,,,,,,,,,,,,,,,,,,,,,,,,,,,
ru,2026-04-13,14.0,12.0,,,,,,,,,,,,,,,,,,,,,,,,,,,,,,,,,
ru,2026-04-14,9.0,9.0,,,,,,,,,,,,,,,,,,,,,,,,,,,,,,,,,
ru,2026-04-15,14.0,12.0,,,,,,,,,,,,,,,,,,,,,,,,,,,,,,,,,
ru,2026-04-16,11.0,10.0,,,,,,,,,,,,,,,,,,,,,,,,,,,,,,,,,
ru,2026-04-17,15.0,14.0,,,,,,,,,,,,,,,,,,,,,,,,,,,,,,,,,
ru,2026-04-18,6.0,6.0,,,,,,,,,,,,,,,,,,,,,,,,,,,,,,,,,
ru,2026-04-19,9.0,8.0,,,,,,,,,,,,,,,,,,,,,,,,,,,,,,,,,
ru,2026-04-20,12.0,10.0,,,,,,,,,,,,,,,,,,,,,,,,,,,,,,,,,
ru,2026-04-21,9.0,8.0,,,,,,,,,,,,,,,,,,,,,,,,,,,,,,,,,
ru,2026-04-22,16.0,10.0,,,,,,,,,,,,,,,,,,,,,,,,,,,,,,,,,
ru,2026-04-23,11.0,10.0,,,,,,,,,,,,,,,,,,,,,,,,,,,,,,,,,
ru,2026-04-24,9.0,9.0,,,,,,,,,,,,,,,,,,,,,,,,,,,,,,,,,
ru,2026-04-25,5.0,5.0,,,,,,,,,,,,,,,,,,,,,,,,,,,,,,,,,
ru,2026-04-26,15.0,11.0,,,,,,,,,,,,,,,,,,,,,,,,,,,,,,,,,
ru,2026-04-27,9.0,8.0,,,,,,,,,,,,,,,,,,,,,,,,,,,,,,,,,
ru,2026-04-28,13.0,8.0,,,,,,,,,,,,,,,,,,,,,,,,,,,,,,,,,
ru,2026-04-29,8.0,7.0,,,,,,,,,,,,,,,,,,,,,,,,,,,,,,,,,
ru,2026-04-30,8.0,8.0,,,,,,,,,,,,,,,,,,,,,,,,,,,,,,,,,
ru,2026-05-01,12.0,10.0,,,,,,,,,,,,,,,,,,,,,,,,,,,,,,,,,
ru,2026-05-02,12.0,11.0,,,,,,,,,,,,,,,,,,,,,,,,,,,,,,,,,
ru,2026-05-03,12.0,12.0,,,,,,,,,,,,,,,,,,,,,,,,,,,,,,,,,
ru,2026-05-04,9.0,8.0,,,,,,,,,,,,,,,,,,,,,,,,,,,,,,,,,
ru,2026-05-05,12.0,12.0,,,,,,,,,,,,,,,,,,,,,,,,,,,,,,,,,
ru,2026-05-06,11.0,9.0,,,,,,,,,,,,,,,,,,,,,,,,,,,,,,,,,
ru,2026-05-07,5.0,5.0,,,,,,,,,,,,,,,,,,,,,,,,,,,,,,,,,
ru,2026-05-08,10.0,9.0,,,,,,,,,,,,,,,,,,,,,,,,,,,,,,,,,
ru,2026-05-09,12.0,11.0,,,,,,,,,,,,,,,,,,,,,,,,,,,,,,,,,
ru,2026-05-10,10.0,9.0,,,,,,,,,,,,,,,,,,,,,,,,,,,,,,,,,
ru,2026-05-11,8.0,8.0,,,,,,,,,,,,,,,,,,,,,,,,,,,,,,,,,
ru,2026-05-12,10.0,9.0,,,,,,,,,,,,,,,,,,,,,,,,,,,,,,,,,
ru,2026-05-13,18.0,13.0,,,,,,,,,,,,,,,,,,,,,,,,,,,,,,,,,
ru,2026-05-14,9.0,9.0,,,,,,,,,,,,,,,,,,,,,,,,,,,,,,,,,
ru,2026-05-15,9.0,8.0,,,,,,,,,,,,,,,,,,,,,,,,,,,,,,,,,
ru,2026-05-16,14.0,13.0,,,,,,,,,,,,,,,,,,,,,,,,,,,,,,,,,
ru,2026-05-17,8.0,7.0,,,,,,,,,,,,,,,,,,,,,,,,,,,,,,,,,
ru,2026-05-18,6.0,6.0,,,,,,,,,,,,,,,,,,,,,,,,,,,,,,,,,
ru,2026-05-19,8.0,8.0,,,,,,,,,,,,,,,,,,,,,,,,,,,,,,,,,
ru,2026-05-20,6.0,5.0,,,,,,,,,,,,,,,,,,,,,,,,,,,,,,,,,
ru,2026-05-21,10.0,10.0,,,,,,,,,,,,,,,,,,,,,,,,,,,,,,,,,
ru,2026-05-22,8.0,8.0,,,,,,,,,,,,,,,,,,,,,,,,,,,,,,,,,
ru,2026-05-23,10.0,8.0,,,,,,,,,,,,,,,,,,,,,,,,,,,,,,,,,
ru,2026-05-24,18.0,14.0,,,,,,,,,,,,,,,,,,,,,,,,,,,,,,,,,
ru,2026-05-25,11.0,10.0,,,,,,,,,,,,,,,,,,,,,,,,,,,,,,,,,
ru,2026-05-26,11.0,10.0,,,,,,,,,,,,,,,,,,,,,,,,,,,,,,,,,
ru,2026-05-27,8.0,6.0,,,,,,,,,,,,,,,,,,,,,,,,,,,,,,,,,
ru,2026-05-28,8.0,8.0,,,,,,,,,,,,,,,,,,,,,,,,,,,,,,,,,
ru,2026-05-29,6.0,6.0,,,,,,,,,,,,,,,,,,,,,,,,,,,,,,,,,
ru,2026-05-30,7.0,7.0,,,,,,,,,,,,,,,,,,,,,,,,,,,,,,,,,
ru,2026-05-31,11.0,10.0,,,,,,,,,,,,,,,,,,,,,,,,,,,,,,,,,
ru,2026-06-01,16.0,9.0,,,,,,,,,,,,,,,,,,,,,,,,,,,,,,,,,
ru,2026-06-02,10.0,6.0,,,,,,,,,,,,,,,,,,,,,,,,,,,,,,,,,
ru,2026-06-03,21.0,11.0,0.4289047619047619,0.3755714285714285,0.391952380952381,0.169047619047619,0.1284761904761904,0.5266190476190477,0.4989047619047619,0.7828571428571429,0.8153809523809524,0.2832380952380952,0.669095238095238,0.1731904761904761,0.2777142857142857,0.455904761904762,0.1256666666666666,0.5883809523809523,0.5382857142857143,0.5498095238095239,0.7135714285714287,0.4034761904761905,0.8351428571428573,0.681,0.4387142857142856,0.4343333333333333,0.2394285714285714,0.1950952380952381,0.0344285714285714,0.184047619047619,0.5232857142857142,0.0138214285714285,0.4169365079365079,376.7619047619048,66.33333333333333
ru,2026-06-04,8.0,6.0,,,,,,,,,,,,,,,,,,,,,,,,,,,,,,,,,
ru,2026-06-05,12.0,6.0,,,,,,,,,,,,,,,,,,,,,,,,,,,,,,,,,
ru,2026-06-06,6.0,4.0,,,,,,,,,,,,,,,,,,,,,,,,,,,,,,,,,
ru,2026-06-07,15.0,8.0,,,,,,,,,,,,,,,,,,,,,,,,,,,,,,,,,
ru,2026-06-08,19.0,12.0,,,,,,,,,,,,,,,,,,,,,,,,,,,,,,,,,
ru,2026-06-09,6.0,5.0,,,,,,,,,,,,,,,,,,,,,,,,,,,,,,,,,
ru,2026-06-10,4.0,4.0,,,,,,,,,,,,,,,,,,,,,,,,,,,,,,,,,
ru,2026-06-11,5.0,4.0,,,,,,,,,,,,,,,,,,,,,,,,,,,,,,,,,
ru,2026-06-12,9.0,5.0,,,,,,,,,,,,,,,,,,,,,,,,,,,,,,,,,
ru,2026-06-13,13.0,10.0,,,,,,,,,,,,,,,,,,,,,,,,,,,,,,,,,
ru,2026-06-14,10.0,5.0,,,,,,,,,,,,,,,,,,,,,,,,,,,,,,,,,
ru,2026-06-15,6.0,3.0,,,,,,,,,,,,,,,,,,,,,,,,,,,,,,,,,
ru,2026-06-16,5.0,5.0,,,,,,,,,,,,,,,,,,,,,,,,,,,,,,,,,
ru,2026-06-17,15.0,8.0,,,,,,,,,,,,,,,,,,,,,,,,,,,,,,,,,
ru,2026-06-18,9.0,7.0,,,,,,,,,,,,,,,,,,,,,,,,,,,,,,,,,
ru,2026-06-19,5.0,5.0,,,,,,,,,,,,,,,,,,,,,,,,,,,,,,,,,
ru,2026-06-20,4.0,4.0,,,,,,,,,,,,,,,,,,,,,,,,,,,,,,,,,
ru,2026-06-21,9.0,7.0,,,,,,,,,,,,,,,,,,,,,,,,,,,,,,,,,
ru,2026-06-22,4.0,3.0,,,,,,,,,,,,,,,,,,,,,,,,,,,,,,,,,
ru,2026-06-23,8.0,6.0,,,,,,,,,,,,,,,,,,,,,,,,,,,,,,,,,
ru,2026-06-24,9.0,7.0,,,,,,,,,,,,,,,,,,,,,,,,,,,,,,,,,
ru,2026-06-25,5.0,5.0,,,,,,,,,,,,,,,,,,,,,,,,,,,,,,,,,
ru,2026-06-26,12.0,7.0,,,,,,,,,,,,,,,,,,,,,,,,,,,,,,,,,
ru,2026-06-27,7.0,6.0,,,,,,,,,,,,,,,,,,,,,,,,,,,,,,,,,
ru,2026-06-28,4.0,4.0,,,,,,,,,,,,,,,,,,,,,,,,,,,,,,,,,
ru,2026-06-29,1.0,1.0,,,,,,,,,,,,,,,,,,,,,,,,,,,,,,,,,
ru,2026-06-30,1.0,1.0,,,,,,,,,,,,,,,,,,,,,,,,,,,,,,,,,
ru,2026-07-01,5.0,4.0,,,,,,,,,,,,,,,,,,,,,,,,,,,,,,,,,
ru,2026-07-02,5.0,4.0,,,,,,,,,,,,,,,,,,,,,,,,,,,,,,,,,
ru,2026-07-03,5.0,4.0,,,,,,,,,,,,,,,,,,,,,,,,,,,,,,,,,
ru,2026-07-04,7.0,4.0,,,,,,,,,,,,,,,,,,,,,,,,,,,,,,,,,
ru,2026-07-05,6.0,6.0,,,,,,,,,,,,,,,,,,,,,,,,,,,,,,,,,
ru,2026-07-06,9.0,7.0,,,,,,,,,,,,,,,,,,,,,,,,,,,,,,,,,
ru,2026-07-07,9.0,8.0,,,,,,,,,,,,,,,,,,,,,,,,,,,,,,,,,
ru,2026-07-08,6.0,6.0,,,,,,,,,,,,,,,,,,,,,,,,,,,,,,,,,
ru,2026-07-09,2.0,2.0,,,,,,,,,,,,,,,,,,,,,,,,,,,,,,,,,
